php_name	csharp_name	file	kind	lines	file_triage	build
prepareString	PrepareString	ajax_5_import_csv_to_db.php	php	349	mentioned	partial-file
u_curl	UCurl	api/UCatalog/api.php	php	264	mentioned	partial-file
epc_crossbase_json	EpcCrossbaseJson	api/crossbase_status.php	php	133	mentioned	partial-file
epc_oauth_callback_fail	EpcOauthCallbackFail	api/epc_oauth_callback.php	php	79	mentioned	partial-file
epc_lax_action_aftermarket	EpcLaxActionAftermarket	api/laximo_proxy.php	php	1565	mentioned	partial-file
epc_lax_action_applicability	EpcLaxActionApplicability	api/laximo_proxy.php	php	1565	mentioned	partial-file
epc_lax_action_catalogs	EpcLaxActionCatalogs	api/laximo_proxy.php	php	1565	mentioned	partial-file
epc_lax_action_categories	EpcLaxActionCategories	api/laximo_proxy.php	php	1565	mentioned	partial-file
epc_lax_action_find_vehicle	EpcLaxActionFindVehicle	api/laximo_proxy.php	php	1565	mentioned	partial-file
epc_lax_action_part_refs	EpcLaxActionPartRefs	api/laximo_proxy.php	php	1565	mentioned	partial-file
epc_lax_action_part_search	EpcLaxActionPartSearch	api/laximo_proxy.php	php	1565	mentioned	partial-file
epc_lax_action_quick_details	EpcLaxActionQuickDetails	api/laximo_proxy.php	php	1565	mentioned	partial-file
epc_lax_action_quick_groups	EpcLaxActionQuickGroups	api/laximo_proxy.php	php	1565	mentioned	partial-file
epc_lax_action_sync	EpcLaxActionSync	api/laximo_proxy.php	php	1565	mentioned	partial-file
epc_lax_action_sync_status	EpcLaxActionSyncStatus	api/laximo_proxy.php	php	1565	mentioned	partial-file
epc_lax_action_unit_details	EpcLaxActionUnitDetails	api/laximo_proxy.php	php	1565	mentioned	partial-file
epc_lax_action_units	EpcLaxActionUnits	api/laximo_proxy.php	php	1565	mentioned	partial-file
epc_lax_action_vehicle_info	EpcLaxActionVehicleInfo	api/laximo_proxy.php	php	1565	mentioned	partial-file
epc_lax_action_wizard	EpcLaxActionWizard	api/laximo_proxy.php	php	1565	mentioned	partial-file
epc_lax_action_wizard_next	EpcLaxActionWizardNext	api/laximo_proxy.php	php	1565	mentioned	partial-file
epc_lax_am_credentials	EpcLaxAmCredentials	api/laximo_proxy.php	php	1565	mentioned	partial-file
epc_lax_attrs_of	EpcLaxAttrsOf	api/laximo_proxy.php	php	1565	mentioned	partial-file
epc_lax_cache_delete	EpcLaxCacheDelete	api/laximo_proxy.php	php	1565	mentioned	partial-file
epc_lax_cache_get	EpcLaxCacheGet	api/laximo_proxy.php	php	1565	mentioned	partial-file
epc_lax_cache_key	EpcLaxCacheKey	api/laximo_proxy.php	php	1565	mentioned	partial-file
epc_lax_cache_set	EpcLaxCacheSet	api/laximo_proxy.php	php	1565	mentioned	partial-file
epc_lax_catalogs_usable	EpcLaxCatalogsUsable	api/laximo_proxy.php	php	1565	mentioned	partial-file
epc_lax_collect_oem_rows	EpcLaxCollectOemRows	api/laximo_proxy.php	php	1565	mentioned	partial-file
epc_lax_config	EpcLaxConfig	api/laximo_proxy.php	php	1565	mentioned	partial-file
epc_lax_db	EpcLaxDb	api/laximo_proxy.php	php	1565	mentioned	partial-file
epc_lax_ensure_tables	EpcLaxEnsureTables	api/laximo_proxy.php	php	1565	mentioned	partial-file
epc_lax_flatten_quick_groups	EpcLaxFlattenQuickGroups	api/laximo_proxy.php	php	1565	mentioned	partial-file
epc_lax_json	EpcLaxJson	api/laximo_proxy.php	php	1565	mentioned	partial-file
epc_lax_load_xml	EpcLaxLoadXml	api/laximo_proxy.php	php	1565	mentioned	partial-file
epc_lax_oem_credentials	EpcLaxOemCredentials	api/laximo_proxy.php	php	1565	mentioned	partial-file
epc_lax_param	EpcLaxParam	api/laximo_proxy.php	php	1565	mentioned	partial-file
epc_lax_parse_aftermarket	EpcLaxParseAftermarket	api/laximo_proxy.php	php	1565	mentioned	partial-file
epc_lax_parse_catalogs	EpcLaxParseCatalogs	api/laximo_proxy.php	php	1565	mentioned	partial-file
epc_lax_parse_categories	EpcLaxParseCategories	api/laximo_proxy.php	php	1565	mentioned	partial-file
epc_lax_parse_details	EpcLaxParseDetails	api/laximo_proxy.php	php	1565	mentioned	partial-file
epc_lax_parse_quick_group_node	EpcLaxParseQuickGroupNode	api/laximo_proxy.php	php	1565	mentioned	partial-file
epc_lax_parse_quick_groups	EpcLaxParseQuickGroups	api/laximo_proxy.php	php	1565	mentioned	partial-file
epc_lax_parse_units	EpcLaxParseUnits	api/laximo_proxy.php	php	1565	mentioned	partial-file
epc_lax_parse_vehicles	EpcLaxParseVehicles	api/laximo_proxy.php	php	1565	mentioned	partial-file
epc_lax_parse_wizard	EpcLaxParseWizard	api/laximo_proxy.php	php	1565	mentioned	partial-file
epc_lax_soap_call	EpcLaxSoapCall	api/laximo_proxy.php	php	1565	mentioned	partial-file
epc_lax_soap_endpoints	EpcLaxSoapEndpoints	api/laximo_proxy.php	php	1565	mentioned	partial-file
epc_lax_soap_normalize_result	EpcLaxSoapNormalizeResult	api/laximo_proxy.php	php	1565	mentioned	partial-file
epc_lax_sync_catalogs	EpcLaxSyncCatalogs	api/laximo_proxy.php	php	1565	mentioned	partial-file
epc_lax_xml_find	EpcLaxXmlFind	api/laximo_proxy.php	php	1565	mentioned	partial-file
epc_lax_xml_to_array	EpcLaxXmlToArray	api/laximo_proxy.php	php	1565	mentioned	partial-file
epc_api_prices_clear_dir	EpcApiPricesClearDir	api/prices/upload_price.php	php	177	mentioned	partial-file
epc_api_prices_import_csv_to_db	EpcApiPricesImportCsvToDb	api/prices/upload_price.php	php	177	mentioned	partial-file
epc_brand_parts_payload	EpcBrandPartsPayload	api/umapi_proxy.php	php	2094	mentioned	partial-file
epc_build_query	EpcBuildQuery	api/umapi_proxy.php	php	2094	mentioned	partial-file
epc_cache_ttl_for_action	EpcCacheTtlForAction	api/umapi_proxy.php	php	2094	mentioned	partial-file
epc_cacheable_action	EpcCacheableAction	api/umapi_proxy.php	php	2094	mentioned	partial-file
epc_cached_brands_payload	EpcCachedBrandsPayload	api/umapi_proxy.php	php	2094	mentioned	partial-file
epc_cached_manufacturers_payload	EpcCachedManufacturersPayload	api/umapi_proxy.php	php	2094	mentioned	partial-file
epc_cached_models_payload	EpcCachedModelsPayload	api/umapi_proxy.php	php	2094	mentioned	partial-file
epc_cached_modifications_payload	EpcCachedModificationsPayload	api/umapi_proxy.php	php	2094	mentioned	partial-file
epc_cached_vin_payload	EpcCachedVinPayload	api/umapi_proxy.php	php	2094	mentioned	partial-file
epc_call_umapi	EpcCallUmapi	api/umapi_proxy.php	php	2094	mentioned	partial-file
epc_clean_code	EpcCleanCode	api/umapi_proxy.php	php	2094	mentioned	partial-file
epc_config	EpcConfig	api/umapi_proxy.php	php	2094	mentioned	partial-file
epc_config_key	EpcConfigKey	api/umapi_proxy.php	php	2094	mentioned	partial-file
epc_count_rows	EpcCountRows	api/umapi_proxy.php	php	2094	mentioned	partial-file
epc_db	EpcDb	api/umapi_proxy.php	php	2094	mentioned	partial-file
epc_engine_code_valid	EpcEngineCodeValid	api/umapi_proxy.php	php	2094	mentioned	partial-file
epc_engine_matches_code	EpcEngineMatchesCode	api/umapi_proxy.php	php	2094	mentioned	partial-file
epc_engine_search_payload	EpcEngineSearchPayload	api/umapi_proxy.php	php	2094	mentioned	partial-file
epc_engine_search_priority_brands	EpcEngineSearchPriorityBrands	api/umapi_proxy.php	php	2094	mentioned	partial-file
epc_engines_for_manufacturer	EpcEnginesForManufacturer	api/umapi_proxy.php	php	2094	mentioned	partial-file
epc_engines_list_items	EpcEnginesListItems	api/umapi_proxy.php	php	2094	mentioned	partial-file
epc_ensure_cache_tables	EpcEnsureCacheTables	api/umapi_proxy.php	php	2094	mentioned	partial-file
epc_first_non_empty	EpcFirstNonEmpty	api/umapi_proxy.php	php	2094	mentioned	partial-file
epc_get_cached_response	EpcGetCachedResponse	api/umapi_proxy.php	php	2094	mentioned	partial-file
epc_json_response	EpcJsonResponse	api/umapi_proxy.php	php	2094	mentioned	partial-file
epc_manufacturers_for_engine_search	EpcManufacturersForEngineSearch	api/umapi_proxy.php	php	2094	mentioned	partial-file
epc_normalize_article_item	EpcNormalizeArticleItem	api/umapi_proxy.php	php	2094	mentioned	partial-file
epc_normalize_article_payload	EpcNormalizeArticlePayload	api/umapi_proxy.php	php	2094	mentioned	partial-file
epc_normalize_list_payload	EpcNormalizeListPayload	api/umapi_proxy.php	php	2094	mentioned	partial-file
epc_normalize_products_payload	EpcNormalizeProductsPayload	api/umapi_proxy.php	php	2094	mentioned	partial-file
epc_passthrough_params	EpcPassthroughParams	api/umapi_proxy.php	php	2094	mentioned	partial-file
epc_payload_from_raw_rows	EpcPayloadFromRawRows	api/umapi_proxy.php	php	2094	mentioned	partial-file
epc_request_value	EpcRequestValue	api/umapi_proxy.php	php	2094	mentioned	partial-file
epc_save_cached_response	EpcSaveCachedResponse	api/umapi_proxy.php	php	2094	mentioned	partial-file
epc_save_denormalized	EpcSaveDenormalized	api/umapi_proxy.php	php	2094	mentioned	partial-file
epc_save_sync_status	EpcSaveSyncStatus	api/umapi_proxy.php	php	2094	mentioned	partial-file
epc_save_vin_cache	EpcSaveVinCache	api/umapi_proxy.php	php	2094	mentioned	partial-file
epc_section	EpcSection	api/umapi_proxy.php	php	2094	mentioned	partial-file
epc_serve_offline_fallback	EpcServeOfflineFallback	api/umapi_proxy.php	php	2094	mentioned	partial-file
epc_sort_manufacturers_for_engine_search	EpcSortManufacturersForEngineSearch	api/umapi_proxy.php	php	2094	mentioned	partial-file
epc_status_payload	EpcStatusPayload	api/umapi_proxy.php	php	2094	mentioned	partial-file
epc_umapi_brands_offline_payload	EpcUmapiBrandsOfflinePayload	api/umapi_proxy.php	php	2094	mentioned	partial-file
epc_umapi_current_action	EpcUmapiCurrentAction	api/umapi_proxy.php	php	2094	mentioned	partial-file
epc_umapi_daily_limit	EpcUmapiDailyLimit	api/umapi_proxy.php	php	2094	mentioned	partial-file
epc_umapi_detect_source	EpcUmapiDetectSource	api/umapi_proxy.php	php	2094	mentioned	partial-file
epc_umapi_log_access	EpcUmapiLogAccess	api/umapi_proxy.php	php	2094	mentioned	partial-file
epc_umapi_raw_get	EpcUmapiRawGet	api/umapi_proxy.php	php	2094	mentioned	partial-file
epc_umapi_recent_events	EpcUmapiRecentEvents	api/umapi_proxy.php	php	2094	mentioned	partial-file
epc_umapi_today_live_count	EpcUmapiTodayLiveCount	api/umapi_proxy.php	php	2094	mentioned	partial-file
epc_umapi_usage_report	EpcUmapiUsageReport	api/umapi_proxy.php	php	2094	mentioned	partial-file
epc_umapi_usage_summary	EpcUmapiUsageSummary	api/umapi_proxy.php	php	2094	mentioned	partial-file
epc_vehicle_type	EpcVehicleType	api/umapi_proxy.php	php	2094	mentioned	partial-file
epc_vehicle_type_list	EpcVehicleTypeList	api/umapi_proxy.php	php	2094	mentioned	partial-file
epc_vin_decode_data	EpcVinDecodeData	api/umapi_proxy.php	php	2094	mentioned	partial-file
epc_vin_response_has_data	EpcVinResponseHasData	api/umapi_proxy.php	php	2094	mentioned	partial-file
epc_vin_summary_from_payload	EpcVinSummaryFromPayload	api/umapi_proxy.php	php	2094	mentioned	partial-file
epc_vin_vehicle_count	EpcVinVehicleCount	api/umapi_proxy.php	php	2094	mentioned	partial-file
epc_bos_ajax_ai_classification	EpcBosAjaxAiClassification	bos/ajax_epc_bos.php	php	2586	mentioned	partial-file
epc_bos_ajax_ai_copilot	EpcBosAjaxAiCopilot	bos/ajax_epc_bos.php	php	2586	mentioned	partial-file
epc_bos_ajax_bi_metrics	EpcBosAjaxBiMetrics	bos/ajax_epc_bos.php	php	2586	mentioned	partial-file
epc_bos_ajax_collections_dunning	EpcBosAjaxCollectionsDunning	bos/ajax_epc_bos.php	php	2586	mentioned	partial-file
epc_bos_ajax_config_sandbox	EpcBosAjaxConfigSandbox	bos/ajax_epc_bos.php	php	2586	mentioned	partial-file
epc_bos_ajax_credit_limits	EpcBosAjaxCreditLimits	bos/ajax_epc_bos.php	php	2586	mentioned	partial-file
epc_bos_ajax_db_migrations	EpcBosAjaxDbMigrations	bos/ajax_epc_bos.php	php	2586	mentioned	partial-file
epc_bos_ajax_dealer_portal	EpcBosAjaxDealerPortal	bos/ajax_epc_bos.php	php	2586	mentioned	partial-file
epc_bos_ajax_design_tokens	EpcBosAjaxDesignTokens	bos/ajax_epc_bos.php	php	2586	mentioned	partial-file
epc_bos_ajax_document_vault	EpcBosAjaxDocumentVault	bos/ajax_epc_bos.php	php	2586	mentioned	partial-file
epc_bos_ajax_events	EpcBosAjaxEvents	bos/ajax_epc_bos.php	php	2586	mentioned	partial-file
epc_bos_ajax_fleet_health	EpcBosAjaxFleetHealth	bos/ajax_epc_bos.php	php	2586	mentioned	partial-file
epc_bos_ajax_fulfillment	EpcBosAjaxFulfillment	bos/ajax_epc_bos.php	php	2586	mentioned	partial-file
epc_bos_ajax_import_orchestrator	EpcBosAjaxImportOrchestrator	bos/ajax_epc_bos.php	php	2586	mentioned	partial-file
epc_bos_ajax_industry_packs	EpcBosAjaxIndustryPacks	bos/ajax_epc_bos.php	php	2586	mentioned	partial-file
epc_bos_ajax_inventory_forecast	EpcBosAjaxInventoryForecast	bos/ajax_epc_bos.php	php	2586	mentioned	partial-file
epc_bos_ajax_isolation_audit	EpcBosAjaxIsolationAudit	bos/ajax_epc_bos.php	php	2586	mentioned	partial-file
epc_bos_ajax_marketplace	EpcBosAjaxMarketplace	bos/ajax_epc_bos.php	php	2586	mentioned	partial-file
epc_bos_ajax_mfa_policy	EpcBosAjaxMfaPolicy	bos/ajax_epc_bos.php	php	2586	mentioned	partial-file
epc_bos_ajax_mfa_stats	EpcBosAjaxMfaStats	bos/ajax_epc_bos.php	php	2586	mentioned	partial-file
epc_bos_ajax_multi_currency	EpcBosAjaxMultiCurrency	bos/ajax_epc_bos.php	php	2586	mentioned	partial-file
epc_bos_ajax_multi_entity	EpcBosAjaxMultiEntity	bos/ajax_epc_bos.php	php	2586	mentioned	partial-file
epc_bos_ajax_nl_reporting	EpcBosAjaxNlReporting	bos/ajax_epc_bos.php	php	2586	mentioned	partial-file
epc_bos_ajax_notifications	EpcBosAjaxNotifications	bos/ajax_epc_bos.php	php	2586	mentioned	partial-file
epc_bos_ajax_order_erp_pipeline	EpcBosAjaxOrderErpPipeline	bos/ajax_epc_bos.php	php	2586	mentioned	partial-file
epc_bos_ajax_po_approval	EpcBosAjaxPoApproval	bos/ajax_epc_bos.php	php	2586	mentioned	partial-file
epc_bos_ajax_promotions	EpcBosAjaxPromotions	bos/ajax_epc_bos.php	php	2586	mentioned	partial-file
epc_bos_ajax_readiness_score	EpcBosAjaxReadinessScore	bos/ajax_epc_bos.php	php	2586	mentioned	partial-file
epc_bos_ajax_rest_api	EpcBosAjaxRestApi	bos/ajax_epc_bos.php	php	2586	mentioned	partial-file
epc_bos_ajax_role_management	EpcBosAjaxRoleManagement	bos/ajax_epc_bos.php	php	2586	mentioned	partial-file
epc_bos_ajax_soc2_compliance	EpcBosAjaxSoc2Compliance	bos/ajax_epc_bos.php	php	2586	mentioned	partial-file
epc_bos_ajax_sso_saml	EpcBosAjaxSsoSaml	bos/ajax_epc_bos.php	php	2586	mentioned	partial-file
epc_bos_ajax_subscription_billing	EpcBosAjaxSubscriptionBilling	bos/ajax_epc_bos.php	php	2586	mentioned	partial-file
epc_bos_ajax_switch_tenant	EpcBosAjaxSwitchTenant	bos/ajax_epc_bos.php	php	2586	mentioned	partial-file
epc_bos_ajax_system_health	EpcBosAjaxSystemHealth	bos/ajax_epc_bos.php	php	2586	mentioned	partial-file
epc_bos_ajax_tenant_compliance	EpcBosAjaxTenantCompliance	bos/ajax_epc_bos.php	php	2586	mentioned	partial-file
epc_bos_ajax_tenant_config	EpcBosAjaxTenantConfig	bos/ajax_epc_bos.php	php	2586	mentioned	partial-file
epc_bos_ajax_tenant_info	EpcBosAjaxTenantInfo	bos/ajax_epc_bos.php	php	2586	mentioned	partial-file
epc_bos_ajax_tenant_list	EpcBosAjaxTenantList	bos/ajax_epc_bos.php	php	2586	mentioned	partial-file
epc_bos_ajax_warranty_rma	EpcBosAjaxWarrantyRma	bos/ajax_epc_bos.php	php	2586	mentioned	partial-file
epc_bos_ajax_webhooks	EpcBosAjaxWebhooks	bos/ajax_epc_bos.php	php	2586	mentioned	partial-file
epc_bos_ajax_workflow_builder	EpcBosAjaxWorkflowBuilder	bos/ajax_epc_bos.php	php	2586	mentioned	partial-file
epc_bos_ajax_wps_payroll	EpcBosAjaxWpsPayroll	bos/ajax_epc_bos.php	php	2586	mentioned	partial-file
deploy_copy_tree	DeployCopyTree	chunk-receiver.php	php	53	mentioned	partial-file
brandLogoHtml	BrandLogoHtml	content/available_brands.php	js	341	mentioned	browser-js
brandPriceCell	BrandPriceCell	content/available_brands.php	js	341	mentioned	browser-js
brandStockCell	BrandStockCell	content/available_brands.php	js	341	mentioned	browser-js
buildLetters	BuildLetters	content/available_brands.php	js	341	mentioned	browser-js
ensureLoaded	EnsureLoaded	content/available_brands.php	js	341	mentioned	browser-js
filteredItems	FilteredItems	content/available_brands.php	js	341	mentioned	browser-js
flagHtml	FlagHtml	content/available_brands.php	js	341	mentioned	browser-js
loadBrandParts	LoadBrandParts	content/available_brands.php	js	341	mentioned	browser-js
loadParts	LoadParts	content/available_brands.php	js	341	mentioned	browser-js
loadVehicles	LoadVehicles	content/available_brands.php	js	341	mentioned	browser-js
logoProxyUrl	LogoProxyUrl	content/available_brands.php	js	341	mentioned	browser-js
normalizeLetter	NormalizeLetter	content/available_brands.php	js	341	mentioned	browser-js
renderBrandParts	RenderBrandParts	content/available_brands.php	js	341	mentioned	browser-js
showError	ShowError	content/available_brands.php	js	341	mentioned	browser-js
showLoading	ShowLoading	content/available_brands.php	js	341	mentioned	browser-js
vehicleRequest	VehicleRequest	content/available_brands.php	js	341	mentioned	browser-js
apiErrorMessage	ApiErrorMessage	content/demand_intelligence.php	js	1234	gap	browser-js
applyAccessPayload	ApplyAccessPayload	content/demand_intelligence.php	js	1234	gap	browser-js
applyFilter	ApplyFilter	content/demand_intelligence.php	js	1234	gap	browser-js
applyStep2Payload	ApplyStep2Payload	content/demand_intelligence.php	js	1234	gap	browser-js
bindDownloadToolbar	BindDownloadToolbar	content/demand_intelligence.php	js	1234	gap	browser-js
bindProductCategoryDetail	BindProductCategoryDetail	content/demand_intelligence.php	js	1234	gap	browser-js
bindProductLineCards	BindProductLineCards	content/demand_intelligence.php	js	1234	gap	browser-js
bindVehicleFitmentDownloads	BindVehicleFitmentDownloads	content/demand_intelligence.php	js	1234	gap	browser-js
brandsSummaryList	BrandsSummaryList	content/demand_intelligence.php	js	1234	gap	browser-js
buildCountryVehicles	BuildCountryVehicles	content/demand_intelligence.php	js	1234	gap	browser-js
countryCodeFromUi	CountryCodeFromUi	content/demand_intelligence.php	js	1234	gap	browser-js
countryFilePrefix	CountryFilePrefix	content/demand_intelligence.php	js	1234	gap	browser-js
countryNameForCode	CountryNameForCode	content/demand_intelligence.php	js	1234	gap	browser-js
csvCell	CsvCell	content/demand_intelligence.php	js	1234	gap	browser-js
downloadCsv	DownloadCsv	content/demand_intelligence.php	js	1234	gap	browser-js
downloadPartsExcel	DownloadPartsExcel	content/demand_intelligence.php	js	1234	gap	browser-js
downloadProductCategoryExcel	DownloadProductCategoryExcel	content/demand_intelligence.php	js	1234	gap	browser-js
downloadProductsExcel	DownloadProductsExcel	content/demand_intelligence.php	js	1234	gap	browser-js
downloadSummaryExcel	DownloadSummaryExcel	content/demand_intelligence.php	js	1234	gap	browser-js
downloadVehiclesExcel	DownloadVehiclesExcel	content/demand_intelligence.php	js	1234	gap	browser-js
filterVehiclesForTab	FilterVehiclesForTab	content/demand_intelligence.php	js	1234	gap	browser-js
getProductByLabel	GetProductByLabel	content/demand_intelligence.php	js	1234	gap	browser-js
goBack	GoBack	content/demand_intelligence.php	js	1234	gap	browser-js
hasDemandTag	HasDemandTag	content/demand_intelligence.php	js	1234	gap	browser-js
isCountryAllowed	IsCountryAllowed	content/demand_intelligence.php	js	1234	gap	browser-js
loadArticles	LoadArticles	content/demand_intelligence.php	js	1234	gap	browser-js
loadCategories	LoadCategories	content/demand_intelligence.php	js	1234	gap	browser-js
loadCrosses	LoadCrosses	content/demand_intelligence.php	js	1234	gap	browser-js
loadDemandIndex	LoadDemandIndex	content/demand_intelligence.php	js	1234	gap	browser-js
loadModels	LoadModels	content/demand_intelligence.php	js	1234	gap	browser-js
loadModifications	LoadModifications	content/demand_intelligence.php	js	1234	gap	browser-js
loadProducts	LoadProducts	content/demand_intelligence.php	js	1234	gap	browser-js
modTitle	ModTitle	content/demand_intelligence.php	js	1234	gap	browser-js
openProductCategory	OpenProductCategory	content/demand_intelligence.php	js	1234	gap	browser-js
partKey	PartKey	content/demand_intelligence.php	js	1234	gap	browser-js
partsForProduct	PartsForProduct	content/demand_intelligence.php	js	1234	gap	browser-js
pickVehicle	PickVehicle	content/demand_intelligence.php	js	1234	gap	browser-js
renderCountryVehicles	RenderCountryVehicles	content/demand_intelligence.php	js	1234	gap	browser-js
renderDownloadToolbar	RenderDownloadToolbar	content/demand_intelligence.php	js	1234	gap	browser-js
renderManufacturers	RenderManufacturers	content/demand_intelligence.php	js	1234	gap	browser-js
renderPartLinesBlock	RenderPartLinesBlock	content/demand_intelligence.php	js	1234	gap	browser-js
renderProductCategoryDetail	RenderProductCategoryDetail	content/demand_intelligence.php	js	1234	gap	browser-js
renderProductLinesBlock	RenderProductLinesBlock	content/demand_intelligence.php	js	1234	gap	browser-js
renderSteps	RenderSteps	content/demand_intelligence.php	js	1234	gap	browser-js
renderSummaryCards	RenderSummaryCards	content/demand_intelligence.php	js	1234	gap	browser-js
renderVehicleFitmentDownloads	RenderVehicleFitmentDownloads	content/demand_intelligence.php	js	1234	gap	browser-js
runCountryVehicleJob	RunCountryVehicleJob	content/demand_intelligence.php	js	1234	gap	browser-js
showVehicleProgress	ShowVehicleProgress	content/demand_intelligence.php	js	1234	gap	browser-js
startWizard	StartWizard	content/demand_intelligence.php	js	1234	gap	browser-js
stepOnce	StepOnce	content/demand_intelligence.php	js	1234	gap	browser-js
topBrandsPreviewDi	TopBrandsPreviewDi	content/demand_intelligence.php	js	1234	gap	browser-js
vehicleEngineText	VehicleEngineText	content/demand_intelligence.php	js	1234	gap	browser-js
vehicleModText	VehicleModText	content/demand_intelligence.php	js	1234	gap	browser-js
vehicleRowsForExport	VehicleRowsForExport	content/demand_intelligence.php	js	1234	gap	browser-js
vehicleSectionFromRow	VehicleSectionFromRow	content/demand_intelligence.php	js	1234	gap	browser-js
vehicleTabLabel	VehicleTabLabel	content/demand_intelligence.php	js	1234	gap	browser-js
vehicleTabSection	VehicleTabSection	content/demand_intelligence.php	js	1234	gap	browser-js
vehicleYearRange	VehicleYearRange	content/demand_intelligence.php	js	1234	gap	browser-js
apiItems	ApiItems	content/eparts_mod_catalog.php	js	1039	gap	browser-js
applyCatalogGate	ApplyCatalogGate	content/eparts_mod_catalog.php	js	1039	gap	browser-js
applyFilter	ApplyFilter	content/eparts_mod_catalog.php	js	1039	gap	browser-js
applyFilterFromOutput	ApplyFilterFromOutput	content/eparts_mod_catalog.php	js	1039	gap	browser-js
bindArticleRowNavigation	BindArticleRowNavigation	content/eparts_mod_catalog.php	js	1039	gap	browser-js
cartUrl	CartUrl	content/eparts_mod_catalog.php	js	1039	gap	browser-js
cataApi	CataApi	content/eparts_mod_catalog.php	js	1039	gap	browser-js
categoriesWithSubcategories	CategoriesWithSubcategories	content/eparts_mod_catalog.php	js	1039	gap	browser-js
consumePendingCategory	ConsumePendingCategory	content/eparts_mod_catalog.php	js	1039	gap	browser-js
fallbackDemoPayload	FallbackDemoPayload	content/eparts_mod_catalog.php	js	1039	gap	browser-js
filterRowsBySubcategory	FilterRowsBySubcategory	content/eparts_mod_catalog.php	js	1039	gap	browser-js
isSubscriptionErr	IsSubscriptionErr	content/eparts_mod_catalog.php	js	1039	gap	browser-js
loadArticles	LoadArticles	content/eparts_mod_catalog.php	js	1039	gap	browser-js
loadCarsForModel	LoadCarsForModel	content/eparts_mod_catalog.php	js	1039	gap	browser-js
loadCategories	LoadCategories	content/eparts_mod_catalog.php	js	1039	gap	browser-js
loadDemoMode	LoadDemoMode	content/eparts_mod_catalog.php	js	1039	gap	browser-js
loadManufacturers	LoadManufacturers	content/eparts_mod_catalog.php	js	1039	gap	browser-js
loadModelsForMake	LoadModelsForMake	content/eparts_mod_catalog.php	js	1039	gap	browser-js
partSearchUrl	PartSearchUrl	content/eparts_mod_catalog.php	js	1039	gap	browser-js
partsApi	PartsApi	content/eparts_mod_catalog.php	js	1039	gap	browser-js
pendingCategoryBanner	PendingCategoryBanner	content/eparts_mod_catalog.php	js	1039	gap	browser-js
productDetailUrl	ProductDetailUrl	content/eparts_mod_catalog.php	js	1039	gap	browser-js
renderArticleRow	RenderArticleRow	content/eparts_mod_catalog.php	js	1039	gap	browser-js
renderArticlesList	RenderArticlesList	content/eparts_mod_catalog.php	js	1039	gap	browser-js
renderCategories	RenderCategories	content/eparts_mod_catalog.php	js	1039	gap	browser-js
renderDemoDashboard	RenderDemoDashboard	content/eparts_mod_catalog.php	js	1039	gap	browser-js
renderFlowBar	RenderFlowBar	content/eparts_mod_catalog.php	js	1039	gap	browser-js
renderMakeDashboard	RenderMakeDashboard	content/eparts_mod_catalog.php	js	1039	gap	browser-js
renderStepPickerUi	RenderStepPickerUi	content/eparts_mod_catalog.php	js	1039	gap	browser-js
renderSubscriptionsPanel	RenderSubscriptionsPanel	content/eparts_mod_catalog.php	js	1039	gap	browser-js
renderVehicleBar	RenderVehicleBar	content/eparts_mod_catalog.php	js	1039	gap	browser-js
setStep	SetStep	content/eparts_mod_catalog.php	js	1039	gap	browser-js
shopUrlFor	ShopUrlFor	content/eparts_mod_catalog.php	js	1039	gap	browser-js
showErr	ShowErr	content/eparts_mod_catalog.php	js	1039	gap	browser-js
showSubscriptionBanner	ShowSubscriptionBanner	content/eparts_mod_catalog.php	js	1039	gap	browser-js
showSubscriptionErr	ShowSubscriptionErr	content/eparts_mod_catalog.php	js	1039	gap	browser-js
subscriptionMessage	SubscriptionMessage	content/eparts_mod_catalog.php	js	1039	gap	browser-js
epc_free_tools_out	EpcFreeToolsOut	content/general_pages/ajax_epc_free_tools.php	php	129	mentioned	partial-file
epart_front_render_widget	EpartFrontRenderWidget	content/general_pages/epart_catalog_front_links.php	php	396	mentioned	partial-file
fitmentBlock	FitmentBlock	content/general_pages/epc_ai_parts_expert_home.php	js	193	gap	browser-js
renderResult	RenderResult	content/general_pages/epc_ai_parts_expert_home.php	js	193	gap	browser-js
setHint	SetHint	content/general_pages/epc_ai_parts_expert_home.php	js	193	gap	browser-js
stockRows	StockRows	content/general_pages/epc_ai_parts_expert_home.php	js	193	gap	browser-js
fitmentBlock	FitmentBlock	content/general_pages/epc_ai_parts_expert_widget.php	js	439	gap	browser-js
renderResult	RenderResult	content/general_pages/epc_ai_parts_expert_widget.php	js	439	gap	browser-js
setHint	SetHint	content/general_pages/epc_ai_parts_expert_widget.php	js	439	gap	browser-js
setOpen	SetOpen	content/general_pages/epc_ai_parts_expert_widget.php	js	439	gap	browser-js
stockRows	StockRows	content/general_pages/epc_ai_parts_expert_widget.php	js	439	gap	browser-js
epc_admin_shell_animated_logo_markup	EpcAdminShellAnimatedLogoMarkup	content/general_pages/epc_animated_epartscart_logo.php	php	178	mentioned	partial-file
epc_animated_epartscart_logo_applies	EpcAnimatedEpartscartLogoApplies	content/general_pages/epc_animated_epartscart_logo.php	php	178	mentioned	partial-file
epc_animated_epartscart_logo_css	EpcAnimatedEpartscartLogoCss	content/general_pages/epc_animated_epartscart_logo.php	php	178	mentioned	partial-file
epc_animated_epartscart_logo_enqueue	EpcAnimatedEpartscartLogoEnqueue	content/general_pages/epc_animated_epartscart_logo.php	php	178	mentioned	partial-file
epc_api_client_umapi_gate	EpcApiClientUmapiGate	content/general_pages/epc_api_clients.php	php	343	mentioned	partial-file
epc_api_clients_action_allowed	EpcApiClientsActionAllowed	content/general_pages/epc_api_clients.php	php	343	mentioned	partial-file
epc_api_clients_consume_quota	EpcApiClientsConsumeQuota	content/general_pages/epc_api_clients.php	php	343	mentioned	partial-file
epc_api_clients_extract_key	EpcApiClientsExtractKey	content/general_pages/epc_api_clients.php	php	343	mentioned	partial-file
epc_api_clients_fetch_by_hash	EpcApiClientsFetchByHash	content/general_pages/epc_api_clients.php	php	343	mentioned	partial-file
epc_api_clients_is_internal_umapi_request	EpcApiClientsIsInternalUmapiRequest	content/general_pages/epc_api_clients.php	php	343	mentioned	partial-file
epc_api_clients_json_error	EpcApiClientsJsonError	content/general_pages/epc_api_clients.php	php	343	mentioned	partial-file
epc_api_clients_product_allowed	EpcApiClientsProductAllowed	content/general_pages/epc_api_clients.php	php	343	mentioned	partial-file
epc_api_clients_reset_daily_if_needed	EpcApiClientsResetDailyIfNeeded	content/general_pages/epc_api_clients.php	php	343	mentioned	partial-file
epc_api_clients_status_overlay	EpcApiClientsStatusOverlay	content/general_pages/epc_api_clients.php	php	343	mentioned	partial-file
epc_api_v1_auth	EpcApiV1Auth	content/general_pages/epc_api_v1.php	php	602	gap	later
epc_api_v1_auth_powerbi	EpcApiV1AuthPowerbi	content/general_pages/epc_api_v1.php	php	602	gap	later
epc_api_v1_ensure_keys_table	EpcApiV1EnsureKeysTable	content/general_pages/epc_api_v1.php	php	602	gap	later
epc_api_v1_error	EpcApiV1Error	content/general_pages/epc_api_v1.php	php	602	gap	later
epc_api_v1_extract_key	EpcApiV1ExtractKey	content/general_pages/epc_api_v1.php	php	602	gap	later
epc_api_v1_handle_capabilities	EpcApiV1HandleCapabilities	content/general_pages/epc_api_v1.php	php	602	gap	later
epc_api_v1_handle_health	EpcApiV1HandleHealth	content/general_pages/epc_api_v1.php	php	602	gap	later
epc_api_v1_handle_openapi	EpcApiV1HandleOpenapi	content/general_pages/epc_api_v1.php	php	602	gap	later
epc_api_v1_handle_orders	EpcApiV1HandleOrders	content/general_pages/epc_api_v1.php	php	602	gap	later
epc_api_v1_handle_powerbi_catalog	EpcApiV1HandlePowerbiCatalog	content/general_pages/epc_api_v1.php	php	602	gap	later
epc_api_v1_handle_powerbi_kpis	EpcApiV1HandlePowerbiKpis	content/general_pages/epc_api_v1.php	php	602	gap	later
epc_api_v1_handle_powerbi_metrics	EpcApiV1HandlePowerbiMetrics	content/general_pages/epc_api_v1.php	php	602	gap	later
epc_api_v1_handle_powerbi_orders	EpcApiV1HandlePowerbiOrders	content/general_pages/epc_api_v1.php	php	602	gap	later
epc_api_v1_handle_powerbi_report	EpcApiV1HandlePowerbiReport	content/general_pages/epc_api_v1.php	php	602	gap	later
epc_api_v1_handle_products_search	EpcApiV1HandleProductsSearch	content/general_pages/epc_api_v1.php	php	602	gap	later
epc_api_v1_handle_tenant_info	EpcApiV1HandleTenantInfo	content/general_pages/epc_api_v1.php	php	602	gap	later
epc_api_v1_json	EpcApiV1Json	content/general_pages/epc_api_v1.php	php	602	gap	later
epc_api_v1_ok	EpcApiV1Ok	content/general_pages/epc_api_v1.php	php	602	gap	later
epc_api_v1_parse_scopes	EpcApiV1ParseScopes	content/general_pages/epc_api_v1.php	php	602	gap	later
epc_api_v1_platform_pdo	EpcApiV1PlatformPdo	content/general_pages/epc_api_v1.php	php	602	gap	later
epc_api_v1_route_path	EpcApiV1RoutePath	content/general_pages/epc_api_v1.php	php	602	gap	later
epc_api_v1_scope_allowed	EpcApiV1ScopeAllowed	content/general_pages/epc_api_v1.php	php	602	gap	later
epc_api_v1_tenant_access_mode	EpcApiV1TenantAccessMode	content/general_pages/epc_api_v1.php	php	602	gap	later
epc_api_v1_tenant_pdo	EpcApiV1TenantPdo	content/general_pages/epc_api_v1.php	php	602	gap	later
epc_auth_bootstrap_config	EpcAuthBootstrapConfig	content/general_pages/epc_auth_common.php	php	1051	gap	later
epc_auth_context_client_erp	EpcAuthContextClientErp	content/general_pages/epc_auth_common.php	php	1051	gap	later
epc_auth_context_from_registry_key	EpcAuthContextFromRegistryKey	content/general_pages/epc_auth_common.php	php	1051	gap	later
epc_auth_context_from_row	EpcAuthContextFromRow	content/general_pages/epc_auth_common.php	php	1051	gap	later
epc_auth_context_platform_erp	EpcAuthContextPlatformErp	content/general_pages/epc_auth_common.php	php	1051	gap	later
epc_auth_context_super	EpcAuthContextSuper	content/general_pages/epc_auth_common.php	php	1051	gap	later
epc_auth_context_tenant_local	EpcAuthContextTenantLocal	content/general_pages/epc_auth_common.php	php	1051	gap	later
epc_auth_default_reg_variant_id	EpcAuthDefaultRegVariantId	content/general_pages/epc_auth_common.php	php	1051	gap	later
epc_auth_handoff_verify	EpcAuthHandoffVerify	content/general_pages/epc_auth_common.php	php	1051	gap	later
epc_auth_json_response	EpcAuthJsonResponse	content/general_pages/epc_auth_common.php	php	1051	gap	later
epc_auth_login_context_for_ui	EpcAuthLoginContextForUi	content/general_pages/epc_auth_common.php	php	1051	gap	later
epc_auth_normalize_mode	EpcAuthNormalizeMode	content/general_pages/epc_auth_common.php	php	1051	gap	later
epc_auth_oauth_config	EpcAuthOauthConfig	content/general_pages/epc_auth_common.php	php	1051	gap	later
epc_auth_resolve_for_mode	EpcAuthResolveForMode	content/general_pages/epc_auth_common.php	php	1051	gap	later
epc_auth_signing_secret	EpcAuthSigningSecret	content/general_pages/epc_auth_common.php	php	1051	gap	later
epc_auth_storefront_from_registry_key	EpcAuthStorefrontFromRegistryKey	content/general_pages/epc_auth_common.php	php	1051	gap	later
epc_auth_storefront_from_row	EpcAuthStorefrontFromRow	content/general_pages/epc_auth_common.php	php	1051	gap	later
epc_auth_storefront_lang_prefix	EpcAuthStorefrontLangPrefix	content/general_pages/epc_auth_common.php	php	1051	gap	later
epc_auth_storefront_local	EpcAuthStorefrontLocal	content/general_pages/epc_auth_common.php	php	1051	gap	later
epc_cp_modern_auth_defaults	EpcCpModernAuthDefaults	content/general_pages/epc_auth_common.php	php	1051	gap	later
epc_cp_modern_auth_policy	EpcCpModernAuthPolicy	content/general_pages/epc_auth_common.php	php	1051	gap	later
epc_cp_modern_auth_save	EpcCpModernAuthSave	content/general_pages/epc_auth_common.php	php	1051	gap	later
epc_asp_hero_copy	EpcAspHeroCopy	content/general_pages/epc_automotive_spareparts_data.php	php	94	mentioned	partial-file
epc_asp_hero_eyebrow	EpcAspHeroEyebrow	content/general_pages/epc_automotive_spareparts_data.php	php	94	mentioned	partial-file
epc_asp_hero_stats	EpcAspHeroStats	content/general_pages/epc_automotive_spareparts_data.php	php	94	mentioned	partial-file
epc_asp_hero_title	EpcAspHeroTitle	content/general_pages/epc_automotive_spareparts_data.php	php	94	mentioned	partial-file
epc_asp_home_lang	EpcAspHomeLang	content/general_pages/epc_automotive_spareparts_data.php	php	94	mentioned	partial-file
epc_asp_store_hours_line	EpcAspStoreHoursLine	content/general_pages/epc_automotive_spareparts_data.php	php	94	mentioned	partial-file
epc_boc_console_asset_ver	EpcBocConsoleAssetVer	content/general_pages/epc_boc_console.php	php	508	gap	later
epc_boc_console_close	EpcBocConsoleClose	content/general_pages/epc_boc_console.php	php	508	gap	later
epc_boc_console_enqueue_assets	EpcBocConsoleEnqueueAssets	content/general_pages/epc_boc_console.php	php	508	gap	later
epc_boc_render_top_nav	EpcBocRenderTopNav	content/general_pages/epc_boc_console.php	php	508	gap	later
epc_boc_area_path_resolvable	EpcBocAreaPathResolvable	content/general_pages/epc_boc_kernel.php	php	609	mentioned	partial-file
epc_boc_area_perm	EpcBocAreaPerm	content/general_pages/epc_boc_kernel.php	php	609	mentioned	partial-file
epc_boc_audit_ensure_schema	EpcBocAuditEnsureSchema	content/general_pages/epc_boc_kernel.php	php	609	mentioned	partial-file
epc_boc_brand	EpcBocBrand	content/general_pages/epc_boc_kernel.php	php	609	mentioned	partial-file
epc_boc_can	EpcBocCan	content/general_pages/epc_boc_kernel.php	php	609	mentioned	partial-file
epc_boc_fleet	EpcBocFleet	content/general_pages/epc_boc_kernel.php	php	609	mentioned	partial-file
epc_boc_fleet_summary	EpcBocFleetSummary	content/general_pages/epc_boc_kernel.php	php	609	mentioned	partial-file
epc_boc_nav	EpcBocNav	content/general_pages/epc_boc_kernel.php	php	609	mentioned	partial-file
epc_boc_nav_for_user	EpcBocNavForUser	content/general_pages/epc_boc_kernel.php	php	609	mentioned	partial-file
epc_boc_normalize_content_url	EpcBocNormalizeContentUrl	content/general_pages/epc_boc_page_shell.php	php	209	gap	later
epc_boc_page_shell_close	EpcBocPageShellClose	content/general_pages/epc_boc_page_shell.php	php	209	gap	later
epc_boc_page_shell_open	EpcBocPageShellOpen	content/general_pages/epc_boc_page_shell.php	php	209	gap	later
epc_boc_resolve_area	EpcBocResolveArea	content/general_pages/epc_boc_page_shell.php	php	209	gap	later
epc_boc_should_use_page_shell	EpcBocShouldUsePageShell	content/general_pages/epc_boc_page_shell.php	php	209	gap	later
epc_bos_active_tenant_key	EpcBosActiveTenantKey	content/general_pages/epc_bos_unified.php	php	695	gap	later
epc_bos_auto_parts_items	EpcBosAutoPartsItems	content/general_pages/epc_bos_unified.php	php	695	gap	later
epc_bos_catalogue_items	EpcBosCatalogueItems	content/general_pages/epc_bos_unified.php	php	695	gap	later
epc_bos_commerce_items	EpcBosCommerceItems	content/general_pages/epc_bos_unified.php	php	695	gap	later
epc_bos_context	EpcBosContext	content/general_pages/epc_bos_unified.php	php	695	gap	later
epc_bos_erp_items	EpcBosErpItems	content/general_pages/epc_bos_unified.php	php	695	gap	later
epc_bos_fleet_items	EpcBosFleetItems	content/general_pages/epc_bos_unified.php	php	695	gap	later
epc_bos_h	EpcBosH	content/general_pages/epc_bos_unified.php	php	695	gap	later
epc_bos_industry_color	EpcBosIndustryColor	content/general_pages/epc_bos_unified.php	php	695	gap	later
epc_bos_is_provider	EpcBosIsProvider	content/general_pages/epc_bos_unified.php	php	695	gap	later
epc_bos_is_tenant_user	EpcBosIsTenantUser	content/general_pages/epc_bos_unified.php	php	695	gap	later
epc_bos_load_tenant_settings	EpcBosLoadTenantSettings	content/general_pages/epc_bos_unified.php	php	695	gap	later
epc_bos_logistics_items	EpcBosLogisticsItems	content/general_pages/epc_bos_unified.php	php	695	gap	later
epc_bos_marketing_items	EpcBosMarketingItems	content/general_pages/epc_bos_unified.php	php	695	gap	later
epc_bos_module_color	EpcBosModuleColor	content/general_pages/epc_bos_unified.php	php	695	gap	later
epc_bos_module_cp_url	EpcBosModuleCpUrl	content/general_pages/epc_bos_unified.php	php	695	gap	later
epc_bos_platform_items	EpcBosPlatformItems	content/general_pages/epc_bos_unified.php	php	695	gap	later
epc_bos_professional_items	EpcBosProfessionalItems	content/general_pages/epc_bos_unified.php	php	695	gap	later
epc_bos_resolve_erp_modules	EpcBosResolveErpModules	content/general_pages/epc_bos_unified.php	php	695	gap	later
epc_bos_resolve_module	EpcBosResolveModule	content/general_pages/epc_bos_unified.php	php	695	gap	later
epc_bos_resolve_tenant_type	EpcBosResolveTenantType	content/general_pages/epc_bos_unified.php	php	695	gap	later
epc_bos_session_start	EpcBosSessionStart	content/general_pages/epc_bos_unified.php	php	695	gap	later
epc_bos_set_context	EpcBosSetContext	content/general_pages/epc_bos_unified.php	php	695	gap	later
epc_bos_sidebar_sections	EpcBosSidebarSections	content/general_pages/epc_bos_unified.php	php	695	gap	later
epc_bos_tax_advisory_items	EpcBosTaxAdvisoryItems	content/general_pages/epc_bos_unified.php	php	695	gap	later
epc_bos_tenant_badge_class	EpcBosTenantBadgeClass	content/general_pages/epc_bos_unified.php	php	695	gap	later
epc_bos_tenant_connect	EpcBosTenantConnect	content/general_pages/epc_bos_unified.php	php	695	gap	later
epc_bos_tenant_list	EpcBosTenantList	content/general_pages/epc_bos_unified.php	php	695	gap	later
epc_bos_tenant_ops_items	EpcBosTenantOpsItems	content/general_pages/epc_bos_unified.php	php	695	gap	later
epc_bos_tenant_type_label	EpcBosTenantTypeLabel	content/general_pages/epc_bos_unified.php	php	695	gap	later
epc_br_esc	EpcBrEsc	content/general_pages/epc_brochure_process_photo.php	php	218	mentioned	partial-file
epc_cata_apply_category_mappings	EpcCataApplyCategoryMappings	content/general_pages/epc_cata_config.php	php	2144	gap	later
epc_cata_attach_subcategories	EpcCataAttachSubcategories	content/general_pages/epc_cata_config.php	php	2144	gap	later
epc_cata_catalog_targets	EpcCataCatalogTargets	content/general_pages/epc_cata_config.php	php	2144	gap	later
epc_cata_category_config_for_ajax	EpcCataCategoryConfigForAjax	content/general_pages/epc_cata_config.php	php	2144	gap	later
epc_cata_category_config_normalize_entry	EpcCataCategoryConfigNormalizeEntry	content/general_pages/epc_cata_config.php	php	2144	gap	later
epc_cata_category_config_normalize_subcategories	EpcCataCategoryConfigNormalizeSubcategories	content/general_pages/epc_cata_config.php	php	2144	gap	later
epc_cata_category_config_raw	EpcCataCategoryConfigRaw	content/general_pages/epc_cata_config.php	php	2144	gap	later
epc_cata_category_config_reset	EpcCataCategoryConfigReset	content/general_pages/epc_cata_config.php	php	2144	gap	later
epc_cata_category_config_rows_for_cp	EpcCataCategoryConfigRowsForCp	content/general_pages/epc_cata_config.php	php	2144	gap	later
epc_cata_category_config_save_bulk	EpcCataCategoryConfigSaveBulk	content/general_pages/epc_cata_config.php	php	2144	gap	later
epc_cata_category_config_save_one	EpcCataCategoryConfigSaveOne	content/general_pages/epc_cata_config.php	php	2144	gap	later
epc_cata_category_config_seed	EpcCataCategoryConfigSeed	content/general_pages/epc_cata_config.php	php	2144	gap	later
epc_cata_category_config_setting_key	EpcCataCategoryConfigSettingKey	content/general_pages/epc_cata_config.php	php	2144	gap	later
epc_cata_category_config_sync_legacy_mappings	EpcCataCategoryConfigSyncLegacyMappings	content/general_pages/epc_cata_config.php	php	2144	gap	later
epc_cata_category_config_sync_presentation_disabled	EpcCataCategoryConfigSyncPresentationDisabled	content/general_pages/epc_cata_config.php	php	2144	gap	later
epc_cata_category_icon_dir	EpcCataCategoryIconDir	content/general_pages/epc_cata_config.php	php	2144	gap	later
epc_cata_category_icons_available	EpcCataCategoryIconsAvailable	content/general_pages/epc_cata_config.php	php	2144	gap	later
epc_cata_category_mapping_for	EpcCataCategoryMappingFor	content/general_pages/epc_cata_config.php	php	2144	gap	later
epc_cata_category_mappings_raw	EpcCataCategoryMappingsRaw	content/general_pages/epc_cata_config.php	php	2144	gap	later
epc_cata_cp_import_monitor	EpcCataCpImportMonitor	content/general_pages/epc_cata_config.php	php	2144	gap	later
epc_cata_cp_status_cached	EpcCataCpStatusCached	content/general_pages/epc_cata_config.php	php	2144	gap	later
epc_cata_cp_status_shell	EpcCataCpStatusShell	content/general_pages/epc_cata_config.php	php	2144	gap	later
epc_cata_db	EpcCataDb	content/general_pages/epc_cata_config.php	php	2144	gap	later
epc_cata_default_categories	EpcCataDefaultCategories	content/general_pages/epc_cata_config.php	php	2144	gap	later
epc_cata_default_categories_cached	EpcCataDefaultCategoriesCached	content/general_pages/epc_cata_config.php	php	2144	gap	later
epc_cata_default_categories_json_path	EpcCataDefaultCategoriesJsonPath	content/general_pages/epc_cata_config.php	php	2144	gap	later
epc_cata_default_subcategories_cached	EpcCataDefaultSubcategoriesCached	content/general_pages/epc_cata_config.php	php	2144	gap	later
epc_cata_default_subcategories_json_path	EpcCataDefaultSubcategoriesJsonPath	content/general_pages/epc_cata_config.php	php	2144	gap	later
epc_cata_enabled_for_request	EpcCataEnabledForRequest	content/general_pages/epc_cata_config.php	php	2144	gap	later
epc_cata_ensure_tables	EpcCataEnsureTables	content/general_pages/epc_cata_config.php	php	2144	gap	later
epc_cata_file_config	EpcCataFileConfig	content/general_pages/epc_cata_config.php	php	2144	gap	later
epc_cata_legacy_browse_counts	EpcCataLegacyBrowseCounts	content/general_pages/epc_cata_config.php	php	2144	gap	later
epc_cata_legacy_vin_counts	EpcCataLegacyVinCounts	content/general_pages/epc_cata_config.php	php	2144	gap	later
epc_cata_local_catalog_config	EpcCataLocalCatalogConfig	content/general_pages/epc_cata_config.php	php	2144	gap	later
epc_cata_local_catalog_pdo	EpcCataLocalCatalogPdo	content/general_pages/epc_cata_config.php	php	2144	gap	later
epc_cata_modification_from_row	EpcCataModificationFromRow	content/general_pages/epc_cata_config.php	php	2144	gap	later
epc_cata_normalize_catalog_target	EpcCataNormalizeCatalogTarget	content/general_pages/epc_cata_config.php	php	2144	gap	later
epc_cata_normalize_category_rows	EpcCataNormalizeCategoryRows	content/general_pages/epc_cata_config.php	php	2144	gap	later
epc_cata_normalize_provider	EpcCataNormalizeProvider	content/general_pages/epc_cata_config.php	php	2144	gap	later
epc_cata_normalize_vin	EpcCataNormalizeVin	content/general_pages/epc_cata_config.php	php	2144	gap	later
epc_cata_payload_data	EpcCataPayloadData	content/general_pages/epc_cata_config.php	php	2144	gap	later
epc_cata_presentation_config	EpcCataPresentationConfig	content/general_pages/epc_cata_config.php	php	2144	gap	later
epc_cata_presentation_defaults	EpcCataPresentationDefaults	content/general_pages/epc_cata_config.php	php	2144	gap	later
epc_cata_presentation_js_config	EpcCataPresentationJsConfig	content/general_pages/epc_cata_config.php	php	2144	gap	later
epc_cata_presentation_js_config_light	EpcCataPresentationJsConfigLight	content/general_pages/epc_cata_config.php	php	2144	gap	later
epc_cata_provider_enabled	EpcCataProviderEnabled	content/general_pages/epc_cata_config.php	php	2144	gap	later
epc_cata_provider_ids	EpcCataProviderIds	content/general_pages/epc_cata_config.php	php	2144	gap	later
epc_cata_provider_origin	EpcCataProviderOrigin	content/general_pages/epc_cata_config.php	php	2144	gap	later
epc_cata_providers	EpcCataProviders	content/general_pages/epc_cata_config.php	php	2144	gap	later
epc_cata_providers_enabled_map	EpcCataProvidersEnabledMap	content/general_pages/epc_cata_config.php	php	2144	gap	later
epc_cata_route_url	EpcCataRouteUrl	content/general_pages/epc_cata_config.php	php	2144	gap	later
epc_cata_sanitize_category_name	EpcCataSanitizeCategoryName	content/general_pages/epc_cata_config.php	php	2144	gap	later
epc_cata_setting_forget	EpcCataSettingForget	content/general_pages/epc_cata_config.php	php	2144	gap	later
epc_cata_setting_get	EpcCataSettingGet	content/general_pages/epc_cata_config.php	php	2144	gap	later
epc_cata_setting_set	EpcCataSettingSet	content/general_pages/epc_cata_config.php	php	2144	gap	later
epc_cata_settings_ensure	EpcCataSettingsEnsure	content/general_pages/epc_cata_config.php	php	2144	gap	later
epc_cata_settings_table	EpcCataSettingsTable	content/general_pages/epc_cata_config.php	php	2144	gap	later
epc_cata_should_use_default_category_tree	EpcCataShouldUseDefaultCategoryTree	content/general_pages/epc_cata_config.php	php	2144	gap	later
epc_cata_storefront_categories	EpcCataStorefrontCategories	content/general_pages/epc_cata_config.php	php	2144	gap	later
epc_cata_storefront_category_href	EpcCataStorefrontCategoryHref	content/general_pages/epc_cata_config.php	php	2144	gap	later
epc_cata_storefront_resolve_category	EpcCataStorefrontResolveCategory	content/general_pages/epc_cata_config.php	php	2144	gap	later
epc_cata_storefront_slug	EpcCataStorefrontSlug	content/general_pages/epc_cata_config.php	php	2144	gap	later
epc_cata_storefront_subcategories_map	EpcCataStorefrontSubcategoriesMap	content/general_pages/epc_cata_config.php	php	2144	gap	later
epc_cata_storefront_url	EpcCataStorefrontUrl	content/general_pages/epc_cata_config.php	php	2144	gap	later
epc_cata_tables	EpcCataTables	content/general_pages/epc_cata_config.php	php	2144	gap	later
epc_cata_tecdoc_config	EpcCataTecdocConfig	content/general_pages/epc_cata_config.php	php	2144	gap	later
epc_client_erp_backend_dir	EpcClientErpBackendDir	content/general_pages/epc_client_erp_router.php	php	623	gap	later
epc_client_erp_block_platform_operator	EpcClientErpBlockPlatformOperator	content/general_pages/epc_client_erp_router.php	php	623	gap	later
epc_client_erp_block_tenant_on_bare_cp	EpcClientErpBlockTenantOnBareCp	content/general_pages/epc_client_erp_router.php	php	623	gap	later
epc_client_erp_bootstrap	EpcClientErpBootstrap	content/general_pages/epc_client_erp_router.php	php	623	gap	later
epc_client_erp_branding_label	EpcClientErpBrandingLabel	content/general_pages/epc_client_erp_router.php	php	623	gap	later
epc_client_erp_is_active	EpcClientErpIsActive	content/general_pages/epc_client_erp_router.php	php	623	gap	later
epc_client_erp_is_bare_request	EpcClientErpIsBareRequest	content/general_pages/epc_client_erp_router.php	php	623	gap	later
epc_client_erp_is_platform_cp_host	EpcClientErpIsPlatformCpHost	content/general_pages/epc_client_erp_router.php	php	623	gap	later
epc_client_erp_list_active_tenants	EpcClientErpListActiveTenants	content/general_pages/epc_client_erp_router.php	php	623	gap	later
epc_client_erp_login_url	EpcClientErpLoginUrl	content/general_pages/epc_client_erp_router.php	php	623	gap	later
epc_client_erp_maybe_handle_bare_path	EpcClientErpMaybeHandleBarePath	content/general_pages/epc_client_erp_router.php	php	623	gap	later
epc_client_erp_original_uri	EpcClientErpOriginalUri	content/general_pages/epc_client_erp_router.php	php	623	gap	later
epc_client_erp_parse_request	EpcClientErpParseRequest	content/general_pages/epc_client_erp_router.php	php	623	gap	later
epc_client_erp_path_prefix	EpcClientErpPathPrefix	content/general_pages/epc_client_erp_router.php	php	623	gap	later
epc_client_erp_redirect_legacy_shell	EpcClientErpRedirectLegacyShell	content/general_pages/epc_client_erp_router.php	php	623	gap	later
epc_client_erp_render_bare_hub_page	EpcClientErpRenderBareHubPage	content/general_pages/epc_client_erp_router.php	php	623	gap	later
epc_client_erp_shell_url	EpcClientErpShellUrl	content/general_pages/epc_client_erp_router.php	php	623	gap	later
epc_client_erp_site_key	EpcClientErpSiteKey	content/general_pages/epc_client_erp_router.php	php	623	gap	later
epc_client_erp_tenant_row	EpcClientErpTenantRow	content/general_pages/epc_client_erp_router.php	php	623	gap	later
epc_cp_logout_if_requested	EpcCpLogoutIfRequested	content/general_pages/epc_client_erp_router.php	php	623	gap	later
epc_cp_logout_redirect_url	EpcCpLogoutRedirectUrl	content/general_pages/epc_client_erp_router.php	php	623	gap	later
epc_sandbox_compare	EpcSandboxCompare	content/general_pages/epc_config_sandbox.php	php	153	mentioned	partial-file
epc_sandbox_diff	EpcSandboxDiff	content/general_pages/epc_config_sandbox.php	php	153	mentioned	partial-file
epc_sandbox_ensure_schema	EpcSandboxEnsureSchema	content/general_pages/epc_config_sandbox.php	php	153	mentioned	partial-file
epc_sandbox_export	EpcSandboxExport	content/general_pages/epc_config_sandbox.php	php	153	mentioned	partial-file
epc_sandbox_fleet_stats	EpcSandboxFleetStats	content/general_pages/epc_config_sandbox.php	php	153	mentioned	partial-file
epc_sandbox_import	EpcSandboxImport	content/general_pages/epc_config_sandbox.php	php	153	mentioned	partial-file
epc_sandbox_list	EpcSandboxList	content/general_pages/epc_config_sandbox.php	php	153	mentioned	partial-file
epc_sandbox_rollback	EpcSandboxRollback	content/general_pages/epc_config_sandbox.php	php	153	mentioned	partial-file
epc_cp_brochure_area_visuals	EpcCpBrochureAreaVisuals	content/general_pages/epc_cp_brochure_live.php	php	405	gap	later
epc_cp_brochure_build_live_inventory	EpcCpBrochureBuildLiveInventory	content/general_pages/epc_cp_brochure_live.php	php	405	gap	later
epc_cp_brochure_cap_category_to_area	EpcCpBrochureCapCategoryToArea	content/general_pages/epc_cp_brochure_live.php	php	405	gap	later
epc_cp_brochure_capabilities_catalog	EpcCpBrochureCapabilitiesCatalog	content/general_pages/epc_cp_brochure_live.php	php	405	gap	later
epc_cp_brochure_capability_index	EpcCpBrochureCapabilityIndex	content/general_pages/epc_cp_brochure_live.php	php	405	gap	later
epc_cp_brochure_erp_nav_items	EpcCpBrochureErpNavItems	content/general_pages/epc_cp_brochure_live.php	php	405	gap	later
epc_cp_brochure_item_image	EpcCpBrochureItemImage	content/general_pages/epc_cp_brochure_live.php	php	405	gap	later
epc_cp_brochure_item_photo_meta	EpcCpBrochureItemPhotoMeta	content/general_pages/epc_cp_brochure_live.php	php	405	gap	later
epc_cp_brochure_norm_key	EpcCpBrochureNormKey	content/general_pages/epc_cp_brochure_live.php	php	405	gap	later
epc_cp_brochure_screen_pool	EpcCpBrochureScreenPool	content/general_pages/epc_cp_brochure_live.php	php	405	gap	later
epc_cp_brochure_css	EpcCpBrochureCss	content/general_pages/epc_cp_full_brochure.php	php	543	gap	later
epc_cp_brochure_dedupe_items	EpcCpBrochureDedupeItems	content/general_pages/epc_cp_full_brochure.php	php	543	gap	later
epc_cp_brochure_filtered_bundle	EpcCpBrochureFilteredBundle	content/general_pages/epc_cp_full_brochure.php	php	543	gap	later
epc_cp_brochure_filtered_inventory	EpcCpBrochureFilteredInventory	content/general_pages/epc_cp_full_brochure.php	php	543	gap	later
epc_cp_brochure_load_inventory	EpcCpBrochureLoadInventory	content/general_pages/epc_cp_full_brochure.php	php	543	gap	later
epc_cp_brochure_render_catalog_body	EpcCpBrochureRenderCatalogBody	content/general_pages/epc_cp_full_brochure.php	php	543	gap	later
epc_cp_brochure_render_deck_body	EpcCpBrochureRenderDeckBody	content/general_pages/epc_cp_full_brochure.php	php	543	gap	later
epc_cp_full_brochure_render_and_exit	EpcCpFullBrochureRenderAndExit	content/general_pages/epc_cp_full_brochure.php	php	543	gap	later
openCard	OpenCard	content/general_pages/epc_cp_full_brochure.php	php	543	gap	later
epc_cp_nav_group_icon	EpcCpNavGroupIcon	content/general_pages/epc_cp_nav_tree.php	php	258	mentioned	partial-file
epc_cp_nav_group_icon_map	EpcCpNavGroupIconMap	content/general_pages/epc_cp_nav_tree.php	php	258	mentioned	partial-file
epc_cp_nav_group_short_map	EpcCpNavGroupShortMap	content/general_pages/epc_cp_nav_tree.php	php	258	mentioned	partial-file
epc_cp_nav_url_is_active	EpcCpNavUrlIsActive	content/general_pages/epc_cp_nav_tree.php	php	258	mentioned	partial-file
bindAccordion	BindAccordion	content/general_pages/epc_cp_professional_shell.php	php	1628	gap	later
bindHideMenu	BindHideMenu	content/general_pages/epc_cp_professional_shell.php	php	1628	gap	later
bindMobileSidebar	BindMobileSidebar	content/general_pages/epc_cp_professional_shell.php	php	1628	gap	later
bindSectionToggles	BindSectionToggles	content/general_pages/epc_cp_professional_shell.php	php	1628	gap	later
bootCpMenuSections	BootCpMenuSections	content/general_pages/epc_cp_professional_shell.php	php	1628	gap	later
clearCpCollapse	ClearCpCollapse	content/general_pages/epc_cp_professional_shell.php	php	1628	gap	later
clearUiBlockers	ClearUiBlockers	content/general_pages/epc_cp_professional_shell.php	php	1628	gap	later
collapseAllGroups	CollapseAllGroups	content/general_pages/epc_cp_professional_shell.php	php	1628	gap	later
collectOpen	CollectOpen	content/general_pages/epc_cp_professional_shell.php	php	1628	gap	later
detachMetisMenu	DetachMetisMenu	content/general_pages/epc_cp_professional_shell.php	php	1628	gap	later
ensureMenuClickable	EnsureMenuClickable	content/general_pages/epc_cp_professional_shell.php	php	1628	gap	later
ensureShellNavLinks	EnsureShellNavLinks	content/general_pages/epc_cp_professional_shell.php	php	1628	gap	later
epc_cp_force_visible_body_style	EpcCpForceVisibleBodyStyle	content/general_pages/epc_cp_professional_shell.php	php	1628	gap	later
epc_cp_force_visible_script	EpcCpForceVisibleScript	content/general_pages/epc_cp_professional_shell.php	php	1628	gap	later
epc_cp_hide_menu_vanilla_script	EpcCpHideMenuVanillaScript	content/general_pages/epc_cp_professional_shell.php	php	1628	gap	later
epc_cp_login_context	EpcCpLoginContext	content/general_pages/epc_cp_professional_shell.php	php	1628	gap	later
epc_cp_menu_sections_early_style	EpcCpMenuSectionsEarlyStyle	content/general_pages/epc_cp_professional_shell.php	php	1628	gap	later
epc_cp_menu_sections_script	EpcCpMenuSectionsScript	content/general_pages/epc_cp_professional_shell.php	php	1628	gap	later
epc_cp_modern_reveal_script	EpcCpModernRevealScript	content/general_pages/epc_cp_professional_shell.php	php	1628	gap	later
epc_cp_nuclear_critical_css	EpcCpNuclearCriticalCss	content/general_pages/epc_cp_professional_shell.php	php	1628	gap	later
epc_cp_page_header_actions_html	EpcCpPageHeaderActionsHtml	content/general_pages/epc_cp_professional_shell.php	php	1628	gap	later
epc_cp_page_header_context	EpcCpPageHeaderContext	content/general_pages/epc_cp_professional_shell.php	php	1628	gap	later
epc_cp_shell_asset_href	EpcCpShellAssetHref	content/general_pages/epc_cp_professional_shell.php	php	1628	gap	later
epc_cp_shell_body_classes	EpcCpShellBodyClasses	content/general_pages/epc_cp_professional_shell.php	php	1628	gap	later
epc_cp_shell_context	EpcCpShellContext	content/general_pages/epc_cp_professional_shell.php	php	1628	gap	later
epc_cp_shell_css_version	EpcCpShellCssVersion	content/general_pages/epc_cp_professional_shell.php	php	1628	gap	later
epc_cp_shell_enqueue_assets	EpcCpShellEnqueueAssets	content/general_pages/epc_cp_professional_shell.php	php	1628	gap	later
epc_cp_shell_inline_style_block	EpcCpShellInlineStyleBlock	content/general_pages/epc_cp_professional_shell.php	php	1628	gap	later
epc_cp_shell_use_asset_proxies	EpcCpShellUseAssetProxies	content/general_pages/epc_cp_professional_shell.php	php	1628	gap	later
epc_cp_sidebar_collapse_script	EpcCpSidebarCollapseScript	content/general_pages/epc_cp_professional_shell.php	php	1628	gap	later
epc_cp_sidebar_early_init_script	EpcCpSidebarEarlyInitScript	content/general_pages/epc_cp_professional_shell.php	php	1628	gap	later
epc_cp_sidebar_first_paint_script	EpcCpSidebarFirstPaintScript	content/general_pages/epc_cp_professional_shell.php	php	1628	gap	later
epc_erp_sidebar_accordion_script	EpcErpSidebarAccordionScript	content/general_pages/epc_cp_professional_shell.php	php	1628	gap	later
epc_erp_sidebar_early_init_script	EpcErpSidebarEarlyInitScript	content/general_pages/epc_cp_professional_shell.php	php	1628	gap	later
forceEl	ForceEl	content/general_pages/epc_cp_professional_shell.php	php	1628	gap	later
isCollapsed	IsCollapsed	content/general_pages/epc_cp_professional_shell.php	php	1628	gap	later
isSectionToggleLink	IsSectionToggleLink	content/general_pages/epc_cp_professional_shell.php	php	1628	gap	later
isSuperCpPath	IsSuperCpPath	content/general_pages/epc_cp_professional_shell.php	php	1628	gap	later
markCurrentSubItem	MarkCurrentSubItem	content/general_pages/epc_cp_professional_shell.php	php	1628	gap	later
maybeRecover	MaybeRecover	content/general_pages/epc_cp_professional_shell.php	php	1628	gap	later
normalizePath	NormalizePath	content/general_pages/epc_cp_professional_shell.php	php	1628	gap	later
openParentForActiveChild	OpenParentForActiveChild	content/general_pages/epc_cp_professional_shell.php	php	1628	gap	later
readSaved	ReadSaved	content/general_pages/epc_cp_professional_shell.php	php	1628	gap	later
restoreSavedGroups	RestoreSavedGroups	content/general_pages/epc_cp_professional_shell.php	php	1628	gap	later
sectionSubmenu	SectionSubmenu	content/general_pages/epc_cp_professional_shell.php	php	1628	gap	later
sectionToggleLink	SectionToggleLink	content/general_pages/epc_cp_professional_shell.php	php	1628	gap	later
setGroupOpen	SetGroupOpen	content/general_pages/epc_cp_professional_shell.php	php	1628	gap	later
setSidebarOpen	SetSidebarOpen	content/general_pages/epc_cp_professional_shell.php	php	1628	gap	later
syncOpenGroupsFromDom	SyncOpenGroupsFromDom	content/general_pages/epc_cp_professional_shell.php	php	1628	gap	later
syncToggleBtn	SyncToggleBtn	content/general_pages/epc_cp_professional_shell.php	php	1628	gap	later
toggleGroupFromLink	ToggleGroupFromLink	content/general_pages/epc_cp_professional_shell.php	php	1628	gap	later
writeSaved	WriteSaved	content/general_pages/epc_cp_professional_shell.php	php	1628	gap	later
epc_cp_render_top_nav	EpcCpRenderTopNav	content/general_pages/epc_cp_top_nav.php	php	109	mentioned	partial-file
epc_cp_topnav_h	EpcCpTopnavH	content/general_pages/epc_cp_top_nav.php	php	109	mentioned	partial-file
epcApplyAutoTranslate	EpcApplyAutoTranslate	content/general_pages/epc_cp_translate.php	js	329	mentioned	browser-js
epcApplyNativeTranslate	EpcApplyNativeTranslate	content/general_pages/epc_cp_translate.php	js	329	mentioned	browser-js
epcAutoTranslateInit	EpcAutoTranslateInit	content/general_pages/epc_cp_translate.php	js	329	mentioned	browser-js
epcBrowserLanguage	EpcBrowserLanguage	content/general_pages/epc_cp_translate.php	js	329	mentioned	browser-js
epcClearTranslateCookie	EpcClearTranslateCookie	content/general_pages/epc_cp_translate.php	js	329	mentioned	browser-js
epcDetectVisitorCountry	EpcDetectVisitorCountry	content/general_pages/epc_cp_translate.php	js	329	mentioned	browser-js
epcFetchJson	EpcFetchJson	content/general_pages/epc_cp_translate.php	js	329	mentioned	browser-js
epcInitNativeTranslateSelect	EpcInitNativeTranslateSelect	content/general_pages/epc_cp_translate.php	js	329	mentioned	browser-js
epcLanguageForCountry	EpcLanguageForCountry	content/general_pages/epc_cp_translate.php	js	329	mentioned	browser-js
epcLanguageFromHint	EpcLanguageFromHint	content/general_pages/epc_cp_translate.php	js	329	mentioned	browser-js
epcReadManualLanguage	EpcReadManualLanguage	content/general_pages/epc_cp_translate.php	js	329	mentioned	browser-js
epcSetTranslateCookie	EpcSetTranslateCookie	content/general_pages/epc_cp_translate.php	js	329	mentioned	browser-js
epcSupportedTranslateLanguage	EpcSupportedTranslateLanguage	content/general_pages/epc_cp_translate.php	js	329	mentioned	browser-js
epcTranslateCookieLanguage	EpcTranslateCookieLanguage	content/general_pages/epc_cp_translate.php	js	329	mentioned	browser-js
epc_cp_translate_accept_language_hint	EpcCpTranslateAcceptLanguageHint	content/general_pages/epc_cp_translate.php	php	329	mentioned	partial-file
epc_cp_translate_default_lang	EpcCpTranslateDefaultLang	content/general_pages/epc_cp_translate.php	php	329	mentioned	partial-file
epc_cp_translate_language_options	EpcCpTranslateLanguageOptions	content/general_pages/epc_cp_translate.php	php	329	mentioned	partial-file
epc_cp_translate_normalize_lang	EpcCpTranslateNormalizeLang	content/general_pages/epc_cp_translate.php	php	329	mentioned	partial-file
epc_design_tokens_css	EpcDesignTokensCss	content/general_pages/epc_design_tokens.php	php	423	mentioned	partial-file
epc_design_tokens_db_overrides	EpcDesignTokensDbOverrides	content/general_pages/epc_design_tokens.php	php	423	mentioned	partial-file
epc_design_tokens_defaults	EpcDesignTokensDefaults	content/general_pages/epc_design_tokens.php	php	423	mentioned	partial-file
epc_design_tokens_industry_presets	EpcDesignTokensIndustryPresets	content/general_pages/epc_design_tokens.php	php	423	mentioned	partial-file
epc_design_tokens_list	EpcDesignTokensList	content/general_pages/epc_design_tokens.php	php	423	mentioned	partial-file
epc_design_tokens_login_brand	EpcDesignTokensLoginBrand	content/general_pages/epc_design_tokens.php	php	423	mentioned	partial-file
epc_design_tokens_login_css	EpcDesignTokensLoginCss	content/general_pages/epc_design_tokens.php	php	423	mentioned	partial-file
epc_design_tokens_login_header	EpcDesignTokensLoginHeader	content/general_pages/epc_design_tokens.php	php	423	mentioned	partial-file
epc_design_tokens_resolve	EpcDesignTokensResolve	content/general_pages/epc_design_tokens.php	php	423	mentioned	partial-file
epc_design_tokens_style_tag	EpcDesignTokensStyleTag	content/general_pages/epc_design_tokens.php	php	423	mentioned	partial-file
epc_design_tokens_tenant_catalog	EpcDesignTokensTenantCatalog	content/general_pages/epc_design_tokens.php	php	423	mentioned	partial-file
epc_design_tokens_tenant_meta	EpcDesignTokensTenantMeta	content/general_pages/epc_design_tokens.php	php	423	mentioned	partial-file
epc_design_tokens_white_label_enabled	EpcDesignTokensWhiteLabelEnabled	content/general_pages/epc_design_tokens.php	php	423	mentioned	partial-file
epc_dt_safe_color	EpcDtSafeColor	content/general_pages/epc_design_tokens.php	php	423	mentioned	partial-file
epc_dt_safe_font	EpcDtSafeFont	content/general_pages/epc_design_tokens.php	php	423	mentioned	partial-file
epc_dt_safe_px	EpcDtSafePx	content/general_pages/epc_design_tokens.php	php	423	mentioned	partial-file
epc_ecomae_blockchain_page_assets	EpcEcomaeBlockchainPageAssets	content/general_pages/epc_ecomae_blockchain_page.php	php	269	gap	later
csvEscape	CsvEscape	content/general_pages/epc_ecomae_free_tools.php	php	3195	gap	later
epc_free_tools_authority	EpcFreeToolsAuthority	content/general_pages/epc_ecomae_free_tools.php	php	3195	gap	later
epc_free_tools_catalog	EpcFreeToolsCatalog	content/general_pages/epc_ecomae_free_tools.php	php	3195	gap	later
epc_free_tools_cit_rate	EpcFreeToolsCitRate	content/general_pages/epc_ecomae_free_tools.php	php	3195	gap	later
epc_free_tools_compute_ct	EpcFreeToolsComputeCt	content/general_pages/epc_ecomae_free_tools.php	php	3195	gap	later
epc_free_tools_compute_customs	EpcFreeToolsComputeCustoms	content/general_pages/epc_ecomae_free_tools.php	php	3195	gap	later
epc_free_tools_compute_docexpiry	EpcFreeToolsComputeDocexpiry	content/general_pages/epc_ecomae_free_tools.php	php	3195	gap	later
epc_free_tools_compute_einvoice	EpcFreeToolsComputeEinvoice	content/general_pages/epc_ecomae_free_tools.php	php	3195	gap	later
epc_free_tools_compute_extreport	EpcFreeToolsComputeExtreport	content/general_pages/epc_ecomae_free_tools.php	php	3195	gap	later
epc_free_tools_compute_finmodel	EpcFreeToolsComputeFinmodel	content/general_pages/epc_ecomae_free_tools.php	php	3195	gap	later
epc_free_tools_compute_hrcompliance	EpcFreeToolsComputeHrcompliance	content/general_pages/epc_ecomae_free_tools.php	php	3195	gap	later
epc_free_tools_compute_ifrs	EpcFreeToolsComputeIfrs	content/general_pages/epc_ecomae_free_tools.php	php	3195	gap	later
epc_free_tools_compute_insurance	EpcFreeToolsComputeInsurance	content/general_pages/epc_ecomae_free_tools.php	php	3195	gap	later
epc_free_tools_compute_payroll	EpcFreeToolsComputePayroll	content/general_pages/epc_ecomae_free_tools.php	php	3195	gap	later
epc_free_tools_compute_taxkit	EpcFreeToolsComputeTaxkit	content/general_pages/epc_ecomae_free_tools.php	php	3195	gap	later
epc_free_tools_compute_valuation	EpcFreeToolsComputeValuation	content/general_pages/epc_ecomae_free_tools.php	php	3195	gap	later
epc_free_tools_compute_vat	EpcFreeToolsComputeVat	content/general_pages/epc_ecomae_free_tools.php	php	3195	gap	later
epc_free_tools_compute_workflow	EpcFreeToolsComputeWorkflow	content/general_pages/epc_ecomae_free_tools.php	php	3195	gap	later
epc_free_tools_confirm_delete	EpcFreeToolsConfirmDelete	content/general_pages/epc_ecomae_free_tools.php	php	3195	gap	later
epc_free_tools_confirm_reset	EpcFreeToolsConfirmReset	content/general_pages/epc_ecomae_free_tools.php	php	3195	gap	later
epc_free_tools_countries	EpcFreeToolsCountries	content/general_pages/epc_ecomae_free_tools.php	php	3195	gap	later
epc_free_tools_ct_from_csv	EpcFreeToolsCtFromCsv	content/general_pages/epc_ecomae_free_tools.php	php	3195	gap	later
epc_free_tools_disabled_map	EpcFreeToolsDisabledMap	content/general_pages/epc_ecomae_free_tools.php	php	3195	gap	later
epc_free_tools_einvoice_line_html	EpcFreeToolsEinvoiceLineHtml	content/general_pages/epc_ecomae_free_tools.php	php	3195	gap	later
epc_free_tools_faq_html	EpcFreeToolsFaqHtml	content/general_pages/epc_ecomae_free_tools.php	php	3195	gap	later
epc_free_tools_fields_html	EpcFreeToolsFieldsHtml	content/general_pages/epc_ecomae_free_tools.php	php	3195	gap	later
epc_free_tools_finding	EpcFreeToolsFinding	content/general_pages/epc_ecomae_free_tools.php	php	3195	gap	later
epc_free_tools_guide	EpcFreeToolsGuide	content/general_pages/epc_ecomae_free_tools.php	php	3195	gap	later
epc_free_tools_guide_html	EpcFreeToolsGuideHtml	content/general_pages/epc_ecomae_free_tools.php	php	3195	gap	later
epc_free_tools_h	EpcFreeToolsH	content/general_pages/epc_ecomae_free_tools.php	php	3195	gap	later
epc_free_tools_ifrs_from_csv	EpcFreeToolsIfrsFromCsv	content/general_pages/epc_ecomae_free_tools.php	php	3195	gap	later
epc_free_tools_jsonld	EpcFreeToolsJsonld	content/general_pages/epc_ecomae_free_tools.php	php	3195	gap	later
epc_free_tools_list_saves	EpcFreeToolsListSaves	content/general_pages/epc_ecomae_free_tools.php	php	3195	gap	later
epc_free_tools_login	EpcFreeToolsLogin	content/general_pages/epc_ecomae_free_tools.php	php	3195	gap	later
epc_free_tools_preview	EpcFreeToolsPreview	content/general_pages/epc_ecomae_free_tools.php	php	3195	gap	later
epc_free_tools_preview_html	EpcFreeToolsPreviewHtml	content/general_pages/epc_ecomae_free_tools.php	php	3195	gap	later
epc_free_tools_render_hub	EpcFreeToolsRenderHub	content/general_pages/epc_ecomae_free_tools.php	php	3195	gap	later
epc_free_tools_render_tool	EpcFreeToolsRenderTool	content/general_pages/epc_ecomae_free_tools.php	php	3195	gap	later
epc_free_tools_request_delete	EpcFreeToolsRequestDelete	content/general_pages/epc_ecomae_free_tools.php	php	3195	gap	later
epc_free_tools_request_reset	EpcFreeToolsRequestReset	content/general_pages/epc_ecomae_free_tools.php	php	3195	gap	later
epc_free_tools_round	EpcFreeToolsRound	content/general_pages/epc_ecomae_free_tools.php	php	3195	gap	later
epc_free_tools_save	EpcFreeToolsSave	content/general_pages/epc_ecomae_free_tools.php	php	3195	gap	later
epc_free_tools_scripts	EpcFreeToolsScripts	content/general_pages/epc_ecomae_free_tools.php	php	3195	gap	later
epc_free_tools_send_mail	EpcFreeToolsSendMail	content/general_pages/epc_ecomae_free_tools.php	php	3195	gap	later
epc_free_tools_seo	EpcFreeToolsSeo	content/general_pages/epc_ecomae_free_tools.php	php	3195	gap	later
epc_free_tools_site_base	EpcFreeToolsSiteBase	content/general_pages/epc_ecomae_free_tools.php	php	3195	gap	later
epc_free_tools_styles	EpcFreeToolsStyles	content/general_pages/epc_ecomae_free_tools.php	php	3195	gap	later
epc_free_tools_touch_account	EpcFreeToolsTouchAccount	content/general_pages/epc_ecomae_free_tools.php	php	3195	gap	later
epc_free_tools_usage_stats	EpcFreeToolsUsageStats	content/general_pages/epc_ecomae_free_tools.php	php	3195	gap	later
epc_free_tools_vat_from_csv	EpcFreeToolsVatFromCsv	content/general_pages/epc_ecomae_free_tools.php	php	3195	gap	later
esch	Esch	content/general_pages/epc_ecomae_free_tools.php	php	3195	gap	later
kvtable	Kvtable	content/general_pages/epc_ecomae_free_tools.php	php	3195	gap	later
resultToCsv	ResultToCsv	content/general_pages/epc_ecomae_free_tools.php	php	3195	gap	later
selectTab	SelectTab	content/general_pages/epc_ecomae_free_tools.php	php	3195	gap	later
showApp	ShowApp	content/general_pages/epc_ecomae_free_tools.php	php	3195	gap	later
showGate	ShowGate	content/general_pages/epc_ecomae_free_tools.php	php	3195	gap	later
epc_ecomae_home_sections_img_base	EpcEcomaeHomeSectionsImgBase	content/general_pages/epc_ecomae_home_sections.php	php	639	mentioned	partial-file
epc_ecomae_home_sections_scripts	EpcEcomaeHomeSectionsScripts	content/general_pages/epc_ecomae_home_sections.php	php	639	mentioned	partial-file
epc_cp_login_css_version	EpcCpLoginCssVersion	content/general_pages/epc_ecomae_hub_logo.php	php	204	mentioned	partial-file
epc_cp_login_enqueue	EpcCpLoginEnqueue	content/general_pages/epc_ecomae_hub_logo.php	php	204	mentioned	partial-file
epc_cp_login_hero_css_href	EpcCpLoginHeroCssHref	content/general_pages/epc_ecomae_hub_logo.php	php	204	mentioned	partial-file
epc_cp_login_hero_css_version	EpcCpLoginHeroCssVersion	content/general_pages/epc_ecomae_hub_logo.php	php	204	mentioned	partial-file
epc_cp_login_hero_enqueue	EpcCpLoginHeroEnqueue	content/general_pages/epc_ecomae_hub_logo.php	php	204	mentioned	partial-file
epc_ecomae_hub_logo_css_href	EpcEcomaeHubLogoCssHref	content/general_pages/epc_ecomae_hub_logo.php	php	204	mentioned	partial-file
epc_ecomae_hub_logo_css_version	EpcEcomaeHubLogoCssVersion	content/general_pages/epc_ecomae_hub_logo.php	php	204	mentioned	partial-file
epc_ecomae_hub_logo_enqueue	EpcEcomaeHubLogoEnqueue	content/general_pages/epc_ecomae_hub_logo.php	php	204	mentioned	partial-file
epc_ecomae_hub_logo_image_url	EpcEcomaeHubLogoImageUrl	content/general_pages/epc_ecomae_hub_logo.php	php	204	mentioned	partial-file
epc_ecomae_hub_logo_nodes	EpcEcomaeHubLogoNodes	content/general_pages/epc_ecomae_hub_logo.php	php	204	mentioned	partial-file
epc_ecomae_static_logo	EpcEcomaeStaticLogo	content/general_pages/epc_ecomae_hub_logo.php	php	204	mentioned	partial-file
epc_ecomae_h	EpcEcomaeH	content/general_pages/epc_ecomae_platform_data.php	php	1278	gap	later
epc_ecomae_platform_area_shot	EpcEcomaePlatformAreaShot	content/general_pages/epc_ecomae_platform_data.php	php	1278	gap	later
epc_ecomae_platform_base_url	EpcEcomaePlatformBaseUrl	content/general_pages/epc_ecomae_platform_data.php	php	1278	gap	later
epc_ecomae_platform_business_continuity	EpcEcomaePlatformBusinessContinuity	content/general_pages/epc_ecomae_platform_data.php	php	1278	gap	later
epc_ecomae_platform_capability_screenshot	EpcEcomaePlatformCapabilityScreenshot	content/general_pages/epc_ecomae_platform_data.php	php	1278	gap	later
epc_ecomae_platform_client_deliverables	EpcEcomaePlatformClientDeliverables	content/general_pages/epc_ecomae_platform_data.php	php	1278	gap	later
epc_ecomae_platform_company_erp_url	EpcEcomaePlatformCompanyErpUrl	content/general_pages/epc_ecomae_platform_data.php	php	1278	gap	later
epc_ecomae_platform_customer_results	EpcEcomaePlatformCustomerResults	content/general_pages/epc_ecomae_platform_data.php	php	1278	gap	later
epc_ecomae_platform_demo_package	EpcEcomaePlatformDemoPackage	content/general_pages/epc_ecomae_platform_data.php	php	1278	gap	later
epc_ecomae_platform_ecosystem_model	EpcEcomaePlatformEcosystemModel	content/general_pages/epc_ecomae_platform_data.php	php	1278	gap	later
epc_ecomae_platform_erp_demo_url	EpcEcomaePlatformErpDemoUrl	content/general_pages/epc_ecomae_platform_data.php	php	1278	gap	later
epc_ecomae_platform_get_industry_groups	EpcEcomaePlatformGetIndustryGroups	content/general_pages/epc_ecomae_platform_data.php	php	1278	gap	later
epc_ecomae_platform_image	EpcEcomaePlatformImage	content/general_pages/epc_ecomae_platform_data.php	php	1278	gap	later
epc_ecomae_platform_industry_details	EpcEcomaePlatformIndustryDetails	content/general_pages/epc_ecomae_platform_data.php	php	1278	gap	later
epc_ecomae_platform_industry_full	EpcEcomaePlatformIndustryFull	content/general_pages/epc_ecomae_platform_data.php	php	1278	gap	later
epc_ecomae_platform_industry_marketing	EpcEcomaePlatformIndustryMarketing	content/general_pages/epc_ecomae_platform_data.php	php	1278	gap	later
epc_ecomae_platform_industry_marketing_grouped	EpcEcomaePlatformIndustryMarketingGrouped	content/general_pages/epc_ecomae_platform_data.php	php	1278	gap	later
epc_ecomae_platform_industry_shot	EpcEcomaePlatformIndustryShot	content/general_pages/epc_ecomae_platform_data.php	php	1278	gap	later
epc_ecomae_platform_nav_dropdowns	EpcEcomaePlatformNavDropdowns	content/general_pages/epc_ecomae_platform_data.php	php	1278	gap	later
epc_ecomae_platform_onboard_url	EpcEcomaePlatformOnboardUrl	content/general_pages/epc_ecomae_platform_data.php	php	1278	gap	later
epc_ecomae_platform_price_benchmark	EpcEcomaePlatformPriceBenchmark	content/general_pages/epc_ecomae_platform_data.php	php	1278	gap	later
epc_ecomae_platform_product_areas	EpcEcomaePlatformProductAreas	content/general_pages/epc_ecomae_platform_data.php	php	1278	gap	later
epc_ecomae_platform_rental_plans	EpcEcomaePlatformRentalPlans	content/general_pages/epc_ecomae_platform_data.php	php	1278	gap	later
epc_ecomae_platform_screenshot	EpcEcomaePlatformScreenshot	content/general_pages/epc_ecomae_platform_data.php	php	1278	gap	later
epc_ecomae_platform_storefront_theme_showcase	EpcEcomaePlatformStorefrontThemeShowcase	content/general_pages/epc_ecomae_platform_data.php	php	1278	gap	later
epc_ecomae_platform_super_cp_capabilities_catalog	EpcEcomaePlatformSuperCpCapabilitiesCatalog	content/general_pages/epc_ecomae_platform_data.php	php	1278	gap	later
epc_ecomae_platform_super_cp_capability_categories	EpcEcomaePlatformSuperCpCapabilityCategories	content/general_pages/epc_ecomae_platform_data.php	php	1278	gap	later
epc_ecomae_platform_super_cp_capability_count	EpcEcomaePlatformSuperCpCapabilityCount	content/general_pages/epc_ecomae_platform_data.php	php	1278	gap	later
epc_ecomae_platform_super_cp_guide_areas	EpcEcomaePlatformSuperCpGuideAreas	content/general_pages/epc_ecomae_platform_data.php	php	1278	gap	later
epc_ecomae_platform_super_cp_url	EpcEcomaePlatformSuperCpUrl	content/general_pages/epc_ecomae_platform_data.php	php	1278	gap	later
epc_ecomae_platform_super_erp_url	EpcEcomaePlatformSuperErpUrl	content/general_pages/epc_ecomae_platform_data.php	php	1278	gap	later
epc_ecomae_platform_templates_url	EpcEcomaePlatformTemplatesUrl	content/general_pages/epc_ecomae_platform_data.php	php	1278	gap	later
enVoices	EnVoices	content/general_pages/epc_ecomae_platform_demo_layla.php	js	695	mentioned	browser-js
epc_ecomae_demo_layla_avatar_inline	EpcEcomaeDemoLaylaAvatarInline	content/general_pages/epc_ecomae_platform_demo_layla.php	php	695	mentioned	partial-file
epc_ecomae_demo_layla_avatar_url	EpcEcomaeDemoLaylaAvatarUrl	content/general_pages/epc_ecomae_platform_demo_layla.php	php	695	mentioned	partial-file
epc_ecomae_demo_layla_footer_widget_html	EpcEcomaeDemoLaylaFooterWidgetHtml	content/general_pages/epc_ecomae_platform_demo_layla.php	php	695	mentioned	partial-file
epc_ecomae_demo_layla_home_section	EpcEcomaeDemoLaylaHomeSection	content/general_pages/epc_ecomae_platform_demo_layla.php	php	695	mentioned	partial-file
epc_ecomae_demo_layla_marketing_scripts	EpcEcomaeDemoLaylaMarketingScripts	content/general_pages/epc_ecomae_platform_demo_layla.php	php	695	mentioned	partial-file
epc_ecomae_demo_layla_pitch_lines	EpcEcomaeDemoLaylaPitchLines	content/general_pages/epc_ecomae_platform_demo_layla.php	php	695	mentioned	partial-file
epc_ecomae_demo_layla_scripts	EpcEcomaeDemoLaylaScripts	content/general_pages/epc_ecomae_platform_demo_layla.php	php	695	mentioned	partial-file
epc_ecomae_demo_layla_splash_html	EpcEcomaeDemoLaylaSplashHtml	content/general_pages/epc_ecomae_platform_demo_layla.php	php	695	mentioned	partial-file
epc_ecomae_demo_layla_stage_html	EpcEcomaeDemoLaylaStageHtml	content/general_pages/epc_ecomae_platform_demo_layla.php	php	695	mentioned	partial-file
epc_ecomae_demo_layla_styles	EpcEcomaeDemoLaylaStyles	content/general_pages/epc_ecomae_platform_demo_layla.php	php	695	mentioned	partial-file
epc_ecomae_demo_layla_wizard_html	EpcEcomaeDemoLaylaWizardHtml	content/general_pages/epc_ecomae_platform_demo_layla.php	php	695	mentioned	partial-file
initPitch	InitPitch	content/general_pages/epc_ecomae_platform_demo_layla.php	js	695	mentioned	browser-js
laylaSay	LaylaSay	content/general_pages/epc_ecomae_platform_demo_layla.php	js	695	mentioned	browser-js
pickVoice	PickVoice	content/general_pages/epc_ecomae_platform_demo_layla.php	js	695	mentioned	browser-js
setAvatarSpeaking	SetAvatarSpeaking	content/general_pages/epc_ecomae_platform_demo_layla.php	js	695	mentioned	browser-js
setProgress	SetProgress	content/general_pages/epc_ecomae_platform_demo_layla.php	js	695	mentioned	browser-js
speakText	SpeakText	content/general_pages/epc_ecomae_platform_demo_layla.php	js	695	mentioned	browser-js
typeLine	TypeLine	content/general_pages/epc_ecomae_platform_demo_layla.php	js	695	mentioned	browser-js
epc_ecomae_h	EpcEcomaeH	content/general_pages/epc_ecomae_platform_home.php	php	118	gap	ready
closeCap	CloseCap	content/general_pages/epc_ecomae_platform_layout.php	js	1459	mentioned	browser-js
epc_ecomae_platform_area_section	EpcEcomaePlatformAreaSection	content/general_pages/epc_ecomae_platform_layout.php	php	1459	mentioned	partial-file
epc_ecomae_platform_areas_toc	EpcEcomaePlatformAreasToc	content/general_pages/epc_ecomae_platform_layout.php	php	1459	mentioned	partial-file
epc_ecomae_platform_capabilities_browser	EpcEcomaePlatformCapabilitiesBrowser	content/general_pages/epc_ecomae_platform_layout.php	php	1459	mentioned	partial-file
epc_ecomae_platform_capability_guides_map	EpcEcomaePlatformCapabilityGuidesMap	content/general_pages/epc_ecomae_platform_layout.php	php	1459	mentioned	partial-file
epc_ecomae_platform_capability_modal_payload	EpcEcomaePlatformCapabilityModalPayload	content/general_pages/epc_ecomae_platform_layout.php	php	1459	mentioned	partial-file
epc_ecomae_platform_capability_modal_script	EpcEcomaePlatformCapabilityModalScript	content/general_pages/epc_ecomae_platform_layout.php	php	1459	mentioned	partial-file
epc_ecomae_platform_capability_modal_shell	EpcEcomaePlatformCapabilityModalShell	content/general_pages/epc_ecomae_platform_layout.php	php	1459	mentioned	partial-file
epc_ecomae_platform_continuity_section	EpcEcomaePlatformContinuitySection	content/general_pages/epc_ecomae_platform_layout.php	php	1459	mentioned	partial-file
epc_ecomae_platform_ecosystem_strip	EpcEcomaePlatformEcosystemStrip	content/general_pages/epc_ecomae_platform_layout.php	php	1459	mentioned	partial-file
epc_ecomae_platform_failover_flow_diagram	EpcEcomaePlatformFailoverFlowDiagram	content/general_pages/epc_ecomae_platform_layout.php	php	1459	mentioned	partial-file
epc_ecomae_platform_flow_nodes	EpcEcomaePlatformFlowNodes	content/general_pages/epc_ecomae_platform_layout.php	php	1459	mentioned	partial-file
epc_ecomae_platform_go_live_24_section	EpcEcomaePlatformGoLive24Section	content/general_pages/epc_ecomae_platform_layout.php	php	1459	mentioned	partial-file
epc_ecomae_platform_guide_area_section	EpcEcomaePlatformGuideAreaSection	content/general_pages/epc_ecomae_platform_layout.php	php	1459	mentioned	partial-file
epc_ecomae_platform_head_html	EpcEcomaePlatformHeadHtml	content/general_pages/epc_ecomae_platform_layout.php	php	1459	mentioned	partial-file
epc_ecomae_platform_layout_close	EpcEcomaePlatformLayoutClose	content/general_pages/epc_ecomae_platform_layout.php	php	1459	mentioned	partial-file
epc_ecomae_platform_logo_url	EpcEcomaePlatformLogoUrl	content/general_pages/epc_ecomae_platform_layout.php	php	1459	mentioned	partial-file
epc_ecomae_platform_pack_label	EpcEcomaePlatformPackLabel	content/general_pages/epc_ecomae_platform_layout.php	php	1459	mentioned	partial-file
epc_ecomae_platform_page_description	EpcEcomaePlatformPageDescription	content/general_pages/epc_ecomae_platform_layout.php	php	1459	mentioned	partial-file
epc_ecomae_platform_preview_frame	EpcEcomaePlatformPreviewFrame	content/general_pages/epc_ecomae_platform_layout.php	php	1459	mentioned	partial-file
epc_ecomae_platform_static_hero	EpcEcomaePlatformStaticHero	content/general_pages/epc_ecomae_platform_layout.php	php	1459	mentioned	partial-file
epc_ecomae_platform_styles	EpcEcomaePlatformStyles	content/general_pages/epc_ecomae_platform_layout.php	php	1459	mentioned	partial-file
epc_ecomae_platform_super_cp_guides_strip	EpcEcomaePlatformSuperCpGuidesStrip	content/general_pages/epc_ecomae_platform_layout.php	php	1459	mentioned	partial-file
epc_ecomae_platform_unified_stack_section	EpcEcomaePlatformUnifiedStackSection	content/general_pages/epc_ecomae_platform_layout.php	php	1459	mentioned	partial-file
epc_ecomae_platform_worldwide_tax_toolkit_section	EpcEcomaePlatformWorldwideTaxToolkitSection	content/general_pages/epc_ecomae_platform_layout.php	php	1459	mentioned	partial-file
openCap	OpenCap	content/general_pages/epc_ecomae_platform_layout.php	js	1459	mentioned	browser-js
epc_ecomae_platform_ecosystem_model_section	EpcEcomaePlatformEcosystemModelSection	content/general_pages/epc_ecomae_platform_pages.php	php	1911	gap	later
epc_ecomae_platform_get_industry_groups	EpcEcomaePlatformGetIndustryGroups	content/general_pages/epc_ecomae_platform_pages.php	php	1911	gap	later
epc_ecomae_platform_page_faq	EpcEcomaePlatformPageFaq	content/general_pages/epc_ecomae_platform_pages.php	php	1911	gap	later
epc_ecomae_platform_page_industry	EpcEcomaePlatformPageIndustry	content/general_pages/epc_ecomae_platform_pages.php	php	1911	gap	later
epc_ecomae_platform_render_inner	EpcEcomaePlatformRenderInner	content/general_pages/epc_ecomae_platform_pages.php	php	1911	gap	later
epc_ecomae_platform_render_page	EpcEcomaePlatformRenderPage	content/general_pages/epc_ecomae_platform_pages.php	php	1911	gap	later
filterSubs	FilterSubs	content/general_pages/epc_ecomae_platform_pages.php	js	1911	gap	browser-js
scoreText	ScoreText	content/general_pages/epc_ecomae_platform_pages.php	js	1911	gap	browser-js
epc_ecomae_is_marketing_platform_host	EpcEcomaeIsMarketingPlatformHost	content/general_pages/epc_ecomae_platform_router.php	php	863	gap	later
epc_ecomae_marketing_hostnames	EpcEcomaeMarketingHostnames	content/general_pages/epc_ecomae_platform_router.php	php	863	gap	later
epc_ecomae_marketing_redirect_legacy_cms_path	EpcEcomaeMarketingRedirectLegacyCmsPath	content/general_pages/epc_ecomae_platform_router.php	js	863	gap	browser-js
epc_ecomae_marketing_request_host	EpcEcomaeMarketingRequestHost	content/general_pages/epc_ecomae_platform_router.php	php	863	gap	later
epc_ecomae_platform_absorb_route	EpcEcomaePlatformAbsorbRoute	content/general_pages/epc_ecomae_platform_router.php	js	863	gap	browser-js
epc_ecomae_platform_current_page	EpcEcomaePlatformCurrentPage	content/general_pages/epc_ecomae_platform_router.php	js	863	gap	browser-js
epc_ecomae_platform_demo_flash	EpcEcomaePlatformDemoFlash	content/general_pages/epc_ecomae_platform_router.php	js	863	gap	browser-js
epc_ecomae_platform_handle_demo_post	EpcEcomaePlatformHandleDemoPost	content/general_pages/epc_ecomae_platform_router.php	js	863	gap	browser-js
epc_ecomae_platform_init_route	EpcEcomaePlatformInitRoute	content/general_pages/epc_ecomae_platform_router.php	js	863	gap	browser-js
epc_ecomae_platform_normalize_path	EpcEcomaePlatformNormalizePath	content/general_pages/epc_ecomae_platform_router.php	js	863	gap	browser-js
epc_ecomae_platform_page_title	EpcEcomaePlatformPageTitle	content/general_pages/epc_ecomae_platform_router.php	js	863	gap	browser-js
epc_ecomae_platform_process_demo_post	EpcEcomaePlatformProcessDemoPost	content/general_pages/epc_ecomae_platform_router.php	js	863	gap	browser-js
epc_ecomae_platform_render_standalone	EpcEcomaePlatformRenderStandalone	content/general_pages/epc_ecomae_platform_router.php	js	863	gap	browser-js
epc_ecomae_platform_route_state	EpcEcomaePlatformRouteState	content/general_pages/epc_ecomae_platform_router.php	php	863	gap	later
epc_ecomae_platform_send_marketing_headers	EpcEcomaePlatformSendMarketingHeaders	content/general_pages/epc_ecomae_platform_router.php	js	863	gap	browser-js
epc_ecomae_platform_should_render	EpcEcomaePlatformShouldRender	content/general_pages/epc_ecomae_platform_router.php	js	863	gap	browser-js
epc_ecomae_platform_try_exit_standalone	EpcEcomaePlatformTryExitStandalone	content/general_pages/epc_ecomae_platform_router.php	js	863	gap	browser-js
epc_is_ecomae_marketing_root_request	EpcIsEcomaeMarketingRootRequest	content/general_pages/epc_ecomae_platform_router.php	php	863	gap	later
epc_render_ecomae_marketing_home_and_exit	EpcRenderEcomaeMarketingHomeAndExit	content/general_pages/epc_ecomae_platform_router.php	php	863	gap	later
epc_render_industry_subdomain_page	EpcRenderIndustrySubdomainPage	content/general_pages/epc_ecomae_platform_router.php	php	863	gap	later
epc_el_pl_href	EpcElPlHref	content/general_pages/epc_electronicae_home_product_lines.php	php	70	gap	ready
epc_electronicae_all_lines_href	EpcElectronicaeAllLinesHref	content/general_pages/epc_electronicae_storefront.php	php	555	gap	later
epc_electronicae_category_has_products	EpcElectronicaeCategoryHasProducts	content/general_pages/epc_electronicae_storefront.php	php	555	gap	later
epc_electronicae_category_prefers_products	EpcElectronicaeCategoryPrefersProducts	content/general_pages/epc_electronicae_storefront.php	php	555	gap	later
epc_electronicae_category_sql_in	EpcElectronicaeCategorySqlIn	content/general_pages/epc_electronicae_storefront.php	php	555	gap	later
epc_electronicae_category_subtree_ids	EpcElectronicaeCategorySubtreeIds	content/general_pages/epc_electronicae_storefront.php	php	555	gap	later
epc_electronicae_category_url	EpcElectronicaeCategoryUrl	content/general_pages/epc_electronicae_storefront.php	php	555	gap	later
epc_electronicae_filter_menu_tree	EpcElectronicaeFilterMenuTree	content/general_pages/epc_electronicae_storefront.php	php	555	gap	later
epc_electronicae_hero_slides	EpcElectronicaeHeroSlides	content/general_pages/epc_electronicae_storefront.php	php	555	gap	later
epc_electronicae_home_product_sections	EpcElectronicaeHomeProductSections	content/general_pages/epc_electronicae_storefront.php	php	555	gap	later
epc_electronicae_href	EpcElectronicaeHref	content/general_pages/epc_electronicae_storefront.php	php	555	gap	later
epc_electronicae_lang_prefix	EpcElectronicaeLangPrefix	content/general_pages/epc_electronicae_storefront.php	php	555	gap	later
epc_electronicae_line_product_count	EpcElectronicaeLineProductCount	content/general_pages/epc_electronicae_storefront.php	php	555	gap	later
epc_electronicae_line_product_image	EpcElectronicaeLineProductImage	content/general_pages/epc_electronicae_storefront.php	php	555	gap	later
epc_electronicae_line_tile	EpcElectronicaeLineTile	content/general_pages/epc_electronicae_storefront.php	php	555	gap	later
epc_electronicae_line_visual	EpcElectronicaeLineVisual	content/general_pages/epc_electronicae_storefront.php	php	555	gap	later
epc_electronicae_mega_nav	EpcElectronicaeMegaNav	content/general_pages/epc_electronicae_storefront.php	php	555	gap	later
epc_electronicae_normalize_image_url	EpcElectronicaeNormalizeImageUrl	content/general_pages/epc_electronicae_storefront.php	php	555	gap	later
epc_electronicae_preferred_line_slugs	EpcElectronicaePreferredLineSlugs	content/general_pages/epc_electronicae_storefront.php	php	555	gap	later
epc_electronicae_product_card	EpcElectronicaeProductCard	content/general_pages/epc_electronicae_storefront.php	php	555	gap	later
epc_electronicae_product_line_tiles	EpcElectronicaeProductLineTiles	content/general_pages/epc_electronicae_storefront.php	php	555	gap	later
epc_electronicae_render_empty_category	EpcElectronicaeRenderEmptyCategory	content/general_pages/epc_electronicae_storefront.php	php	555	gap	later
epc_electronicae_root_category_id	EpcElectronicaeRootCategoryId	content/general_pages/epc_electronicae_storefront.php	php	555	gap	later
epc_electronicae_site_key	EpcElectronicaeSiteKey	content/general_pages/epc_electronicae_storefront.php	php	555	gap	later
epc_electronicae_storefront_active	EpcElectronicaeStorefrontActive	content/general_pages/epc_electronicae_storefront.php	php	555	gap	later
browseBackHref	BrowseBackHref	content/general_pages/epc_epartscart_accessories.php	js	837	gap	browser-js
clearDetail	ClearDetail	content/general_pages/epc_epartscart_accessories.php	js	837	gap	browser-js
facetList	FacetList	content/general_pages/epc_epartscart_accessories.php	js	837	gap	browser-js
fillVehicleMakes	FillVehicleMakes	content/general_pages/epc_epartscart_accessories.php	js	837	gap	browser-js
getSaved	GetSaved	content/general_pages/epc_epartscart_accessories.php	js	837	gap	browser-js
isSaved	IsSaved	content/general_pages/epc_epartscart_accessories.php	js	837	gap	browser-js
listingHref	ListingHref	content/general_pages/epc_epartscart_accessories.php	js	837	gap	browser-js
listingPhotos	ListingPhotos	content/general_pages/epc_epartscart_accessories.php	js	837	gap	browser-js
readUrl	ReadUrl	content/general_pages/epc_epartscart_accessories.php	js	837	gap	browser-js
relativeUpdated	RelativeUpdated	content/general_pages/epc_epartscart_accessories.php	js	837	gap	browser-js
renderCards	RenderCards	content/general_pages/epc_epartscart_accessories.php	js	837	gap	browser-js
renderDetail	RenderDetail	content/general_pages/epc_epartscart_accessories.php	js	837	gap	browser-js
renderFacets	RenderFacets	content/general_pages/epc_epartscart_accessories.php	js	837	gap	browser-js
renderPager	RenderPager	content/general_pages/epc_epartscart_accessories.php	js	837	gap	browser-js
saveNotify	SaveNotify	content/general_pages/epc_epartscart_accessories.php	js	837	gap	browser-js
setSaved	SetSaved	content/general_pages/epc_epartscart_accessories.php	js	837	gap	browser-js
setView	SetView	content/general_pages/epc_epartscart_accessories.php	js	837	gap	browser-js
syncUrl	SyncUrl	content/general_pages/epc_epartscart_accessories.php	js	837	gap	browser-js
toggleSaved	ToggleSaved	content/general_pages/epc_epartscart_accessories.php	js	837	gap	browser-js
updateSavedBar	UpdateSavedBar	content/general_pages/epc_epartscart_accessories.php	js	837	gap	browser-js
epc_ep_pl_href	EpcEpPlHref	content/general_pages/epc_epartscart_home_product_lines.php	php	81	gap	ready
fmtPrice	FmtPrice	content/general_pages/epc_epartscart_spare_parts.php	js	184	gap	browser-js
runSearch	RunSearch	content/general_pages/epc_epartscart_spare_parts.php	js	184	gap	browser-js
epc_epartscart_apai_category_redirect	EpcEpartscartApaiCategoryRedirect	content/general_pages/epc_epartscart_storefront.php	php	138	gap	ready
epc_epartscart_catalog_placeholder_url	EpcEpartscartCatalogPlaceholderUrl	content/general_pages/epc_epartscart_storefront.php	php	138	gap	ready
epc_epartscart_filter_menu_tree	EpcEpartscartFilterMenuTree	content/general_pages/epc_epartscart_storefront.php	php	138	gap	ready
epc_epartscart_is_apai_alias	EpcEpartscartIsApaiAlias	content/general_pages/epc_epartscart_storefront.php	php	138	gap	ready
epc_epartscart_is_apai_url	EpcEpartscartIsApaiUrl	content/general_pages/epc_epartscart_storefront.php	php	138	gap	ready
epc_epartscart_lang_href	EpcEpartscartLangHref	content/general_pages/epc_epartscart_storefront.php	php	138	gap	ready
epc_epartscart_storefront_active	EpcEpartscartStorefrontActive	content/general_pages/epc_epartscart_storefront.php	php	138	gap	ready
epc_epartscart_use_neutral_product_image	EpcEpartscartUseNeutralProductImage	content/general_pages/epc_epartscart_storefront.php	php	138	gap	ready
epc_storefront_catalog_placeholder_for_hint	EpcStorefrontCatalogPlaceholderForHint	content/general_pages/epc_epartscart_storefront.php	php	138	gap	ready
epc_int_backend	EpcIntBackend	content/general_pages/epc_integrations_helpers.php	php	662	gap	later
epc_int_h	EpcIntH	content/general_pages/epc_integrations_helpers.php	php	662	gap	later
epc_integrations_categories	EpcIntegrationsCategories	content/general_pages/epc_integrations_helpers.php	php	662	gap	later
epc_integrations_default_mobile_config	EpcIntegrationsDefaultMobileConfig	content/general_pages/epc_integrations_helpers.php	php	662	gap	later
epc_integrations_feature_enabled	EpcIntegrationsFeatureEnabled	content/general_pages/epc_integrations_helpers.php	php	662	gap	later
epc_integrations_load_tenant_config	EpcIntegrationsLoadTenantConfig	content/general_pages/epc_integrations_helpers.php	php	662	gap	later
epc_integrations_mobile_config	EpcIntegrationsMobileConfig	content/general_pages/epc_integrations_helpers.php	php	662	gap	later
epc_integrations_platform_mobile_defaults	EpcIntegrationsPlatformMobileDefaults	content/general_pages/epc_integrations_helpers.php	php	662	gap	later
epc_integrations_register_cp_content	EpcIntegrationsRegisterCpContent	content/general_pages/epc_integrations_helpers.php	php	662	gap	later
epc_integrations_resolve_guide	EpcIntegrationsResolveGuide	content/general_pages/epc_integrations_helpers.php	php	662	gap	later
epc_marketplace_browse	EpcMarketplaceBrowse	content/general_pages/epc_marketplace.php	php	245	mentioned	partial-file
epc_marketplace_builtin_apps	EpcMarketplaceBuiltinApps	content/general_pages/epc_marketplace.php	php	245	mentioned	partial-file
epc_marketplace_categories	EpcMarketplaceCategories	content/general_pages/epc_marketplace.php	php	245	mentioned	partial-file
epc_marketplace_ensure_schema	EpcMarketplaceEnsureSchema	content/general_pages/epc_marketplace.php	php	245	mentioned	partial-file
epc_marketplace_featured	EpcMarketplaceFeatured	content/general_pages/epc_marketplace.php	php	245	mentioned	partial-file
epc_marketplace_fleet_stats	EpcMarketplaceFleetStats	content/general_pages/epc_marketplace.php	php	245	mentioned	partial-file
epc_marketplace_get_app	EpcMarketplaceGetApp	content/general_pages/epc_marketplace.php	php	245	mentioned	partial-file
epc_marketplace_get_reviews	EpcMarketplaceGetReviews	content/general_pages/epc_marketplace.php	php	245	mentioned	partial-file
epc_marketplace_search	EpcMarketplaceSearch	content/general_pages/epc_marketplace.php	php	245	mentioned	partial-file
epc_marketplace_seed_apps	EpcMarketplaceSeedApps	content/general_pages/epc_marketplace.php	php	245	mentioned	partial-file
epc_marketplace_tenant_apps	EpcMarketplaceTenantApps	content/general_pages/epc_marketplace.php	php	245	mentioned	partial-file
epc_marketplace_update_app	EpcMarketplaceUpdateApp	content/general_pages/epc_marketplace.php	php	245	mentioned	partial-file
epc_metabase_dashboards_list	EpcMetabaseDashboardsList	content/general_pages/epc_metabase_embed.php	php	136	mentioned	partial-file
epc_metabase_embed_url	EpcMetabaseEmbedUrl	content/general_pages/epc_metabase_embed.php	php	136	mentioned	partial-file
epc_metabase_ensure_schema	EpcMetabaseEnsureSchema	content/general_pages/epc_metabase_embed.php	php	136	mentioned	partial-file
epc_metabase_fleet_stats	EpcMetabaseFleetStats	content/general_pages/epc_metabase_embed.php	php	136	mentioned	partial-file
epc_metabase_jwt_encode	EpcMetabaseJwtEncode	content/general_pages/epc_metabase_embed.php	php	136	mentioned	partial-file
epc_nlr_builtin_reports	EpcNlrBuiltinReports	content/general_pages/epc_nl_reporting.php	php	267	mentioned	partial-file
epc_nlr_create_from_template	EpcNlrCreateFromTemplate	content/general_pages/epc_nl_reporting.php	php	267	mentioned	partial-file
epc_nlr_cron_to_seconds	EpcNlrCronToSeconds	content/general_pages/epc_nl_reporting.php	php	267	mentioned	partial-file
epc_nlr_ensure_schema	EpcNlrEnsureSchema	content/general_pages/epc_nl_reporting.php	php	267	mentioned	partial-file
epc_nlr_fleet_stats	EpcNlrFleetStats	content/general_pages/epc_nl_reporting.php	php	267	mentioned	partial-file
epc_nlr_get_due_reports	EpcNlrGetDueReports	content/general_pages/epc_nl_reporting.php	php	267	mentioned	partial-file
epc_nlr_list_definitions	EpcNlrListDefinitions	content/general_pages/epc_nl_reporting.php	php	267	mentioned	partial-file
epc_nlr_run_history	EpcNlrRunHistory	content/general_pages/epc_nl_reporting.php	php	267	mentioned	partial-file
epc_nlr_run_report	EpcNlrRunReport	content/general_pages/epc_nl_reporting.php	php	267	mentioned	partial-file
epc_nlr_templates	EpcNlrTemplates	content/general_pages/epc_nl_reporting.php	php	267	mentioned	partial-file
epc_oauth_buttons_render	EpcOauthButtonsRender	content/general_pages/epc_oauth_buttons.php	php	188	mentioned	partial-file
epc_oauth_buttons_styles_once	EpcOauthButtonsStylesOnce	content/general_pages/epc_oauth_buttons.php	php	188	mentioned	partial-file
epc_oauth_provider_icon_svg	EpcOauthProviderIconSvg	content/general_pages/epc_oauth_buttons.php	php	188	mentioned	partial-file
epc_oauth_apple_client_secret	EpcOauthAppleClientSecret	content/general_pages/epc_oauth_providers.php	php	846	gap	later
epc_oauth_callback_url	EpcOauthCallbackUrl	content/general_pages/epc_oauth_providers.php	php	846	gap	later
epc_oauth_complete_login	EpcOauthCompleteLogin	content/general_pages/epc_oauth_providers.php	php	846	gap	later
epc_oauth_decode_jwt_payload	EpcOauthDecodeJwtPayload	content/general_pages/epc_oauth_providers.php	php	846	gap	later
epc_oauth_der_to_raw_ecdsa	EpcOauthDerToRawEcdsa	content/general_pages/epc_oauth_providers.php	php	846	gap	later
epc_oauth_enabled_providers	EpcOauthEnabledProviders	content/general_pages/epc_oauth_providers.php	php	846	gap	later
epc_oauth_ensure_config_schema	EpcOauthEnsureConfigSchema	content/general_pages/epc_oauth_providers.php	php	846	gap	later
epc_oauth_ensure_identity_schema	EpcOauthEnsureIdentitySchema	content/general_pages/epc_oauth_providers.php	php	846	gap	later
epc_oauth_http	EpcOauthHttp	content/general_pages/epc_oauth_providers.php	php	846	gap	later
epc_oauth_is_configured	EpcOauthIsConfigured	content/general_pages/epc_oauth_providers.php	php	846	gap	later
epc_oauth_is_known_provider	EpcOauthIsKnownProvider	content/general_pages/epc_oauth_providers.php	php	846	gap	later
epc_oauth_platform_pdo	EpcOauthPlatformPdo	content/general_pages/epc_oauth_providers.php	php	846	gap	later
epc_oauth_profile_from_apple	EpcOauthProfileFromApple	content/general_pages/epc_oauth_providers.php	php	846	gap	later
epc_oauth_profile_from_facebook	EpcOauthProfileFromFacebook	content/general_pages/epc_oauth_providers.php	php	846	gap	later
epc_oauth_profile_from_github	EpcOauthProfileFromGithub	content/general_pages/epc_oauth_providers.php	php	846	gap	later
epc_oauth_profile_from_google	EpcOauthProfileFromGoogle	content/general_pages/epc_oauth_providers.php	php	846	gap	later
epc_oauth_profile_from_microsoft	EpcOauthProfileFromMicrosoft	content/general_pages/epc_oauth_providers.php	php	846	gap	later
epc_oauth_provider_credentials	EpcOauthProviderCredentials	content/general_pages/epc_oauth_providers.php	php	846	gap	later
epc_oauth_provider_defs	EpcOauthProviderDefs	content/general_pages/epc_oauth_providers.php	php	846	gap	later
epc_oauth_provider_ids	EpcOauthProviderIds	content/general_pages/epc_oauth_providers.php	php	846	gap	later
epc_oauth_record_identity	EpcOauthRecordIdentity	content/general_pages/epc_oauth_providers.php	php	846	gap	later
epc_oauth_state_pack	EpcOauthStatePack	content/general_pages/epc_oauth_providers.php	php	846	gap	later
appendClientGeo	AppendClientGeo	content/general_pages/epc_parts_agent_widget.php	js	838	gap	browser-js
appendMessage	AppendMessage	content/general_pages/epc_parts_agent_widget.php	js	838	gap	browser-js
applyBranding	ApplyBranding	content/general_pages/epc_parts_agent_widget.php	js	838	gap	browser-js
ensureVisitorGeo	EnsureVisitorGeo	content/general_pages/epc_parts_agent_widget.php	js	838	gap	browser-js
escHtml	EscHtml	content/general_pages/epc_parts_agent_widget.php	js	838	gap	browser-js
fetchJson	FetchJson	content/general_pages/epc_parts_agent_widget.php	js	838	gap	browser-js
handleReply	HandleReply	content/general_pages/epc_parts_agent_widget.php	js	838	gap	browser-js
hasChatHistory	HasChatHistory	content/general_pages/epc_parts_agent_widget.php	js	838	gap	browser-js
hideTeaser	HideTeaser	content/general_pages/epc_parts_agent_widget.php	js	838	gap	browser-js
hideTyping	HideTyping	content/general_pages/epc_parts_agent_widget.php	js	838	gap	browser-js
initBootstrap	InitBootstrap	content/general_pages/epc_parts_agent_widget.php	js	838	gap	browser-js
loadChatLocal	LoadChatLocal	content/general_pages/epc_parts_agent_widget.php	js	838	gap	browser-js
readCookie	ReadCookie	content/general_pages/epc_parts_agent_widget.php	js	838	gap	browser-js
renderChatLog	RenderChatLog	content/general_pages/epc_parts_agent_widget.php	js	838	gap	browser-js
renderMarkdownLite	RenderMarkdownLite	content/general_pages/epc_parts_agent_widget.php	js	838	gap	browser-js
restoreChatHistory	RestoreChatHistory	content/general_pages/epc_parts_agent_widget.php	js	838	gap	browser-js
saveChatLocal	SaveChatLocal	content/general_pages/epc_parts_agent_widget.php	js	838	gap	browser-js
scrollMessages	ScrollMessages	content/general_pages/epc_parts_agent_widget.php	js	838	gap	browser-js
setChips	SetChips	content/general_pages/epc_parts_agent_widget.php	js	838	gap	browser-js
setGeoCookie	SetGeoCookie	content/general_pages/epc_parts_agent_widget.php	js	838	gap	browser-js
setOpen	SetOpen	content/general_pages/epc_parts_agent_widget.php	js	838	gap	browser-js
showTeaser	ShowTeaser	content/general_pages/epc_parts_agent_widget.php	js	838	gap	browser-js
showTyping	ShowTyping	content/general_pages/epc_parts_agent_widget.php	js	838	gap	browser-js
epc_platform_erp_apply_config	EpcPlatformErpApplyConfig	content/general_pages/epc_platform_erp_router.php	php	311	gap	later
epc_platform_erp_backend_dir	EpcPlatformErpBackendDir	content/general_pages/epc_platform_erp_router.php	php	311	gap	later
epc_platform_erp_block_client_session	EpcPlatformErpBlockClientSession	content/general_pages/epc_platform_erp_router.php	php	311	gap	later
epc_platform_erp_block_platform_operator_on_client_erp	EpcPlatformErpBlockPlatformOperatorOnClientErp	content/general_pages/epc_platform_erp_router.php	php	311	gap	later
epc_platform_erp_bootstrap	EpcPlatformErpBootstrap	content/general_pages/epc_platform_erp_router.php	php	311	gap	later
epc_platform_erp_clear_cookie	EpcPlatformErpClearCookie	content/general_pages/epc_platform_erp_router.php	php	311	gap	later
epc_platform_erp_cookie_name	EpcPlatformErpCookieName	content/general_pages/epc_platform_erp_router.php	php	311	gap	later
epc_platform_erp_has_cookie	EpcPlatformErpHasCookie	content/general_pages/epc_platform_erp_router.php	php	311	gap	later
epc_platform_erp_is_active	EpcPlatformErpIsActive	content/general_pages/epc_platform_erp_router.php	php	311	gap	later
epc_platform_erp_is_platform_cp_host	EpcPlatformErpIsPlatformCpHost	content/general_pages/epc_platform_erp_router.php	php	311	gap	later
epc_platform_erp_is_request	EpcPlatformErpIsRequest	content/general_pages/epc_platform_erp_router.php	php	311	gap	later
epc_platform_erp_login_url	EpcPlatformErpLoginUrl	content/general_pages/epc_platform_erp_router.php	php	311	gap	later
epc_platform_erp_original_uri	EpcPlatformErpOriginalUri	content/general_pages/epc_platform_erp_router.php	php	311	gap	later
epc_platform_erp_parse_request	EpcPlatformErpParseRequest	content/general_pages/epc_platform_erp_router.php	php	311	gap	later
epc_platform_erp_path_prefix	EpcPlatformErpPathPrefix	content/general_pages/epc_platform_erp_router.php	php	311	gap	later
epc_platform_erp_portal_target_from_subpath	EpcPlatformErpPortalTargetFromSubpath	content/general_pages/epc_platform_erp_router.php	php	311	gap	later
epc_platform_erp_set_cookie	EpcPlatformErpSetCookie	content/general_pages/epc_platform_erp_router.php	php	311	gap	later
epc_platform_erp_shell_url	EpcPlatformErpShellUrl	content/general_pages/epc_platform_erp_router.php	php	311	gap	later
epc_cp_control_url	EpcCpControlUrl	content/general_pages/epc_portal.php	php	1761	gap	later
epc_cp_nav_url_prefix	EpcCpNavUrlPrefix	content/general_pages/epc_portal.php	php	1761	gap	later
epc_cp_tenant_landing_url	EpcCpTenantLandingUrl	content/general_pages/epc_portal.php	php	1761	gap	later
epc_portal_access_mode	EpcPortalAccessMode	content/general_pages/epc_portal.php	php	1761	gap	later
epc_portal_active_storefront_package	EpcPortalActiveStorefrontPackage	content/general_pages/epc_portal.php	php	1761	gap	later
epc_portal_apply_config	EpcPortalApplyConfig	content/general_pages/epc_portal.php	php	1761	gap	later
epc_portal_automotive_spareparts_pro_enabled	EpcPortalAutomotiveSparepartsProEnabled	content/general_pages/epc_portal.php	php	1761	gap	later
epc_portal_can_deploy_portal_package	EpcPortalCanDeployPortalPackage	content/general_pages/epc_portal.php	php	1761	gap	later
epc_portal_clarity_script_html	EpcPortalClarityScriptHtml	content/general_pages/epc_portal.php	php	1761	gap	later
epc_portal_commerce_storefront_enabled	EpcPortalCommerceStorefrontEnabled	content/general_pages/epc_portal.php	php	1761	gap	later
epc_portal_consolidated_industry_info	EpcPortalConsolidatedIndustryInfo	content/general_pages/epc_portal.php	php	1761	gap	later
epc_portal_consulting_primeinvest_enabled	EpcPortalConsultingPrimeinvestEnabled	content/general_pages/epc_portal.php	php	1761	gap	later
epc_portal_cp_active_industry	EpcPortalCpActiveIndustry	content/general_pages/epc_portal.php	php	1761	gap	later
epc_portal_cp_industry_session_key	EpcPortalCpIndustrySessionKey	content/general_pages/epc_portal.php	php	1761	gap	later
epc_portal_ded_group_coverage_gaps	EpcPortalDedGroupCoverageGaps	content/general_pages/epc_portal.php	php	1761	gap	later
epc_portal_default_contact	EpcPortalDefaultContact	content/general_pages/epc_portal.php	php	1761	gap	later
epc_portal_docpart_config	EpcPortalDocpartConfig	content/general_pages/epc_portal.php	php	1761	gap	later
epc_portal_domain_path_leaks_cross_host	EpcPortalDomainPathLeaksCrossHost	content/general_pages/epc_portal.php	php	1761	gap	later
epc_portal_ecosystems	EpcPortalEcosystems	content/general_pages/epc_portal.php	php	1761	gap	later
epc_portal_electronics_retail_enabled	EpcPortalElectronicsRetailEnabled	content/general_pages/epc_portal.php	php	1761	gap	later
epc_portal_erp_cp_shell_url	EpcPortalErpCpShellUrl	content/general_pages/epc_portal.php	php	1761	gap	later
epc_portal_erp_only_packs	EpcPortalErpOnlyPacks	content/general_pages/epc_portal.php	php	1761	gap	later
epc_portal_erp_url	EpcPortalErpUrl	content/general_pages/epc_portal.php	php	1761	gap	later
epc_portal_fashion_retail_namshi_enabled	EpcPortalFashionRetailNamshiEnabled	content/general_pages/epc_portal.php	php	1761	gap	later
epc_portal_ga_measurement_id	EpcPortalGaMeasurementId	content/general_pages/epc_portal.php	php	1761	gap	later
epc_portal_guess_domain_path	EpcPortalGuessDomainPath	content/general_pages/epc_portal.php	php	1761	gap	later
epc_portal_home_mode	EpcPortalHomeMode	content/general_pages/epc_portal.php	php	1761	gap	later
epc_portal_industries	EpcPortalIndustries	content/general_pages/epc_portal.php	php	1761	gap	later
epc_portal_industries_grouped	EpcPortalIndustriesGrouped	content/general_pages/epc_portal.php	php	1761	gap	later
epc_portal_industry_group_map	EpcPortalIndustryGroupMap	content/general_pages/epc_portal.php	php	1761	gap	later
epc_portal_industry_row	EpcPortalIndustryRow	content/general_pages/epc_portal.php	php	1761	gap	later
epc_portal_is_auto_parts_site	EpcPortalIsAutoPartsSite	content/general_pages/epc_portal.php	php	1761	gap	later
epc_portal_is_cp_request	EpcPortalIsCpRequest	content/general_pages/epc_portal.php	php	1761	gap	later
epc_portal_is_erp_only_tenant	EpcPortalIsErpOnlyTenant	content/general_pages/epc_portal.php	php	1761	gap	later
epc_portal_is_platform_operator	EpcPortalIsPlatformOperator	content/general_pages/epc_portal.php	php	1761	gap	later
epc_portal_is_platform_operator_host	EpcPortalIsPlatformOperatorHost	content/general_pages/epc_portal.php	php	1761	gap	later
epc_portal_is_super_cp_host	EpcPortalIsSuperCpHost	content/general_pages/epc_portal.php	php	1761	gap	later
epc_portal_jewellery_retail_kiyasha_enabled	EpcPortalJewelleryRetailKiyashaEnabled	content/general_pages/epc_portal.php	php	1761	gap	later
epc_portal_platform_hostnames_static	EpcPortalPlatformHostnamesStatic	content/general_pages/epc_portal.php	php	1761	gap	later
epc_portal_platform_operator_pdo	EpcPortalPlatformOperatorPdo	content/general_pages/epc_portal.php	php	1761	gap	later
epc_portal_platform_operator_session_blocked	EpcPortalPlatformOperatorSessionBlocked	content/general_pages/epc_portal.php	php	1761	gap	later
epc_portal_platform_operator_session_valid	EpcPortalPlatformOperatorSessionValid	content/general_pages/epc_portal.php	php	1761	gap	later
epc_portal_request_origin	EpcPortalRequestOrigin	content/general_pages/epc_portal.php	php	1761	gap	later
epc_portal_resolve_access_mode	EpcPortalResolveAccessMode	content/general_pages/epc_portal.php	php	1761	gap	later
epc_portal_safe_domain_path	EpcPortalSafeDomainPath	content/general_pages/epc_portal.php	php	1761	gap	later
epc_portal_seller_request_label	EpcPortalSellerRequestLabel	content/general_pages/epc_portal.php	php	1761	gap	later
epc_portal_settings_industries	EpcPortalSettingsIndustries	content/general_pages/epc_portal.php	php	1761	gap	later
epc_portal_settings_packs	EpcPortalSettingsPacks	content/general_pages/epc_portal.php	php	1761	gap	later
epc_portal_site_profile	EpcPortalSiteProfile	content/general_pages/epc_portal.php	php	1761	gap	later
epc_portal_storefront_enabled	EpcPortalStorefrontEnabled	content/general_pages/epc_portal.php	php	1761	gap	later
epc_portal_tenant_has_storefront	EpcPortalTenantHasStorefront	content/general_pages/epc_portal.php	php	1761	gap	later
epc_portal_theme_css	EpcPortalThemeCss	content/general_pages/epc_portal.php	php	1761	gap	later
epc_cpi_header_href	EpcCpiHeaderHref	content/general_pages/epc_portal_consulting_primeinvest_header.php	php	113	gap	ready
epc_cpi_home_href	EpcCpiHomeHref	content/general_pages/epc_portal_consulting_primeinvest_home.php	php	347	gap	later
goTo	GoTo	content/general_pages/epc_portal_consulting_primeinvest_home.php	js	347	gap	browser-js
epc_portal_cp_advanced_group_keys	EpcPortalCpAdvancedGroupKeys	content/general_pages/epc_portal_cp_menu.php	php	503	mentioned	partial-file
epc_portal_cp_group_blocked	EpcPortalCpGroupBlocked	content/general_pages/epc_portal_cp_menu.php	php	503	mentioned	partial-file
epc_portal_cp_group_pack_map	EpcPortalCpGroupPackMap	content/general_pages/epc_portal_cp_menu.php	php	503	mentioned	partial-file
epc_portal_cp_group_subtitle	EpcPortalCpGroupSubtitle	content/general_pages/epc_portal_cp_menu.php	php	503	mentioned	partial-file
epc_portal_cp_group_subtitle_map	EpcPortalCpGroupSubtitleMap	content/general_pages/epc_portal_cp_menu.php	php	503	mentioned	partial-file
epc_portal_cp_item_blocked	EpcPortalCpItemBlocked	content/general_pages/epc_portal_cp_menu.php	php	503	mentioned	partial-file
epc_portal_cp_legacy_system_menu_hidden	EpcPortalCpLegacySystemMenuHidden	content/general_pages/epc_portal_cp_menu.php	php	503	mentioned	partial-file
epc_portal_cp_menu_defaults	EpcPortalCpMenuDefaults	content/general_pages/epc_portal_cp_menu.php	php	503	mentioned	partial-file
epc_portal_cp_menu_items_for_settings	EpcPortalCpMenuItemsForSettings	content/general_pages/epc_portal_cp_menu.php	php	503	mentioned	partial-file
epc_portal_cp_menu_policy	EpcPortalCpMenuPolicy	content/general_pages/epc_portal_cp_menu.php	php	503	mentioned	partial-file
epc_portal_cp_primary_group_keys	EpcPortalCpPrimaryGroupKeys	content/general_pages/epc_portal_cp_menu.php	php	503	mentioned	partial-file
epc_portal_push_settings_to_tenant_host	EpcPortalPushSettingsToTenantHost	content/general_pages/epc_portal_cp_menu.php	php	503	mentioned	partial-file
epc_portal_sync_tenant_packs_to_client_db	EpcPortalSyncTenantPacksToClientDb	content/general_pages/epc_portal_cp_menu.php	php	503	mentioned	partial-file
epc_portal_db_ensure	EpcPortalDbEnsure	content/general_pages/epc_portal_db.php	php	704	mentioned	partial-file
epc_portal_default_site_settings	EpcPortalDefaultSiteSettings	content/general_pages/epc_portal_db.php	php	704	mentioned	partial-file
epc_portal_enabled_packs	EpcPortalEnabledPacks	content/general_pages/epc_portal_db.php	php	704	mentioned	partial-file
epc_portal_load_site_settings_for_host	EpcPortalLoadSiteSettingsForHost	content/general_pages/epc_portal_db.php	php	704	mentioned	partial-file
epc_portal_normalize_site_settings	EpcPortalNormalizeSiteSettings	content/general_pages/epc_portal_db.php	php	704	mentioned	partial-file
epc_portal_pack_definitions	EpcPortalPackDefinitions	content/general_pages/epc_portal_db.php	php	704	mentioned	partial-file
epc_portal_demo_apply_autoparts_theme_bootstrap	EpcPortalDemoApplyAutopartsThemeBootstrap	content/general_pages/epc_portal_demo.php	php	3090	gap	later
epc_portal_demo_apply_cp_config	EpcPortalDemoApplyCpConfig	content/general_pages/epc_portal_demo.php	php	3090	gap	later
epc_portal_demo_asset_prefix	EpcPortalDemoAssetPrefix	content/general_pages/epc_portal_demo.php	php	3090	gap	later
epc_portal_demo_build_email	EpcPortalDemoBuildEmail	content/general_pages/epc_portal_demo.php	php	3090	gap	later
epc_portal_demo_clear_cp_login_cookies	EpcPortalDemoClearCpLoginCookies	content/general_pages/epc_portal_demo.php	php	3090	gap	later
epc_portal_demo_clone_essential_from_docpart	EpcPortalDemoCloneEssentialFromDocpart	content/general_pages/epc_portal_demo.php	php	3090	gap	later
epc_portal_demo_clone_schema	EpcPortalDemoCloneSchema	content/general_pages/epc_portal_demo.php	php	3090	gap	later
epc_portal_demo_clone_schema_erp_only	EpcPortalDemoCloneSchemaErpOnly	content/general_pages/epc_portal_demo.php	php	3090	gap	later
epc_portal_demo_clp_password	EpcPortalDemoClpPassword	content/general_pages/epc_portal_demo.php	php	3090	gap	later
epc_portal_demo_clp_password_save	EpcPortalDemoClpPasswordSave	content/general_pages/epc_portal_demo.php	php	3090	gap	later
epc_portal_demo_cp_autologin_secret	EpcPortalDemoCpAutologinSecret	content/general_pages/epc_portal_demo.php	php	3090	gap	later
epc_portal_demo_cp_autologin_sign	EpcPortalDemoCpAutologinSign	content/general_pages/epc_portal_demo.php	php	3090	gap	later
epc_portal_demo_cp_autologin_url	EpcPortalDemoCpAutologinUrl	content/general_pages/epc_portal_demo.php	php	3090	gap	later
epc_portal_demo_cp_backend_group_ids	EpcPortalDemoCpBackendGroupIds	content/general_pages/epc_portal_demo.php	php	3090	gap	later
epc_portal_demo_cp_clear_scope_cookie	EpcPortalDemoCpClearScopeCookie	content/general_pages/epc_portal_demo.php	php	3090	gap	later
epc_portal_demo_cp_establish_session	EpcPortalDemoCpEstablishSession	content/general_pages/epc_portal_demo.php	php	3090	gap	later
epc_portal_demo_cp_exit_db_error	EpcPortalDemoCpExitDbError	content/general_pages/epc_portal_demo.php	php	3090	gap	later
epc_portal_demo_cp_exit_schema_error	EpcPortalDemoCpExitSchemaError	content/general_pages/epc_portal_demo.php	php	3090	gap	later
epc_portal_demo_cp_is_erp_only	EpcPortalDemoCpIsErpOnly	content/general_pages/epc_portal_demo.php	php	3090	gap	later
epc_portal_demo_cp_login_url	EpcPortalDemoCpLoginUrl	content/general_pages/epc_portal_demo.php	php	3090	gap	later
epc_portal_demo_cp_maybe_redirect_bare_path	EpcPortalDemoCpMaybeRedirectBarePath	content/general_pages/epc_portal_demo.php	php	3090	gap	later
epc_portal_demo_cp_menu_tables	EpcPortalDemoCpMenuTables	content/general_pages/epc_portal_demo.php	php	3090	gap	later
epc_portal_demo_cp_original_uri	EpcPortalDemoCpOriginalUri	content/general_pages/epc_portal_demo.php	php	3090	gap	later
epc_portal_demo_cp_render_fatal	EpcPortalDemoCpRenderFatal	content/general_pages/epc_portal_demo.php	php	3090	gap	later
epc_portal_demo_cp_rewrite_nav_urls	EpcPortalDemoCpRewriteNavUrls	content/general_pages/epc_portal_demo.php	php	3090	gap	later
epc_portal_demo_cp_rewrite_nav_urls_attr_cb	EpcPortalDemoCpRewriteNavUrlsAttrCb	content/general_pages/epc_portal_demo.php	php	3090	gap	later
epc_portal_demo_cp_rewrite_nav_urls_location_cb	EpcPortalDemoCpRewriteNavUrlsLocationCb	content/general_pages/epc_portal_demo.php	php	3090	gap	later
epc_portal_demo_cp_scope_cookie_name	EpcPortalDemoCpScopeCookieName	content/general_pages/epc_portal_demo.php	php	3090	gap	later
epc_portal_demo_cp_scope_cp_path	EpcPortalDemoCpScopeCpPath	content/general_pages/epc_portal_demo.php	php	3090	gap	later
epc_portal_demo_cp_scope_from_cookie	EpcPortalDemoCpScopeFromCookie	content/general_pages/epc_portal_demo.php	php	3090	gap	later
epc_portal_demo_cp_set_scope_cookie	EpcPortalDemoCpSetScopeCookie	content/general_pages/epc_portal_demo.php	php	3090	gap	later
epc_portal_demo_cp_site_key	EpcPortalDemoCpSiteKey	content/general_pages/epc_portal_demo.php	php	3090	gap	later
epc_portal_demo_create_cp_user	EpcPortalDemoCreateCpUser	content/general_pages/epc_portal_demo.php	php	3090	gap	later
epc_portal_demo_days	EpcPortalDemoDays	content/general_pages/epc_portal_demo.php	php	3090	gap	later
epc_portal_demo_db_exists	EpcPortalDemoDbExists	content/general_pages/epc_portal_demo.php	php	3090	gap	later
epc_portal_demo_db_name	EpcPortalDemoDbName	content/general_pages/epc_portal_demo.php	php	3090	gap	later
epc_portal_demo_docpart_seed_tables	EpcPortalDemoDocpartSeedTables	content/general_pages/epc_portal_demo.php	php	3090	gap	later
epc_portal_demo_drop_database	EpcPortalDemoDropDatabase	content/general_pages/epc_portal_demo.php	php	3090	gap	later
epc_portal_demo_ensure_cp_user_backend_groups	EpcPortalDemoEnsureCpUserBackendGroups	content/general_pages/epc_portal_demo.php	php	3090	gap	later
epc_portal_demo_ensure_schema	EpcPortalDemoEnsureSchema	content/general_pages/epc_portal_demo.php	php	3090	gap	later
epc_portal_demo_ensure_tenant_backend_groups	EpcPortalDemoEnsureTenantBackendGroups	content/general_pages/epc_portal_demo.php	php	3090	gap	later
epc_portal_demo_epartscart_theme_source	EpcPortalDemoEpartscartThemeSource	content/general_pages/epc_portal_demo.php	php	3090	gap	later
epc_portal_demo_erp_module_url	EpcPortalDemoErpModuleUrl	content/general_pages/epc_portal_demo.php	php	3090	gap	later
epc_portal_demo_expire_cron	EpcPortalDemoExpireCron	content/general_pages/epc_portal_demo.php	php	3090	gap	later
epc_portal_demo_filter_output_html	EpcPortalDemoFilterOutputHtml	content/general_pages/epc_portal_demo.php	php	3090	gap	later
epc_portal_demo_finalize_runtime	EpcPortalDemoFinalizeRuntime	content/general_pages/epc_portal_demo.php	php	3090	gap	later
epc_portal_demo_generate_site_key	EpcPortalDemoGenerateSiteKey	content/general_pages/epc_portal_demo.php	php	3090	gap	later
epc_portal_demo_get_by_email	EpcPortalDemoGetByEmail	content/general_pages/epc_portal_demo.php	php	3090	gap	later
epc_portal_demo_industry_landing_info	EpcPortalDemoIndustryLandingInfo	content/general_pages/epc_portal_demo.php	php	3090	gap	later
epc_portal_demo_industry_presets	EpcPortalDemoIndustryPresets	content/general_pages/epc_portal_demo.php	php	3090	gap	later
epc_portal_demo_is_autoparts_parity	EpcPortalDemoIsAutopartsParity	content/general_pages/epc_portal_demo.php	php	3090	gap	later
epc_portal_demo_is_cp_context	EpcPortalDemoIsCpContext	content/general_pages/epc_portal_demo.php	php	3090	gap	later
epc_portal_demo_is_cp_request	EpcPortalDemoIsCpRequest	content/general_pages/epc_portal_demo.php	php	3090	gap	later
epc_portal_demo_json_out	EpcPortalDemoJsonOut	content/general_pages/epc_portal_demo.php	php	3090	gap	later
epc_portal_demo_load_live_row	EpcPortalDemoLoadLiveRow	content/general_pages/epc_portal_demo.php	php	3090	gap	later
epc_portal_demo_lock_domain_path	EpcPortalDemoLockDomainPath	content/general_pages/epc_portal_demo.php	php	3090	gap	later
epc_portal_demo_max_active	EpcPortalDemoMaxActive	content/general_pages/epc_portal_demo.php	php	3090	gap	later
epc_portal_demo_normalize_phone	EpcPortalDemoNormalizePhone	content/general_pages/epc_portal_demo.php	php	3090	gap	later
epc_portal_demo_parse_cp_path	EpcPortalDemoParseCpPath	content/general_pages/epc_portal_demo.php	php	3090	gap	later
epc_portal_demo_parse_storefront_path	EpcPortalDemoParseStorefrontPath	content/general_pages/epc_portal_demo.php	php	3090	gap	later
epc_portal_demo_patch_desktop_top_menu_html	EpcPortalDemoPatchDesktopTopMenuHtml	content/general_pages/epc_portal_demo.php	php	3090	gap	later
epc_portal_demo_patch_multilang_params	EpcPortalDemoPatchMultilangParams	content/general_pages/epc_portal_demo.php	php	3090	gap	later
epc_portal_demo_path_prefix	EpcPortalDemoPathPrefix	content/general_pages/epc_portal_demo.php	php	3090	gap	later
epc_portal_demo_phone_valid	EpcPortalDemoPhoneValid	content/general_pages/epc_portal_demo.php	php	3090	gap	later
epc_portal_demo_php_clone_schema_structure	EpcPortalDemoPhpCloneSchemaStructure	content/general_pages/epc_portal_demo.php	php	3090	gap	later
epc_portal_demo_php_clone_tables	EpcPortalDemoPhpCloneTables	content/general_pages/epc_portal_demo.php	php	3090	gap	later
epc_portal_demo_platform_pdo	EpcPortalDemoPlatformPdo	content/general_pages/epc_portal_demo.php	php	3090	gap	later
epc_portal_demo_pool_claim	EpcPortalDemoPoolClaim	content/general_pages/epc_portal_demo.php	php	3090	gap	later
epc_portal_demo_pool_db_name	EpcPortalDemoPoolDbName	content/general_pages/epc_portal_demo.php	php	3090	gap	later
epc_portal_demo_pool_ready_count	EpcPortalDemoPoolReadyCount	content/general_pages/epc_portal_demo.php	php	3090	gap	later
epc_portal_demo_pool_register	EpcPortalDemoPoolRegister	content/general_pages/epc_portal_demo.php	php	3090	gap	later
epc_portal_demo_pool_replenish	EpcPortalDemoPoolReplenish	content/general_pages/epc_portal_demo.php	php	3090	gap	later
epc_portal_demo_pool_seed	EpcPortalDemoPoolSeed	content/general_pages/epc_portal_demo.php	php	3090	gap	later
epc_portal_demo_provision	EpcPortalDemoProvision	content/general_pages/epc_portal_demo.php	php	3090	gap	later
epc_portal_demo_provision_database	EpcPortalDemoProvisionDatabase	content/general_pages/epc_portal_demo.php	php	3090	gap	later
epc_portal_demo_provision_database_raw	EpcPortalDemoProvisionDatabaseRaw	content/general_pages/epc_portal_demo.php	php	3090	gap	later
epc_portal_demo_provision_failure_hint	EpcPortalDemoProvisionFailureHint	content/general_pages/epc_portal_demo.php	php	3090	gap	later
epc_portal_demo_provision_via_clp_web	EpcPortalDemoProvisionViaClpWeb	content/general_pages/epc_portal_demo.php	php	3090	gap	later
epc_portal_demo_push_tenant_settings	EpcPortalDemoPushTenantSettings	content/general_pages/epc_portal_demo.php	php	3090	gap	later
epc_portal_demo_push_tenant_settings_erp_only	EpcPortalDemoPushTenantSettingsErpOnly	content/general_pages/epc_portal_demo.php	php	3090	gap	later
epc_portal_demo_rate_limited	EpcPortalDemoRateLimited	content/general_pages/epc_portal_demo.php	php	3090	gap	later
epc_portal_demo_reapply_cp_config	EpcPortalDemoReapplyCpConfig	content/general_pages/epc_portal_demo.php	php	3090	gap	later
epc_portal_demo_render_industry_cp_landing	EpcPortalDemoRenderIndustryCpLanding	content/general_pages/epc_portal_demo.php	php	3090	gap	later
epc_portal_demo_repair_cp_menu	EpcPortalDemoRepairCpMenu	content/general_pages/epc_portal_demo.php	php	3090	gap	later
epc_portal_demo_repair_header_parity	EpcPortalDemoRepairHeaderParity	content/general_pages/epc_portal_demo.php	php	3090	gap	later
epc_portal_demo_repair_storefront_schema	EpcPortalDemoRepairStorefrontSchema	content/general_pages/epc_portal_demo.php	php	3090	gap	later
epc_portal_demo_resolve_db_names	EpcPortalDemoResolveDbNames	content/general_pages/epc_portal_demo.php	php	3090	gap	later
epc_portal_demo_rewrite_static_asset_urls	EpcPortalDemoRewriteStaticAssetUrls	content/general_pages/epc_portal_demo.php	php	3090	gap	later
epc_portal_demo_rewrite_tenant_content_urls	EpcPortalDemoRewriteTenantContentUrls	content/general_pages/epc_portal_demo.php	php	3090	gap	later
epc_portal_demo_row_is_demo	EpcPortalDemoRowIsDemo	content/general_pages/epc_portal_demo.php	php	3090	gap	later
epc_portal_demo_sanitize_for_json	EpcPortalDemoSanitizeForJson	content/general_pages/epc_portal_demo.php	php	3090	gap	later
epc_portal_demo_schema_source_db	EpcPortalDemoSchemaSourceDb	content/general_pages/epc_portal_demo.php	php	3090	gap	later
epc_portal_demo_seed_erp_cp_content	EpcPortalDemoSeedErpCpContent	content/general_pages/epc_portal_demo.php	php	3090	gap	later
epc_portal_demo_seed_products	EpcPortalDemoSeedProducts	content/general_pages/epc_portal_demo.php	php	3090	gap	later
epc_portal_demo_send_email	EpcPortalDemoSendEmail	content/general_pages/epc_portal_demo.php	php	3090	gap	later
epc_portal_demo_slug	EpcPortalDemoSlug	content/general_pages/epc_portal_demo.php	php	3090	gap	later
epc_portal_demo_start_output_buffer	EpcPortalDemoStartOutputBuffer	content/general_pages/epc_portal_demo.php	php	3090	gap	later
epc_portal_demo_static_gateway_href	EpcPortalDemoStaticGatewayHref	content/general_pages/epc_portal_demo.php	php	3090	gap	later
epc_portal_demo_sync_cp_packs	EpcPortalDemoSyncCpPacks	content/general_pages/epc_portal_demo.php	php	3090	gap	later
epc_portal_demo_temp_password	EpcPortalDemoTempPassword	content/general_pages/epc_portal_demo.php	php	3090	gap	later
epc_portal_demo_tenant_pdo	EpcPortalDemoTenantPdo	content/general_pages/epc_portal_demo.php	php	3090	gap	later
epc_portal_demo_tenant_schema_ok	EpcPortalDemoTenantSchemaOk	content/general_pages/epc_portal_demo.php	php	3090	gap	later
epc_portal_demo_try_bootstrap_cp	EpcPortalDemoTryBootstrapCp	content/general_pages/epc_portal_demo.php	php	3090	gap	later
epc_portal_demo_try_bootstrap_storefront	EpcPortalDemoTryBootstrapStorefront	content/general_pages/epc_portal_demo.php	php	3090	gap	later
epc_portal_demo_urls	EpcPortalDemoUrls	content/general_pages/epc_portal_demo.php	php	3090	gap	later
epc_portal_demo_wizard_reply	EpcPortalDemoWizardReply	content/general_pages/epc_portal_demo.php	php	3090	gap	later
epc_portal_is_demo_storefront_context	EpcPortalIsDemoStorefrontContext	content/general_pages/epc_portal_demo.php	php	3090	gap	later
epc_portal_platform_operator_session_active	EpcPortalPlatformOperatorSessionActive	content/general_pages/epc_portal_demo.php	php	3090	gap	later
epc_er_header_href	EpcErHeaderHref	content/general_pages/epc_portal_electronics_retail_header.php	php	162	gap	ready
epc_er_href	EpcErHref	content/general_pages/epc_portal_electronics_retail_home.php	php	302	gap	later
epc_erp_filter_tabs_by_tenant_modules	EpcErpFilterTabsByTenantModules	content/general_pages/epc_portal_erp_modules.php	php	435	gap	later
epc_portal_erp_modules_allowed_tabs	EpcPortalErpModulesAllowedTabs	content/general_pages/epc_portal_erp_modules.php	php	435	gap	later
epc_portal_erp_modules_area_enabled	EpcPortalErpModulesAreaEnabled	content/general_pages/epc_portal_erp_modules.php	php	435	gap	later
epc_portal_erp_modules_default_ids	EpcPortalErpModulesDefaultIds	content/general_pages/epc_portal_erp_modules.php	php	435	gap	later
epc_portal_erp_modules_detect_preset	EpcPortalErpModulesDetectPreset	content/general_pages/epc_portal_erp_modules.php	php	435	gap	later
epc_portal_erp_modules_enabled	EpcPortalErpModulesEnabled	content/general_pages/epc_portal_erp_modules.php	php	435	gap	later
epc_portal_erp_modules_enabled_areas	EpcPortalErpModulesEnabledAreas	content/general_pages/epc_portal_erp_modules.php	php	435	gap	later
epc_portal_erp_modules_from_post	EpcPortalErpModulesFromPost	content/general_pages/epc_portal_erp_modules.php	php	435	gap	later
epc_portal_erp_modules_full_access_context	EpcPortalErpModulesFullAccessContext	content/general_pages/epc_portal_erp_modules.php	php	435	gap	later
epc_portal_erp_modules_presets	EpcPortalErpModulesPresets	content/general_pages/epc_portal_erp_modules.php	php	435	gap	later
epc_portal_erp_modules_presets_ui	EpcPortalErpModulesPresetsUi	content/general_pages/epc_portal_erp_modules.php	php	435	gap	later
epc_portal_erp_modules_registry	EpcPortalErpModulesRegistry	content/general_pages/epc_portal_erp_modules.php	php	435	gap	later
epc_portal_erp_modules_resolve_for_onboard	EpcPortalErpModulesResolveForOnboard	content/general_pages/epc_portal_erp_modules.php	php	435	gap	later
epc_portal_industry_erp_modules_preset	EpcPortalIndustryErpModulesPreset	content/general_pages/epc_portal_erp_modules.php	php	435	gap	later
epc_portal_industry_erp_modules_preset_map	EpcPortalIndustryErpModulesPresetMap	content/general_pages/epc_portal_erp_modules.php	php	435	gap	later
epc_frn_header_href	EpcFrnHeaderHref	content/general_pages/epc_portal_fashion_retail_namshi_header.php	php	196	gap	ready
epc_frn_href	EpcFrnHref	content/general_pages/epc_portal_fashion_retail_namshi_home.php	php	231	gap	later
epc_jrk_header_href	EpcJrkHeaderHref	content/general_pages/epc_portal_jewellery_retail_kiyasha_header.php	php	199	gap	ready
epc_jrk_href	EpcJrkHref	content/general_pages/epc_portal_jewellery_retail_kiyasha_home.php	php	238	gap	later
epc_portal_is_shared_erp_cp_session	EpcPortalIsSharedErpCpSession	content/general_pages/epc_portal_shared_erp.php	php	559	gap	later
epc_portal_shared_erp_active_tenant	EpcPortalSharedErpActiveTenant	content/general_pages/epc_portal_shared_erp.php	php	559	gap	later
epc_portal_shared_erp_apply_config	EpcPortalSharedErpApplyConfig	content/general_pages/epc_portal_shared_erp.php	php	559	gap	later
epc_portal_shared_erp_apply_row_config	EpcPortalSharedErpApplyRowConfig	content/general_pages/epc_portal_shared_erp.php	php	559	gap	later
epc_portal_shared_erp_clear_tenant_cookie	EpcPortalSharedErpClearTenantCookie	content/general_pages/epc_portal_shared_erp.php	php	559	gap	later
epc_portal_shared_erp_complete_login	EpcPortalSharedErpCompleteLogin	content/general_pages/epc_portal_shared_erp.php	php	559	gap	later
epc_portal_shared_erp_cookie_name	EpcPortalSharedErpCookieName	content/general_pages/epc_portal_shared_erp.php	php	559	gap	later
epc_portal_shared_erp_cookie_site_key	EpcPortalSharedErpCookieSiteKey	content/general_pages/epc_portal_shared_erp.php	php	559	gap	later
epc_portal_shared_erp_cp_base_url	EpcPortalSharedErpCpBaseUrl	content/general_pages/epc_portal_shared_erp.php	php	559	gap	later
epc_portal_shared_erp_email_belongs_to_tenant	EpcPortalSharedErpEmailBelongsToTenant	content/general_pages/epc_portal_shared_erp.php	php	559	gap	later
epc_portal_shared_erp_email_is_tenant_only	EpcPortalSharedErpEmailIsTenantOnly	content/general_pages/epc_portal_shared_erp.php	php	559	gap	later
epc_portal_shared_erp_find_by_credentials	EpcPortalSharedErpFindByCredentials	content/general_pages/epc_portal_shared_erp.php	php	559	gap	later
epc_portal_shared_erp_infer_tenant_from_session	EpcPortalSharedErpInferTenantFromSession	content/general_pages/epc_portal_shared_erp.php	php	559	gap	later
epc_portal_shared_erp_list_tenants	EpcPortalSharedErpListTenants	content/general_pages/epc_portal_shared_erp.php	php	559	gap	later
epc_portal_shared_erp_load_by_site_key	EpcPortalSharedErpLoadBySiteKey	content/general_pages/epc_portal_shared_erp.php	php	559	gap	later
epc_portal_shared_erp_login_picker_html	EpcPortalSharedErpLoginPickerHtml	content/general_pages/epc_portal_shared_erp.php	php	559	gap	later
epc_portal_shared_erp_platform_hostname	EpcPortalSharedErpPlatformHostname	content/general_pages/epc_portal_shared_erp.php	php	559	gap	later
epc_portal_shared_erp_session_valid	EpcPortalSharedErpSessionValid	content/general_pages/epc_portal_shared_erp.php	php	559	gap	later
epc_portal_shared_erp_set_tenant_cookie	EpcPortalSharedErpSetTenantCookie	content/general_pages/epc_portal_shared_erp.php	php	559	gap	later
epc_portal_shared_erp_shell_url	EpcPortalSharedErpShellUrl	content/general_pages/epc_portal_shared_erp.php	php	559	gap	later
epc_portal_shared_erp_site_key_for_contact	EpcPortalSharedErpSiteKeyForContact	content/general_pages/epc_portal_shared_erp.php	php	559	gap	later
epc_portal_shared_erp_tenant_pdo	EpcPortalSharedErpTenantPdo	content/general_pages/epc_portal_shared_erp.php	php	559	gap	later
epc_portal_tenant_control_admin_email_from_tenant_db	EpcPortalTenantControlAdminEmailFromTenantDb	content/general_pages/epc_portal_tenant_control.php	php	767	mentioned	partial-file
epc_portal_tenant_control_audit_ensure_schema	EpcPortalTenantControlAuditEnsureSchema	content/general_pages/epc_portal_tenant_control.php	php	767	mentioned	partial-file
epc_portal_tenant_control_audit_log	EpcPortalTenantControlAuditLog	content/general_pages/epc_portal_tenant_control.php	php	767	mentioned	partial-file
epc_portal_tenant_control_backfill_registry_login_email	EpcPortalTenantControlBackfillRegistryLoginEmail	content/general_pages/epc_portal_tenant_control.php	php	767	mentioned	partial-file
epc_portal_tenant_control_demo_access_load	EpcPortalTenantControlDemoAccessLoad	content/general_pages/epc_portal_tenant_control.php	php	767	mentioned	partial-file
epc_portal_tenant_control_demo_access_save	EpcPortalTenantControlDemoAccessSave	content/general_pages/epc_portal_tenant_control.php	php	767	mentioned	partial-file
epc_portal_tenant_control_ensure_schema	EpcPortalTenantControlEnsureSchema	content/general_pages/epc_portal_tenant_control.php	php	767	mentioned	partial-file
epc_portal_tenant_control_erp_pack_summary	EpcPortalTenantControlErpPackSummary	content/general_pages/epc_portal_tenant_control.php	php	767	mentioned	partial-file
epc_portal_tenant_control_generate_password	EpcPortalTenantControlGeneratePassword	content/general_pages/epc_portal_tenant_control.php	php	767	mentioned	partial-file
epc_portal_tenant_control_get_row	EpcPortalTenantControlGetRow	content/general_pages/epc_portal_tenant_control.php	php	767	mentioned	partial-file
epc_portal_tenant_control_get_row_by_hostname	EpcPortalTenantControlGetRowByHostname	content/general_pages/epc_portal_tenant_control.php	php	767	mentioned	partial-file
epc_portal_tenant_control_list_cp_backend_users	EpcPortalTenantControlListCpBackendUsers	content/general_pages/epc_portal_tenant_control.php	php	767	mentioned	partial-file
epc_portal_tenant_control_maybe_block	EpcPortalTenantControlMaybeBlock	content/general_pages/epc_portal_tenant_control.php	php	767	mentioned	partial-file
epc_portal_tenant_control_migrate_cp_email	EpcPortalTenantControlMigrateCpEmail	content/general_pages/epc_portal_tenant_control.php	php	767	mentioned	partial-file
epc_portal_tenant_control_render_blocked	EpcPortalTenantControlRenderBlocked	content/general_pages/epc_portal_tenant_control.php	php	767	mentioned	partial-file
epc_portal_tenant_control_reset_cp_password	EpcPortalTenantControlResetCpPassword	content/general_pages/epc_portal_tenant_control.php	php	767	mentioned	partial-file
epc_portal_tenant_control_resolve_admin_email	EpcPortalTenantControlResolveAdminEmail	content/general_pages/epc_portal_tenant_control.php	php	767	mentioned	partial-file
epc_portal_tenant_control_row_is_active	EpcPortalTenantControlRowIsActive	content/general_pages/epc_portal_tenant_control.php	php	767	mentioned	partial-file
epc_portal_tenant_control_set_registry_login_email	EpcPortalTenantControlSetRegistryLoginEmail	content/general_pages/epc_portal_tenant_control.php	php	767	mentioned	partial-file
epc_portal_tenant_control_tenant_pdo	EpcPortalTenantControlTenantPdo	content/general_pages/epc_portal_tenant_control.php	php	767	mentioned	partial-file
epc_portal_tenant_control_virtual_tenants	EpcPortalTenantControlVirtualTenants	content/general_pages/epc_portal_tenant_control.php	php	767	mentioned	partial-file
epc_portal_apply_industry_theme_to_tenant	EpcPortalApplyIndustryThemeToTenant	content/general_pages/epc_portal_tenant_intro.php	php	742	gap	later
epc_portal_apply_intro_to_site_settings	EpcPortalApplyIntroToSiteSettings	content/general_pages/epc_portal_tenant_intro.php	php	742	gap	later
epc_portal_erp_only_onboard_steps	EpcPortalErpOnlyOnboardSteps	content/general_pages/epc_portal_tenant_intro.php	php	742	gap	later
epc_portal_intro_decode	EpcPortalIntroDecode	content/general_pages/epc_portal_tenant_intro.php	php	742	gap	later
epc_portal_intro_defaults	EpcPortalIntroDefaults	content/general_pages/epc_portal_tenant_intro.php	php	742	gap	later
epc_portal_intro_field_defs	EpcPortalIntroFieldDefs	content/general_pages/epc_portal_tenant_intro.php	php	742	gap	later
epc_portal_intro_from_post	EpcPortalIntroFromPost	content/general_pages/epc_portal_tenant_intro.php	php	742	gap	later
epc_portal_intro_merge	EpcPortalIntroMerge	content/general_pages/epc_portal_tenant_intro.php	php	742	gap	later
epc_portal_intro_validate	EpcPortalIntroValidate	content/general_pages/epc_portal_tenant_intro.php	php	742	gap	later
epc_portal_onboard_client	EpcPortalOnboardClient	content/general_pages/epc_portal_tenant_intro.php	php	742	gap	later
epc_portal_onboard_guide_steps	EpcPortalOnboardGuideSteps	content/general_pages/epc_portal_tenant_intro.php	php	742	gap	later
epc_portal_site_key_from_hostname	EpcPortalSiteKeyFromHostname	content/general_pages/epc_portal_tenant_intro.php	php	742	gap	later
epc_portal_tenant_get	EpcPortalTenantGet	content/general_pages/epc_portal_tenant_intro.php	php	742	gap	later
epc_portal_tenant_launch_checklist	EpcPortalTenantLaunchChecklist	content/general_pages/epc_portal_tenant_intro.php	php	742	gap	later
epc_seo_apply_accessories_hub_schema	EpcSeoApplyAccessoriesHubSchema	content/general_pages/epc_seo_indexing.php	php	1053	mentioned	partial-file
epc_seo_apply_accessories_listing_meta	EpcSeoApplyAccessoriesListingMeta	content/general_pages/epc_seo_indexing.php	php	1053	mentioned	partial-file
epc_seo_apply_chpu_meta	EpcSeoApplyChpuMeta	content/general_pages/epc_seo_indexing.php	php	1053	mentioned	partial-file
epc_seo_apply_storefront_content_meta	EpcSeoApplyStorefrontContentMeta	content/general_pages/epc_seo_indexing.php	php	1053	mentioned	partial-file
epc_seo_apply_warehouse_page_enrichment	EpcSeoApplyWarehousePageEnrichment	content/general_pages/epc_seo_indexing.php	php	1053	mentioned	partial-file
epc_seo_brand_article_has_stock	EpcSeoBrandArticleHasStock	content/general_pages/epc_seo_indexing.php	php	1053	mentioned	partial-file
epc_seo_brand_has_stock	EpcSeoBrandHasStock	content/general_pages/epc_seo_indexing.php	php	1053	mentioned	partial-file
epc_seo_build_organization_schema_array	EpcSeoBuildOrganizationSchemaArray	content/general_pages/epc_seo_indexing.php	php	1053	mentioned	partial-file
epc_seo_build_parts_url	EpcSeoBuildPartsUrl	content/general_pages/epc_seo_indexing.php	php	1053	mentioned	partial-file
epc_seo_current_lang_code	EpcSeoCurrentLangCode	content/general_pages/epc_seo_indexing.php	php	1053	mentioned	partial-file
epc_seo_fetch_part_row	EpcSeoFetchPartRow	content/general_pages/epc_seo_indexing.php	php	1053	mentioned	partial-file
epc_seo_head_extras_html	EpcSeoHeadExtrasHtml	content/general_pages/epc_seo_indexing.php	php	1053	mentioned	partial-file
epc_seo_hreflang_links	EpcSeoHreflangLinks	content/general_pages/epc_seo_indexing.php	php	1053	mentioned	partial-file
epc_seo_hreflang_loc	EpcSeoHreflangLoc	content/general_pages/epc_seo_indexing.php	php	1053	mentioned	partial-file
epc_seo_is_ecomae_marketing_host	EpcSeoIsEcomaeMarketingHost	content/general_pages/epc_seo_indexing.php	php	1053	mentioned	partial-file
epc_seo_lang_href	EpcSeoLangHref	content/general_pages/epc_seo_indexing.php	php	1053	mentioned	partial-file
epc_seo_primary_brand_article_url	EpcSeoPrimaryBrandArticleUrl	content/general_pages/epc_seo_indexing.php	php	1053	mentioned	partial-file
epc_seo_regional_country_codes	EpcSeoRegionalCountryCodes	content/general_pages/epc_seo_indexing.php	php	1053	mentioned	partial-file
epc_seo_regional_courier_phrase	EpcSeoRegionalCourierPhrase	content/general_pages/epc_seo_indexing.php	php	1053	mentioned	partial-file
epc_seo_regional_footer_html	EpcSeoRegionalFooterHtml	content/general_pages/epc_seo_indexing.php	php	1053	mentioned	partial-file
epc_seo_regional_hub_description	EpcSeoRegionalHubDescription	content/general_pages/epc_seo_indexing.php	php	1053	mentioned	partial-file
epc_seo_regional_shipping_phrase	EpcSeoRegionalShippingPhrase	content/general_pages/epc_seo_indexing.php	php	1053	mentioned	partial-file
epc_seo_schema_country_entries	EpcSeoSchemaCountryEntries	content/general_pages/epc_seo_indexing.php	php	1053	mentioned	partial-file
epc_seo_schema_include_price	EpcSeoSchemaIncludePrice	content/general_pages/epc_seo_indexing.php	php	1053	mentioned	partial-file
epc_seo_schema_shipping_destinations	EpcSeoSchemaShippingDestinations	content/general_pages/epc_seo_indexing.php	php	1053	mentioned	partial-file
epc_seo_site_display_name	EpcSeoSiteDisplayName	content/general_pages/epc_seo_indexing.php	php	1053	mentioned	partial-file
epc_seo_site_key	EpcSeoSiteKey	content/general_pages/epc_seo_indexing.php	php	1053	mentioned	partial-file
epc_seo_sitemap_price_clause	EpcSeoSitemapPriceClause	content/general_pages/epc_seo_indexing.php	php	1053	mentioned	partial-file
epc_seo_stock_requires_price	EpcSeoStockRequiresPrice	content/general_pages/epc_seo_indexing.php	php	1053	mentioned	partial-file
epc_seo_tenant_country_code	EpcSeoTenantCountryCode	content/general_pages/epc_seo_indexing.php	php	1053	mentioned	partial-file
epc_seo_warehouse_indexing_enabled	EpcSeoWarehouseIndexingEnabled	content/general_pages/epc_seo_indexing.php	php	1053	mentioned	partial-file
epc_scp_backend	EpcScpBackend	content/general_pages/epc_super_cp_platform.php	php	699	gap	later
epc_scp_comm_settings_get	EpcScpCommSettingsGet	content/general_pages/epc_super_cp_platform.php	php	699	gap	later
epc_scp_customers_from_pdo	EpcScpCustomersFromPdo	content/general_pages/epc_super_cp_platform.php	php	699	gap	later
epc_scp_default_comm_settings	EpcScpDefaultCommSettings	content/general_pages/epc_super_cp_platform.php	php	699	gap	later
epc_scp_guard_super_admin	EpcScpGuardSuperAdmin	content/general_pages/epc_super_cp_platform.php	php	699	gap	later
epc_scp_h	EpcScpH	content/general_pages/epc_super_cp_platform.php	php	699	gap	later
epc_scp_info_placements	EpcScpInfoPlacements	content/general_pages/epc_super_cp_platform.php	php	699	gap	later
epc_scp_operator_guide_url	EpcScpOperatorGuideUrl	content/general_pages/epc_super_cp_platform.php	php	699	gap	later
epc_scp_price_client_types	EpcScpPriceClientTypes	content/general_pages/epc_super_cp_platform.php	php	699	gap	later
epc_scp_price_configs_list	EpcScpPriceConfigsList	content/general_pages/epc_super_cp_platform.php	php	699	gap	later
epc_scp_render_empty_state	EpcScpRenderEmptyState	content/general_pages/epc_super_cp_platform.php	php	699	gap	later
epc_scp_render_hero	EpcScpRenderHero	content/general_pages/epc_super_cp_platform.php	php	699	gap	later
epc_scp_render_workspace_intro	EpcScpRenderWorkspaceIntro	content/general_pages/epc_super_cp_platform.php	php	699	gap	later
epc_scp_task_categories	EpcScpTaskCategories	content/general_pages/epc_super_cp_platform.php	php	699	gap	later
epc_scp_task_priorities	EpcScpTaskPriorities	content/general_pages/epc_super_cp_platform.php	php	699	gap	later
epc_scp_task_statuses	EpcScpTaskStatuses	content/general_pages/epc_super_cp_platform.php	php	699	gap	later
epc_tenant_data_guard_active	EpcTenantDataGuardActive	content/general_pages/epc_tenant_data_guard.php	php	37	mentioned	partial-file
epc_tenant_data_guard_banner	EpcTenantDataGuardBanner	content/general_pages/epc_tenant_data_guard.php	php	37	mentioned	partial-file
epc_vpe_allowed_site_keys	EpcVpeAllowedSiteKeys	content/general_pages/epc_visual_page_editor.php	php	689	gap	later
epc_vpe_apply_brand	EpcVpeApplyBrand	content/general_pages/epc_visual_page_editor.php	php	689	gap	later
epc_vpe_block_library	EpcVpeBlockLibrary	content/general_pages/epc_visual_page_editor.php	php	689	gap	later
epc_vpe_block_to_html	EpcVpeBlockToHtml	content/general_pages/epc_visual_page_editor.php	php	689	gap	later
epc_vpe_clear_cache	EpcVpeClearCache	content/general_pages/epc_visual_page_editor.php	php	689	gap	later
epc_vpe_default_brand	EpcVpeDefaultBrand	content/general_pages/epc_visual_page_editor.php	php	689	gap	later
epc_vpe_ensure_schema	EpcVpeEnsureSchema	content/general_pages/epc_visual_page_editor.php	php	689	gap	later
epc_vpe_guard_admin	EpcVpeGuardAdmin	content/general_pages/epc_visual_page_editor.php	php	689	gap	later
epc_vpe_h	EpcVpeH	content/general_pages/epc_visual_page_editor.php	php	689	gap	later
epc_vpe_layout_save	EpcVpeLayoutSave	content/general_pages/epc_visual_page_editor.php	php	689	gap	later
epc_vpe_level_meta	EpcVpeLevelMeta	content/general_pages/epc_visual_page_editor.php	php	689	gap	later
epc_vpe_new_block	EpcVpeNewBlock	content/general_pages/epc_visual_page_editor.php	php	689	gap	later
epc_vpe_render_storefront	EpcVpeRenderStorefront	content/general_pages/epc_visual_page_editor.php	php	689	gap	later
epc_vpe_settings_pdo	EpcVpeSettingsPdo	content/general_pages/epc_visual_page_editor.php	php	689	gap	later
epc_vpe_sync_info_blocks	EpcVpeSyncInfoBlocks	content/general_pages/epc_visual_page_editor.php	php	689	gap	later
epc_vpe_tenant_row_by_key	EpcVpeTenantRowByKey	content/general_pages/epc_visual_page_editor.php	php	689	gap	later
epc_workflow_action_types	EpcWorkflowActionTypes	content/general_pages/epc_workflow_builder.php	php	585	mentioned	partial-file
epc_workflow_ensure_schema	EpcWorkflowEnsureSchema	content/general_pages/epc_workflow_builder.php	php	585	mentioned	partial-file
epc_workflow_execute	EpcWorkflowExecute	content/general_pages/epc_workflow_builder.php	php	585	mentioned	partial-file
epc_workflow_execute_step	EpcWorkflowExecuteStep	content/general_pages/epc_workflow_builder.php	php	585	mentioned	partial-file
epc_workflow_fleet_stats	EpcWorkflowFleetStats	content/general_pages/epc_workflow_builder.php	php	585	mentioned	partial-file
epc_workflow_get	EpcWorkflowGet	content/general_pages/epc_workflow_builder.php	php	585	mentioned	partial-file
epc_workflow_replace_steps	EpcWorkflowReplaceSteps	content/general_pages/epc_workflow_builder.php	php	585	mentioned	partial-file
epc_workflow_run_action	EpcWorkflowRunAction	content/general_pages/epc_workflow_builder.php	php	585	mentioned	partial-file
epc_workflow_run_history	EpcWorkflowRunHistory	content/general_pages/epc_workflow_builder.php	php	585	mentioned	partial-file
epc_workflow_templates	EpcWorkflowTemplates	content/general_pages/epc_workflow_builder.php	php	585	mentioned	partial-file
epc_workflow_trigger_types	EpcWorkflowTriggerTypes	content/general_pages/epc_workflow_builder.php	php	585	mentioned	partial-file
updateCartUI	UpdateCartUI	content/general_pages/industry_templates/_base_template.php	js	1318	gap	browser-js
activateBrandsLetter	ActivateBrandsLetter	content/general_pages/site_professional_shell.php	js	5675	mentioned	browser-js
armLazyImage	ArmLazyImage	content/general_pages/site_professional_shell.php	js	5675	mentioned	browser-js
clearUmapiFilter	ClearUmapiFilter	content/general_pages/site_professional_shell.php	js	5675	mentioned	browser-js
defaultLetter	DefaultLetter	content/general_pages/site_professional_shell.php	js	5675	mentioned	browser-js
enhanceManufacturerTabs	EnhanceManufacturerTabs	content/general_pages/site_professional_shell.php	js	5675	mentioned	browser-js
enhanceUmapiCategories	EnhanceUmapiCategories	content/general_pages/site_professional_shell.php	js	5675	mentioned	browser-js
enhanceUmapiCategoryCards	EnhanceUmapiCategoryCards	content/general_pages/site_professional_shell.php	js	5675	mentioned	browser-js
enhanceUmapiCategoryTree	EnhanceUmapiCategoryTree	content/general_pages/site_professional_shell.php	js	5675	mentioned	browser-js
ensureBrandsDefaultLetter	EnsureBrandsDefaultLetter	content/general_pages/site_professional_shell.php	js	5675	mentioned	browser-js
epcApplicabilityLang	EpcApplicabilityLang	content/general_pages/site_professional_shell.php	js	5675	mentioned	browser-js
epcEnhanceBrandPartsApplicability	EpcEnhanceBrandPartsApplicability	content/general_pages/site_professional_shell.php	js	5675	mentioned	browser-js
epcEsc	EpcEsc	content/general_pages/site_professional_shell.php	js	5675	mentioned	browser-js
epcHeaderSearchSetMode	EpcHeaderSearchSetMode	content/general_pages/site_professional_shell.php	js	5675	mentioned	browser-js
epcInitHeaderSearch	EpcInitHeaderSearch	content/general_pages/site_professional_shell.php	js	5675	mentioned	browser-js
epcOpenApplicability	EpcOpenApplicability	content/general_pages/site_professional_shell.php	js	5675	mentioned	browser-js
epcWatchBrandApplicability	EpcWatchBrandApplicability	content/general_pages/site_professional_shell.php	js	5675	mentioned	browser-js
iconForCategory	IconForCategory	content/general_pages/site_professional_shell.php	js	5675	mentioned	browser-js
isLazyHost	IsLazyHost	content/general_pages/site_professional_shell.php	js	5675	mentioned	browser-js
keepOnlyCountryFlag	KeepOnlyCountryFlag	content/general_pages/site_professional_shell.php	js	5675	mentioned	browser-js
letterFor	LetterFor	content/general_pages/site_professional_shell.php	js	5675	mentioned	browser-js
recoverHiddenUmapiList	RecoverHiddenUmapiList	content/general_pages/site_professional_shell.php	js	5675	mentioned	browser-js
scanLazyImages	ScanLazyImages	content/general_pages/site_professional_shell.php	js	5675	mentioned	browser-js
scheduleScan	ScheduleScan	content/general_pages/site_professional_shell.php	js	5675	mentioned	browser-js
scheduleUmapiManufacturerEnhance	ScheduleUmapiManufacturerEnhance	content/general_pages/site_professional_shell.php	js	5675	mentioned	browser-js
shouldRebuildUmapiManufacturers	ShouldRebuildUmapiManufacturers	content/general_pages/site_professional_shell.php	js	5675	mentioned	browser-js
umapiManufacturersKey	UmapiManufacturersKey	content/general_pages/site_professional_shell.php	js	5675	mentioned	browser-js
watchBrandsDefaultLetter	WatchBrandsDefaultLetter	content/general_pages/site_professional_shell.php	js	5675	mentioned	browser-js
watchUmapiCatalog	WatchUmapiCatalog	content/general_pages/site_professional_shell.php	js	5675	mentioned	browser-js
watchUmapiCategories	WatchUmapiCategories	content/general_pages/site_professional_shell.php	js	5675	mentioned	browser-js
watchUmapiFilterReset	WatchUmapiFilterReset	content/general_pages/site_professional_shell.php	js	5675	mentioned	browser-js
addContentToDump	AddContentToDump	content/general_pages/sitemap.php	php	225	mentioned	partial-file
printSitemap	PrintSitemap	content/general_pages/sitemap.php	php	225	mentioned	partial-file
removeFilesItem	RemoveFilesItem	content/general_pages/vin_zapros.php	js	352	mentioned	browser-js
returnRequest	ReturnRequest	content/laximo/com_guayaquil/View.php	vendor	582	third-party	third-party
__construct	Construct	content/laximo/com_guayaquil/guayaquillib/data/GuayaquilRequestAM.php	vendor	127	third-party	third-party
appendCommand	AppendCommand	content/laximo/com_guayaquil/guayaquillib/data/GuayaquilRequestAM.php	vendor	127	third-party	third-party
checkParam	CheckParam	content/laximo/com_guayaquil/guayaquillib/data/GuayaquilRequestAM.php	vendor	127	third-party	third-party
__construct	Construct	content/laximo/com_guayaquil/guayaquillib/data/GuayaquilRequestOEM.php	vendor	464	third-party	third-party
appendCommand	AppendCommand	content/laximo/com_guayaquil/guayaquillib/data/GuayaquilRequestOEM.php	vendor	464	third-party	third-party
appendFindVehicle	AppendFindVehicle	content/laximo/com_guayaquil/guayaquillib/data/GuayaquilRequestOEM.php	vendor	464	third-party	third-party
appendFindVehicleByFrameNo	AppendFindVehicleByFrameNo	content/laximo/com_guayaquil/guayaquillib/data/GuayaquilRequestOEM.php	vendor	464	third-party	third-party
appendFindVehicleByVIN	AppendFindVehicleByVIN	content/laximo/com_guayaquil/guayaquillib/data/GuayaquilRequestOEM.php	vendor	464	third-party	third-party
appendFindVehicleByWizard2	AppendFindVehicleByWizard2	content/laximo/com_guayaquil/guayaquillib/data/GuayaquilRequestOEM.php	vendor	464	third-party	third-party
appendFindVehicleCustom	AppendFindVehicleCustom	content/laximo/com_guayaquil/guayaquillib/data/GuayaquilRequestOEM.php	vendor	464	third-party	third-party
appendGetCatalogInfo	AppendGetCatalogInfo	content/laximo/com_guayaquil/guayaquillib/data/GuayaquilRequestOEM.php	vendor	464	third-party	third-party
appendGetFilterByDetail	AppendGetFilterByDetail	content/laximo/com_guayaquil/guayaquillib/data/GuayaquilRequestOEM.php	vendor	464	third-party	third-party
appendGetFilterByUnit	AppendGetFilterByUnit	content/laximo/com_guayaquil/guayaquillib/data/GuayaquilRequestOEM.php	vendor	464	third-party	third-party
appendGetUnitInfo	AppendGetUnitInfo	content/laximo/com_guayaquil/guayaquillib/data/GuayaquilRequestOEM.php	vendor	464	third-party	third-party
appendGetVehicleInfo	AppendGetVehicleInfo	content/laximo/com_guayaquil/guayaquillib/data/GuayaquilRequestOEM.php	vendor	464	third-party	third-party
appendGetWizard2	AppendGetWizard2	content/laximo/com_guayaquil/guayaquillib/data/GuayaquilRequestOEM.php	vendor	464	third-party	third-party
appendListCatalogs	AppendListCatalogs	content/laximo/com_guayaquil/guayaquillib/data/GuayaquilRequestOEM.php	vendor	464	third-party	third-party
appendListCategories	AppendListCategories	content/laximo/com_guayaquil/guayaquillib/data/GuayaquilRequestOEM.php	vendor	464	third-party	third-party
appendListDetailByUnit	AppendListDetailByUnit	content/laximo/com_guayaquil/guayaquillib/data/GuayaquilRequestOEM.php	vendor	464	third-party	third-party
appendListImageMapByUnit	AppendListImageMapByUnit	content/laximo/com_guayaquil/guayaquillib/data/GuayaquilRequestOEM.php	vendor	464	third-party	third-party
appendListQuickDetail	AppendListQuickDetail	content/laximo/com_guayaquil/guayaquillib/data/GuayaquilRequestOEM.php	vendor	464	third-party	third-party
appendListQuickGroup	AppendListQuickGroup	content/laximo/com_guayaquil/guayaquillib/data/GuayaquilRequestOEM.php	vendor	464	third-party	third-party
appendListUnits	AppendListUnits	content/laximo/com_guayaquil/guayaquillib/data/GuayaquilRequestOEM.php	vendor	464	third-party	third-party
checkParam	CheckParam	content/laximo/com_guayaquil/guayaquillib/data/GuayaquilRequestOEM.php	vendor	464	third-party	third-party
getSoapClient	GetSoapClient	content/laximo/com_guayaquil/guayaquillib/data/GuayaquilSoapWrapper.php	vendor	176	third-party	third-party
queryData	QueryData	content/laximo/com_guayaquil/guayaquillib/data/GuayaquilSoapWrapper.php	vendor	176	third-party	third-party
GetCachedData	GetCachedData	content/laximo/com_guayaquil/guayaquillib/data/IGuayquilCache.php	vendor	15	third-party	third-party
PutCachedData	PutCachedData	content/laximo/com_guayaquil/guayaquillib/data/IGuayquilCache.php	vendor	15	third-party	third-party
isFeatureSupported	IsFeatureSupported	content/laximo/com_guayaquil/views/vehicle/VehicleHtml.php	vendor	151	third-party	third-party
epc_wa_dispatch_for_person	EpcWaDispatchForPerson	content/notifications/epc_whatsapp_notify.php	php	255	mentioned	partial-file
epc_wa_notify_is_allowed	EpcWaNotifyIsAllowed	content/notifications/epc_whatsapp_notify.php	php	255	mentioned	partial-file
AdvancedFormField	AdvancedFormField	content/originalnye-katalogi/API.v2/PHP/Functions.Blocks.php	php	452	gap	later
AdvancedFormOption	AdvancedFormOption	content/originalnye-katalogi/API.v2/PHP/Functions.Blocks.php	php	452	gap	later
MainMenu	MainMenu	content/originalnye-katalogi/API.v2/PHP/Functions.Blocks.php	php	452	gap	later
VinForm	VinForm	content/originalnye-katalogi/API.v2/PHP/Functions.Blocks.php	php	452	gap	later
generateImageMap	GenerateImageMap	content/originalnye-katalogi/API.v2/PHP/Functions.Blocks.php	php	452	gap	later
ifAdvancedForm	IfAdvancedForm	content/originalnye-katalogi/API.v2/PHP/Functions.Blocks.php	php	452	gap	later
ifAdvancedTile	IfAdvancedTile	content/originalnye-katalogi/API.v2/PHP/Functions.Blocks.php	php	452	gap	later
ifButtonsSet	IfButtonsSet	content/originalnye-katalogi/API.v2/PHP/Functions.Blocks.php	php	452	gap	later
ifForm	IfForm	content/originalnye-katalogi/API.v2/PHP/Functions.Blocks.php	php	452	gap	later
ifImage	IfImage	content/originalnye-katalogi/API.v2/PHP/Functions.Blocks.php	php	452	gap	later
ifList	IfList	content/originalnye-katalogi/API.v2/PHP/Functions.Blocks.php	php	452	gap	later
ifMultilist	IfMultilist	content/originalnye-katalogi/API.v2/PHP/Functions.Blocks.php	php	452	gap	later
ifNoScriptData	IfNoScriptData	content/originalnye-katalogi/API.v2/PHP/Functions.Blocks.php	php	452	gap	later
ifPageSelector	IfPageSelector	content/originalnye-katalogi/API.v2/PHP/Functions.Blocks.php	php	452	gap	later
ifTable	IfTable	content/originalnye-katalogi/API.v2/PHP/Functions.Blocks.php	php	452	gap	later
ifTile	IfTile	content/originalnye-katalogi/API.v2/PHP/Functions.Blocks.php	php	452	gap	later
ImplodeIfArray	ImplodeIfArray	content/originalnye-katalogi/API.v2/PHP/Functions.Common.php	php	124	gap	ready
SendMail	SendMail	content/originalnye-katalogi/API.v2/PHP/Functions.Common.php	php	124	gap	ready
ShowApiAnswer	ShowApiAnswer	content/originalnye-katalogi/API.v2/PHP/Functions.Common.php	php	124	gap	ready
generateArticleUrl2	GenerateArticleUrl2	content/originalnye-katalogi/API.v2/PHP/Functions.Common.php	php	124	gap	ready
generateBrandUrl	GenerateBrandUrl	content/originalnye-katalogi/API.v2/PHP/Functions.Common.php	php	124	gap	ready
generateLink2	GenerateLink2	content/originalnye-katalogi/API.v2/PHP/Functions.Common.php	php	124	gap	ready
getApiData	GetApiData	content/originalnye-katalogi/API.v2/PHP/Functions.Common.php	php	124	gap	ready
bindGridFilter	BindGridFilter	content/product_family_catalog.php	js	346	mentioned	browser-js
bindMain	BindMain	content/product_family_catalog.php	js	346	mentioned	browser-js
bindPartsFilter	BindPartsFilter	content/product_family_catalog.php	js	346	mentioned	browser-js
familyIcon	FamilyIcon	content/product_family_catalog.php	js	346	mentioned	browser-js
fetchJson	FetchJson	content/product_family_catalog.php	js	346	mentioned	browser-js
iconHtml	IconHtml	content/product_family_catalog.php	js	346	mentioned	browser-js
loadCatalog	LoadCatalog	content/product_family_catalog.php	js	346	mentioned	browser-js
openBrand	OpenBrand	content/product_family_catalog.php	js	346	mentioned	browser-js
openFamily	OpenFamily	content/product_family_catalog.php	js	346	mentioned	browser-js
renderGroupDetail	RenderGroupDetail	content/product_family_catalog.php	js	346	mentioned	browser-js
renderMain	RenderMain	content/product_family_catalog.php	js	346	mentioned	browser-js
renderProductGrid	RenderProductGrid	content/product_family_catalog.php	js	346	mentioned	browser-js
topBrandsPreview	TopBrandsPreview	content/product_family_catalog.php	js	346	mentioned	browser-js
applyFilter	ApplyFilter	content/shop/bulk_upload/bulk_upload.php	js	605	mentioned	browser-js
fetchCrossForRow	FetchCrossForRow	content/shop/bulk_upload/bulk_upload.php	js	605	mentioned	browser-js
finishIfDone	FinishIfDone	content/shop/bulk_upload/bulk_upload.php	js	605	mentioned	browser-js
hideCrossProgress	HideCrossProgress	content/shop/bulk_upload/bulk_upload.php	js	605	mentioned	browser-js
hideProcessProgress	HideProcessProgress	content/shop/bulk_upload/bulk_upload.php	js	605	mentioned	browser-js
recalcSummary	RecalcSummary	content/shop/bulk_upload/bulk_upload.php	js	605	mentioned	browser-js
saveCurrentHistory	SaveCurrentHistory	content/shop/bulk_upload/bulk_upload.php	js	605	mentioned	browser-js
selectedOption	SelectedOption	content/shop/bulk_upload/bulk_upload.php	js	605	mentioned	browser-js
setCrossProgress	SetCrossProgress	content/shop/bulk_upload/bulk_upload.php	js	605	mentioned	browser-js
setProcessProgress	SetProcessProgress	content/shop/bulk_upload/bulk_upload.php	js	605	mentioned	browser-js
setProcessWaiting	SetProcessWaiting	content/shop/bulk_upload/bulk_upload.php	js	605	mentioned	browser-js
startWorkers	StartWorkers	content/shop/bulk_upload/bulk_upload.php	js	605	mentioned	browser-js
epc_bulk_add_cross_candidate	EpcBulkAddCrossCandidate	content/shop/bulk_upload/epc_bulk_helpers.php	php	842	mentioned	partial-file
epc_bulk_add_crossbase_candidates	EpcBulkAddCrossbaseCandidates	content/shop/bulk_upload/epc_bulk_helpers.php	php	842	mentioned	partial-file
epc_bulk_add_to_customer_cart	EpcBulkAddToCustomerCart	content/shop/bulk_upload/epc_bulk_helpers.php	php	842	mentioned	partial-file
epc_bulk_best_options_for_item	EpcBulkBestOptionsForItem	content/shop/bulk_upload/epc_bulk_helpers.php	php	842	mentioned	partial-file
epc_bulk_check_csrf	EpcBulkCheckCsrf	content/shop/bulk_upload/epc_bulk_helpers.php	php	842	mentioned	partial-file
epc_bulk_create_crm_quote	EpcBulkCreateCrmQuote	content/shop/bulk_upload/epc_bulk_helpers.php	php	842	mentioned	partial-file
epc_bulk_create_shop_quote	EpcBulkCreateShopQuote	content/shop/bulk_upload/epc_bulk_helpers.php	php	842	mentioned	partial-file
epc_bulk_customer_price_bunches	EpcBulkCustomerPriceBunches	content/shop/bulk_upload/epc_bulk_helpers.php	php	842	mentioned	partial-file
epc_bulk_dashboard	EpcBulkDashboard	content/shop/bulk_upload/epc_bulk_helpers.php	php	842	mentioned	partial-file
epc_bulk_ensure_history_schema	EpcBulkEnsureHistorySchema	content/shop/bulk_upload/epc_bulk_helpers.php	php	842	mentioned	partial-file
epc_bulk_error	EpcBulkError	content/shop/bulk_upload/epc_bulk_helpers.php	php	842	mentioned	partial-file
epc_bulk_fetch_url	EpcBulkFetchUrl	content/shop/bulk_upload/epc_bulk_helpers.php	php	842	mentioned	partial-file
epc_bulk_get_upload	EpcBulkGetUpload	content/shop/bulk_upload/epc_bulk_helpers.php	php	842	mentioned	partial-file
epc_bulk_h	EpcBulkH	content/shop/bulk_upload/epc_bulk_helpers.php	php	842	mentioned	partial-file
epc_bulk_list_history	EpcBulkListHistory	content/shop/bulk_upload/epc_bulk_helpers.php	php	842	mentioned	partial-file
epc_bulk_money	EpcBulkMoney	content/shop/bulk_upload/epc_bulk_helpers.php	php	842	mentioned	partial-file
epc_bulk_norm	EpcBulkNorm	content/shop/bulk_upload/epc_bulk_helpers.php	php	842	mentioned	partial-file
epc_bulk_parse_csv_text	EpcBulkParseCsvText	content/shop/bulk_upload/epc_bulk_helpers.php	php	842	mentioned	partial-file
epc_bulk_parse_xlsx	EpcBulkParseXlsx	content/shop/bulk_upload/epc_bulk_helpers.php	php	842	mentioned	partial-file
epc_bulk_process_items	EpcBulkProcessItems	content/shop/bulk_upload/epc_bulk_helpers.php	php	842	mentioned	partial-file
epc_bulk_rows_from_file	EpcBulkRowsFromFile	content/shop/bulk_upload/epc_bulk_helpers.php	php	842	mentioned	partial-file
epc_bulk_search_customers	EpcBulkSearchCustomers	content/shop/bulk_upload/epc_bulk_helpers.php	php	842	mentioned	partial-file
epc_bulk_xlsx_cell_ref	EpcBulkXlsxCellRef	content/shop/bulk_upload/epc_bulk_helpers.php	php	842	mentioned	partial-file
epc_bulk_xlsx_col_index	EpcBulkXlsxColIndex	content/shop/bulk_upload/epc_bulk_helpers.php	php	842	mentioned	partial-file
showRestyle	ShowRestyle	content/shop/catalogue/bookmarks/bookmarks.php	js	145	gap	browser-js
allReview	AllReview	content/shop/catalogue/compare/compare.php	js	674	gap	browser-js
compareNumbers	CompareNumbers	content/shop/catalogue/compare/compare.php	js	674	gap	browser-js
compareStrings	CompareStrings	content/shop/catalogue/compare/compare.php	js	674	gap	browser-js
field_action	FieldAction	content/shop/catalogue/compare/compare.php	js	674	gap	browser-js
removeCurrentGroup	RemoveCurrentGroup	content/shop/catalogue/compare/compare.php	js	674	gap	browser-js
str_replace_once	StrReplaceOnce	content/shop/catalogue/generate_products_objects_by_sql.php	php	540	gap	later
addCategoryToDump	AddCategoryToDump	content/shop/catalogue/get_catalogue_tree.php	php	261	gap	later
addProductsToCategory	AddProductsToCategory	content/shop/catalogue/get_catalogue_tree.php	php	261	gap	later
epc_catalogue_image_src	EpcCatalogueImageSrc	content/shop/catalogue/printProduct_Info.php	php	819	mentioned	partial-file
URL_Filters_from_url	URLFiltersFromUrl	content/shop/catalogue/printProducts.php	js	1789	gap	browser-js
URL_Filters_to_url	URLFiltersToUrl	content/shop/catalogue/printProducts.php	js	1789	gap	browser-js
getNextPage	GetNextPage	content/shop/catalogue/printProducts.php	js	1789	gap	browser-js
getProductsHTML	GetProductsHTML	content/shop/catalogue/printProducts.php	js	1789	gap	browser-js
hideProductsCount	HideProductsCount	content/shop/catalogue/printProducts.php	js	1789	gap	browser-js
initProperiesValues	InitProperiesValues	content/shop/catalogue/printProducts.php	js	1789	gap	browser-js
onNewPropertiesShow	OnNewPropertiesShow	content/shop/catalogue/printProducts.php	js	1789	gap	browser-js
onStartShow	OnStartShow	content/shop/catalogue/printProducts.php	js	1789	gap	browser-js
onTreeListSelectChange	OnTreeListSelectChange	content/shop/catalogue/printProducts.php	js	1789	gap	browser-js
on_name_filter_button	OnNameFilterButton	content/shop/catalogue/printProducts.php	js	1789	gap	browser-js
on_product_name_search_str_entered	OnProductNameSearchStrEntered	content/shop/catalogue/printProducts.php	js	1789	gap	browser-js
other_list_options_handle	OtherListOptionsHandle	content/shop/catalogue/printProducts.php	js	1789	gap	browser-js
productsCountRequest	ProductsCountRequest	content/shop/catalogue/printProducts.php	js	1789	gap	browser-js
setProductsCountPopupId	SetProductsCountPopupId	content/shop/catalogue/printProducts.php	js	1789	gap	browser-js
setSortModeInRequestObject	SetSortModeInRequestObject	content/shop/catalogue/printProducts.php	js	1789	gap	browser-js
showProductsCount	ShowProductsCount	content/shop/catalogue/printProducts.php	js	1789	gap	browser-js
showPropertiesWidgets	ShowPropertiesWidgets	content/shop/catalogue/printProducts.php	js	1789	gap	browser-js
showResort	ShowResort	content/shop/catalogue/printProducts.php	js	1789	gap	browser-js
showRestyle	ShowRestyle	content/shop/catalogue/printProducts.php	js	1789	gap	browser-js
sliderIntFloatInit	SliderIntFloatInit	content/shop/catalogue/printProducts.php	js	1789	gap	browser-js
write_log_txt	WriteLogTxt	content/shop/catalogue/printProducts.php	php	1789	gap	later
AJAXgetProductsHTML	AJAXgetProductsHTML	content/shop/catalogue/printProducts_2.php	js	2898	gap	browser-js
URL_Filters_from_url	URLFiltersFromUrl	content/shop/catalogue/printProducts_2.php	js	2898	gap	browser-js
URL_Filters_to_url	URLFiltersToUrl	content/shop/catalogue/printProducts_2.php	js	2898	gap	browser-js
filter_properties_close	FilterPropertiesClose	content/shop/catalogue/printProducts_2.php	js	2898	gap	browser-js
getProductsHTML	GetProductsHTML	content/shop/catalogue/printProducts_2.php	js	2898	gap	browser-js
hideProductsCount	HideProductsCount	content/shop/catalogue/printProducts_2.php	js	2898	gap	browser-js
initProperiesValues	InitProperiesValues	content/shop/catalogue/printProducts_2.php	js	2898	gap	browser-js
onNewPropertiesShow	OnNewPropertiesShow	content/shop/catalogue/printProducts_2.php	js	2898	gap	browser-js
onStartShow	OnStartShow	content/shop/catalogue/printProducts_2.php	js	2898	gap	browser-js
onTreeListSelectChange	OnTreeListSelectChange	content/shop/catalogue/printProducts_2.php	js	2898	gap	browser-js
on_name_filter_button	OnNameFilterButton	content/shop/catalogue/printProducts_2.php	js	2898	gap	browser-js
on_product_name_search_str_entered	OnProductNameSearchStrEntered	content/shop/catalogue/printProducts_2.php	js	2898	gap	browser-js
onchange_range_max	OnchangeRangeMax	content/shop/catalogue/printProducts_2.php	js	2898	gap	browser-js
onchange_range_min	OnchangeRangeMin	content/shop/catalogue/printProducts_2.php	js	2898	gap	browser-js
other_list_options_handle	OtherListOptionsHandle	content/shop/catalogue/printProducts_2.php	js	2898	gap	browser-js
productsCountRequest	ProductsCountRequest	content/shop/catalogue/printProducts_2.php	js	2898	gap	browser-js
proverka_numeric	ProverkaNumeric	content/shop/catalogue/printProducts_2.php	js	2898	gap	browser-js
setProductsCountPopupId	SetProductsCountPopupId	content/shop/catalogue/printProducts_2.php	js	2898	gap	browser-js
setSortModeInRequestObject	SetSortModeInRequestObject	content/shop/catalogue/printProducts_2.php	js	2898	gap	browser-js
showProductsCount	ShowProductsCount	content/shop/catalogue/printProducts_2.php	js	2898	gap	browser-js
showPropertiesWidgets	ShowPropertiesWidgets	content/shop/catalogue/printProducts_2.php	js	2898	gap	browser-js
showResort	ShowResort	content/shop/catalogue/printProducts_2.php	js	2898	gap	browser-js
showRestyle	ShowRestyle	content/shop/catalogue/printProducts_2.php	js	2898	gap	browser-js
show_filter_box	ShowFilterBox	content/shop/catalogue/printProducts_2.php	js	2898	gap	browser-js
show_more_btn	ShowMoreBtn	content/shop/catalogue/printProducts_2.php	js	2898	gap	browser-js
show_more_click	ShowMoreClick	content/shop/catalogue/printProducts_2.php	js	2898	gap	browser-js
show_pagination	ShowPagination	content/shop/catalogue/printProducts_2.php	js	2898	gap	browser-js
sliderIntFloatInit	SliderIntFloatInit	content/shop/catalogue/printProducts_2.php	js	2898	gap	browser-js
str_replace_once_all	StrReplaceOnceAll	content/shop/catalogue/printProducts_2.php	php	2898	gap	later
write_log_txt	WriteLogTxt	content/shop/catalogue/printProducts_2.php	php	2898	gap	later
evaluationReview	EvaluationReview	content/shop/catalogue/product_evaluations.php	js	376	mentioned	browser-js
getGeneralMark	GetGeneralMark	content/shop/catalogue/product_evaluations.php	js	376	mentioned	browser-js
getProductEvaluations	GetProductEvaluations	content/shop/catalogue/product_evaluations.php	js	376	mentioned	browser-js
go_to_page	GoToPage	content/shop/catalogue/product_evaluations.php	js	376	mentioned	browser-js
autoxp_redirect	AutoxpRedirect	content/shop/catalogue/search_tabs/tabs_content/parts_catalogues/tab_content.php	js	371	gap	browser-js
parts_catalogues_tab_show_cars	PartsCataloguesTabShowCars	content/shop/catalogue/search_tabs/tabs_content/parts_catalogues/tab_content.php	js	371	gap	browser-js
parts_catalogues_tab_show_catalogues	PartsCataloguesTabShowCatalogues	content/shop/catalogue/search_tabs/tabs_content/parts_catalogues/tab_content.php	js	371	gap	browser-js
printSP_Categories	PrintSPCategories	content/shop/catalogue/special_searches_handler.php	php	360	mentioned	partial-file
epc_crm_activity_types	EpcCrmActivityTypes	content/shop/crm/epc_crm_helpers.php	php	263	gap	later
epc_crm_admin_id	EpcCrmAdminId	content/shop/crm/epc_crm_helpers.php	php	263	gap	later
epc_crm_dashboard	EpcCrmDashboard	content/shop/crm/epc_crm_helpers.php	php	263	gap	later
epc_crm_get_lead	EpcCrmGetLead	content/shop/crm/epc_crm_helpers.php	php	263	gap	later
epc_crm_h	EpcCrmH	content/shop/crm/epc_crm_helpers.php	php	263	gap	later
epc_crm_lead_statuses	EpcCrmLeadStatuses	content/shop/crm/epc_crm_helpers.php	php	263	gap	later
epc_crm_list_activities	EpcCrmListActivities	content/shop/crm/epc_crm_helpers.php	php	263	gap	later
epc_crm_list_leads	EpcCrmListLeads	content/shop/crm/epc_crm_helpers.php	php	263	gap	later
epc_crm_list_opportunities	EpcCrmListOpportunities	content/shop/crm/epc_crm_helpers.php	php	263	gap	later
epc_crm_pipeline_board	EpcCrmPipelineBoard	content/shop/crm/epc_crm_helpers.php	php	263	gap	later
epc_crm_stages	EpcCrmStages	content/shop/crm/epc_crm_helpers.php	php	263	gap	later
epc_crm_tab_url	EpcCrmTabUrl	content/shop/crm/epc_crm_helpers.php	php	263	gap	later
epc_crm_won_order_hint	EpcCrmWonOrderHint	content/shop/crm/epc_crm_helpers.php	php	263	gap	later
multi_request	MultiRequest	content/shop/docpart/ajax_asynchron.php	php	385	mentioned	partial-file
epc_cross_add_crossbase_aftermarket_for_oem_rows	EpcCrossAddCrossbaseAftermarketForOemRows	content/shop/docpart/ajax_epc_cross_search.php	php	3421	mentioned	partial-file
epc_cross_add_crossbase_oem_for_aftermarket_rows	EpcCrossAddCrossbaseOemForAftermarketRows	content/shop/docpart/ajax_epc_cross_search.php	php	3421	mentioned	partial-file
epc_cross_add_reference	EpcCrossAddReference	content/shop/docpart/ajax_epc_cross_search.php	php	3421	mentioned	partial-file
epc_cross_aftermarket_oem_rank	EpcCrossAftermarketOemRank	content/shop/docpart/ajax_epc_cross_search.php	php	3421	mentioned	partial-file
epc_cross_apply_price_name_cluster	EpcCrossApplyPriceNameCluster	content/shop/docpart/ajax_epc_cross_search.php	php	3421	mentioned	partial-file
epc_cross_brand_from_crossbase_row	EpcCrossBrandFromCrossbaseRow	content/shop/docpart/ajax_epc_cross_search.php	php	3421	mentioned	partial-file
epc_cross_brand_from_crossbase_text	EpcCrossBrandFromCrossbaseText	content/shop/docpart/ajax_epc_cross_search.php	php	3421	mentioned	partial-file
epc_cross_build_price_storage_map	EpcCrossBuildPriceStorageMap	content/shop/docpart/ajax_epc_cross_search.php	php	3421	mentioned	partial-file
epc_cross_build_reference_pair_keys	EpcCrossBuildReferencePairKeys	content/shop/docpart/ajax_epc_cross_search.php	php	3421	mentioned	partial-file
epc_cross_cap_references_for_api	EpcCrossCapReferencesForApi	content/shop/docpart/ajax_epc_cross_search.php	php	3421	mentioned	partial-file
epc_cross_count_refs_by_source	EpcCrossCountRefsBySource	content/shop/docpart/ajax_epc_cross_search.php	php	3421	mentioned	partial-file
epc_cross_dedupe_unique_references	EpcCrossDedupeUniqueReferences	content/shop/docpart/ajax_epc_cross_search.php	php	3421	mentioned	partial-file
epc_cross_enrich_reference_brands	EpcCrossEnrichReferenceBrands	content/shop/docpart/ajax_epc_cross_search.php	php	3421	mentioned	partial-file
epc_cross_enrich_reference_names	EpcCrossEnrichReferenceNames	content/shop/docpart/ajax_epc_cross_search.php	php	3421	mentioned	partial-file
epc_cross_enrich_reference_names_umapi	EpcCrossEnrichReferenceNamesUmapi	content/shop/docpart/ajax_epc_cross_search.php	php	3421	mentioned	partial-file
epc_cross_fetch_crossbase_html	EpcCrossFetchCrossbaseHtml	content/shop/docpart/ajax_epc_cross_search.php	php	3421	mentioned	partial-file
epc_cross_format_reference_name	EpcCrossFormatReferenceName	content/shop/docpart/ajax_epc_cross_search.php	php	3421	mentioned	partial-file
epc_cross_infer_brand_from_article_norm	EpcCrossInferBrandFromArticleNorm	content/shop/docpart/ajax_epc_cross_search.php	php	3421	mentioned	partial-file
epc_cross_interchange_sort_score	EpcCrossInterchangeSortScore	content/shop/docpart/ajax_epc_cross_search.php	php	3421	mentioned	partial-file
epc_cross_is_aftermarket_article_norm	EpcCrossIsAftermarketArticleNorm	content/shop/docpart/ajax_epc_cross_search.php	php	3421	mentioned	partial-file
epc_cross_json	EpcCrossJson	content/shop/docpart/ajax_epc_cross_search.php	php	3421	mentioned	partial-file
epc_cross_load_crossbase_references	EpcCrossLoadCrossbaseReferences	content/shop/docpart/ajax_epc_cross_search.php	php	3421	mentioned	partial-file
epc_cross_load_local_aftermarket_for_oem	EpcCrossLoadLocalAftermarketForOem	content/shop/docpart/ajax_epc_cross_search.php	php	3421	mentioned	partial-file
epc_cross_load_local_references	EpcCrossLoadLocalReferences	content/shop/docpart/ajax_epc_cross_search.php	php	3421	mentioned	partial-file
epc_cross_load_stock_for_references	EpcCrossLoadStockForReferences	content/shop/docpart/ajax_epc_cross_search.php	php	3421	mentioned	partial-file
epc_cross_merge_anchor_stock	EpcCrossMergeAnchorStock	content/shop/docpart/ajax_epc_cross_search.php	php	3421	mentioned	partial-file
epc_cross_merge_reference_rows	EpcCrossMergeReferenceRows	content/shop/docpart/ajax_epc_cross_search.php	php	3421	mentioned	partial-file
epc_cross_merge_source_into_ref	EpcCrossMergeSourceIntoRef	content/shop/docpart/ajax_epc_cross_search.php	php	3421	mentioned	partial-file
epc_cross_oem_from_crossbase_rank	EpcCrossOemFromCrossbaseRank	content/shop/docpart/ajax_epc_cross_search.php	php	3421	mentioned	partial-file
epc_cross_persist_crossbase_pairs	EpcCrossPersistCrossbasePairs	content/shop/docpart/ajax_epc_cross_search.php	php	3421	mentioned	partial-file
epc_cross_persist_interchange_for_customer	EpcCrossPersistInterchangeForCustomer	content/shop/docpart/ajax_epc_cross_search.php	php	3421	mentioned	partial-file
epc_cross_prioritize_references	EpcCrossPrioritizeReferences	content/shop/docpart/ajax_epc_cross_search.php	php	3421	mentioned	partial-file
epc_cross_reciprocal_crossbase_expand	EpcCrossReciprocalCrossbaseExpand	content/shop/docpart/ajax_epc_cross_search.php	php	3421	mentioned	partial-file
epc_cross_reference_pair_key	EpcCrossReferencePairKey	content/shop/docpart/ajax_epc_cross_search.php	php	3421	mentioned	partial-file
epc_cross_sort_interchange_bucket	EpcCrossSortInterchangeBucket	content/shop/docpart/ajax_epc_cross_search.php	php	3421	mentioned	partial-file
epc_cross_supplement_stock_for_references	EpcCrossSupplementStockForReferences	content/shop/docpart/ajax_epc_cross_search.php	php	3421	mentioned	partial-file
epc_cross_umapi_cache_name_map	EpcCrossUmapiCacheNameMap	content/shop/docpart/ajax_epc_cross_search.php	php	3421	mentioned	partial-file
epc_cross_umapi_collect_name_map	EpcCrossUmapiCollectNameMap	content/shop/docpart/ajax_epc_cross_search.php	php	3421	mentioned	partial-file
epc_cross_umapi_fetch_json	EpcCrossUmapiFetchJson	content/shop/docpart/ajax_epc_cross_search.php	php	3421	mentioned	partial-file
epc_cross_umapi_is_active	EpcCrossUmapiIsActive	content/shop/docpart/ajax_epc_cross_search.php	php	3421	mentioned	partial-file
epc_cross_umapi_item_field	EpcCrossUmapiItemField	content/shop/docpart/ajax_epc_cross_search.php	php	3421	mentioned	partial-file
epc_cross_umapi_key	EpcCrossUmapiKey	content/shop/docpart/ajax_epc_cross_search.php	php	3421	mentioned	partial-file
epc_fetch_url	EpcFetchUrl	content/shop/docpart/ajax_epc_cross_search.php	php	3421	mentioned	partial-file
epc_pf_build_full_catalog	EpcPfBuildFullCatalog	content/shop/docpart/ajax_epc_product_family.php	php	145	mentioned	partial-file
epc_pf_cache_file_path	EpcPfCacheFilePath	content/shop/docpart/ajax_epc_product_family.php	php	145	mentioned	partial-file
epc_pf_load_catalog	EpcPfLoadCatalog	content/shop/docpart/ajax_epc_product_family.php	php	145	mentioned	partial-file
epc_pf_read_cache	EpcPfReadCache	content/shop/docpart/ajax_epc_product_family.php	php	145	mentioned	partial-file
epc_pf_write_cache	EpcPfWriteCache	content/shop/docpart/ajax_epc_product_family.php	php	145	mentioned	partial-file
get_analogs	GetAnalogs	content/shop/docpart/ajax_getAnalogsList.php	php	376	mentioned	partial-file
multi_request	MultiRequest	content/shop/docpart/ajax_getAnalogsList.php	php	376	mentioned	partial-file
prepareString	PrepareString	content/shop/docpart/ajax_getAnalogsList.php	php	376	mentioned	partial-file
str_replace_once	StrReplaceOnce	content/shop/docpart/ajax_get_article_list.php	php	346	mentioned	partial-file
autoxp_redirect	AutoxpRedirect	content/shop/docpart/car_catalogues/chose_catalogue.php	js	194	gap	browser-js
docpart_analogs_has_search_columns	DocpartAnalogsHasSearchColumns	content/shop/docpart/docpart_article_match.php	php	516	gap	later
docpart_analogs_match_exprs	DocpartAnalogsMatchExprs	content/shop/docpart/docpart_article_match.php	php	516	gap	later
docpart_collect_article_candidates	DocpartCollectArticleCandidates	content/shop/docpart/docpart_article_match.php	php	516	gap	later
docpart_price_data_backfill_article_search	DocpartPriceDataBackfillArticleSearch	content/shop/docpart/docpart_article_match.php	php	516	gap	later
docpart_price_data_ensure_article_search_column	DocpartPriceDataEnsureArticleSearchColumn	content/shop/docpart/docpart_article_match.php	php	516	gap	later
docpart_price_ids_from_office_storage_bunches	DocpartPriceIdsFromOfficeStorageBunches	content/shop/docpart/docpart_article_match.php	php	516	gap	later
docpart_resolve_article_search_values	DocpartResolveArticleSearchValues	content/shop/docpart/docpart_article_match.php	php	516	gap	later
docpart_sql_article_match_expr	DocpartSqlArticleMatchExpr	content/shop/docpart/docpart_article_match.php	php	516	gap	later
docpart_sql_article_normalized_expr	DocpartSqlArticleNormalizedExpr	content/shop/docpart/docpart_article_match.php	php	516	gap	later
docpart_sql_article_values_match_clause	DocpartSqlArticleValuesMatchClause	content/shop/docpart/docpart_article_match.php	php	516	gap	later
epc_chpu_build_part_url	EpcChpuBuildPartUrl	content/shop/docpart/docpart_article_match.php	php	516	gap	later
epc_chpu_distinct_warehouse_brands_for_article	EpcChpuDistinctWarehouseBrandsForArticle	content/shop/docpart/docpart_article_match.php	php	516	gap	later
epc_chpu_resolve_single_brand_for_article	EpcChpuResolveSingleBrandForArticle	content/shop/docpart/docpart_article_match.php	php	516	gap	later
epc_chpu_single_brand_from_umapi	EpcChpuSingleBrandFromUmapi	content/shop/docpart/docpart_article_match.php	php	516	gap	later
epc_chpu_single_brand_redirect_url	EpcChpuSingleBrandRedirectUrl	content/shop/docpart/docpart_article_match.php	php	516	gap	later
docpart_analogs_host_load1	DocpartAnalogsHostLoad1	content/shop/docpart/docpart_cross_interchange.php	php	600	gap	later
docpart_cross_infer_brand_from_article_norm	DocpartCrossInferBrandFromArticleNorm	content/shop/docpart/docpart_cross_interchange.php	php	600	gap	later
docpart_cross_pair_exists_with_brands	DocpartCrossPairExistsWithBrands	content/shop/docpart/docpart_cross_interchange.php	php	600	gap	later
docpart_cross_persist_interchange_pair	DocpartCrossPersistInterchangePair	content/shop/docpart/docpart_cross_interchange.php	php	600	gap	later
docpart_cross_persist_interchange_pair_bidirectional	DocpartCrossPersistInterchangePairBidirectional	content/shop/docpart/docpart_cross_interchange.php	php	600	gap	later
docpart_cross_prepare_brand_name	DocpartCrossPrepareBrandName	content/shop/docpart/docpart_cross_interchange.php	php	600	gap	later
docpart_cross_refs_from_price_name_cluster	DocpartCrossRefsFromPriceNameCluster	content/shop/docpart/docpart_cross_interchange.php	php	600	gap	later
docpart_cross_refs_from_stock_oem_mention	DocpartCrossRefsFromStockOemMention	content/shop/docpart/docpart_cross_interchange.php	php	600	gap	later
docpart_cross_repair_empty_manufacturers	DocpartCrossRepairEmptyManufacturers	content/shop/docpart/docpart_cross_interchange.php	php	600	gap	later
docpart_cross_resolve_brand_for_article	DocpartCrossResolveBrandForArticle	content/shop/docpart/docpart_cross_interchange.php	php	600	gap	later
docpart_load_interchange_partners	DocpartLoadInterchangePartners	content/shop/docpart/docpart_cross_interchange.php	php	600	gap	later
docpart_price_name_cluster_core	DocpartPriceNameClusterCore	content/shop/docpart/docpart_cross_interchange.php	php	600	gap	later
epc_article_brands_add	EpcArticleBrandsAdd	content/shop/docpart/docpart_epc_article_brands.php	php	355	gap	later
epc_article_brands_apply_synonyms	EpcArticleBrandsApplySynonyms	content/shop/docpart/docpart_epc_article_brands.php	php	355	gap	later
epc_article_brands_crossbase_brand	EpcArticleBrandsCrossbaseBrand	content/shop/docpart/docpart_epc_article_brands.php	php	355	gap	later
epc_article_brands_fetch_url	EpcArticleBrandsFetchUrl	content/shop/docpart/docpart_epc_article_brands.php	php	355	gap	later
epc_article_brands_from_crossbase	EpcArticleBrandsFromCrossbase	content/shop/docpart/docpart_epc_article_brands.php	php	355	gap	later
epc_article_brands_from_local_crosses	EpcArticleBrandsFromLocalCrosses	content/shop/docpart/docpart_epc_article_brands.php	php	355	gap	later
epc_article_brands_from_umapi	EpcArticleBrandsFromUmapi	content/shop/docpart/docpart_epc_article_brands.php	php	355	gap	later
epc_article_brands_umapi_key	EpcArticleBrandsUmapiKey	content/shop/docpart/docpart_epc_article_brands.php	php	355	gap	later
epc_collect_article_catalog_brands	EpcCollectArticleCatalogBrands	content/shop/docpart/docpart_epc_article_brands.php	php	355	gap	later
epc_price_history_attach_issues	EpcPriceHistoryAttachIssues	content/shop/docpart/docpart_price_upload_history.php	php	1098	mentioned	partial-file
epc_price_history_backfill_active_flags	EpcPriceHistoryBackfillActiveFlags	content/shop/docpart/docpart_price_upload_history.php	php	1098	mentioned	partial-file
epc_price_history_begin_pyprices_task	EpcPriceHistoryBeginPypricesTask	content/shop/docpart/docpart_price_upload_history.php	php	1098	mentioned	partial-file
epc_price_history_channel_upload_source	EpcPriceHistoryChannelUploadSource	content/shop/docpart/docpart_price_upload_history.php	php	1098	mentioned	partial-file
epc_price_history_collect_issues_for_history	EpcPriceHistoryCollectIssuesForHistory	content/shop/docpart/docpart_price_upload_history.php	php	1098	mentioned	partial-file
epc_price_history_count_brands	EpcPriceHistoryCountBrands	content/shop/docpart/docpart_price_upload_history.php	php	1098	mentioned	partial-file
epc_price_history_count_issue_types	EpcPriceHistoryCountIssueTypes	content/shop/docpart/docpart_price_upload_history.php	php	1098	mentioned	partial-file
epc_price_history_count_items	EpcPriceHistoryCountItems	content/shop/docpart/docpart_price_upload_history.php	php	1098	mentioned	partial-file
epc_price_history_ensure_active_column	EpcPriceHistoryEnsureActiveColumn	content/shop/docpart/docpart_price_upload_history.php	php	1098	mentioned	partial-file
epc_price_history_ensure_issues_column	EpcPriceHistoryEnsureIssuesColumn	content/shop/docpart/docpart_price_upload_history.php	php	1098	mentioned	partial-file
epc_price_history_exists_source_ref	EpcPriceHistoryExistsSourceRef	content/shop/docpart/docpart_price_upload_history.php	php	1098	mentioned	partial-file
epc_price_history_find_task_file	EpcPriceHistoryFindTaskFile	content/shop/docpart/docpart_price_upload_history.php	php	1098	mentioned	partial-file
epc_price_history_get_latest_with_file	EpcPriceHistoryGetLatestWithFile	content/shop/docpart/docpart_price_upload_history.php	php	1098	mentioned	partial-file
epc_price_history_get_row	EpcPriceHistoryGetRow	content/shop/docpart/docpart_price_upload_history.php	php	1098	mentioned	partial-file
epc_price_history_issue	EpcPriceHistoryIssue	content/shop/docpart/docpart_price_upload_history.php	php	1098	mentioned	partial-file
epc_price_history_issues_absolute_path	EpcPriceHistoryIssuesAbsolutePath	content/shop/docpart/docpart_price_upload_history.php	php	1098	mentioned	partial-file
epc_price_history_issues_from_module	EpcPriceHistoryIssuesFromModule	content/shop/docpart/docpart_price_upload_history.php	php	1098	mentioned	partial-file
epc_price_history_list	EpcPriceHistoryList	content/shop/docpart/docpart_price_upload_history.php	php	1098	mentioned	partial-file
epc_price_history_log_pyprices_task	EpcPriceHistoryLogPypricesTask	content/shop/docpart/docpart_price_upload_history.php	php	1098	mentioned	partial-file
epc_price_history_refresh_article_search	EpcPriceHistoryRefreshArticleSearch	content/shop/docpart/docpart_price_upload_history.php	php	1098	mentioned	partial-file
epc_price_history_storage_root	EpcPriceHistoryStorageRoot	content/shop/docpart/docpart_price_upload_history.php	php	1098	mentioned	partial-file
epc_price_history_tmp_upload_root	EpcPriceHistoryTmpUploadRoot	content/shop/docpart/docpart_price_upload_history.php	php	1098	mentioned	partial-file
epc_price_history_update_by_source_ref	EpcPriceHistoryUpdateBySourceRef	content/shop/docpart/docpart_price_upload_history.php	php	1098	mentioned	partial-file
epc_price_history_update_by_task_ref	EpcPriceHistoryUpdateByTaskRef	content/shop/docpart/docpart_price_upload_history.php	php	1098	mentioned	partial-file
epc_acc_build_items	EpcAccBuildItems	content/shop/docpart/epc_accessories_catalog.php	php	315	gap	later
epc_acc_cache_path	EpcAccCachePath	content/shop/docpart/epc_accessories_catalog.php	php	315	gap	later
epc_acc_fetch_raw_rows	EpcAccFetchRawRows	content/shop/docpart/epc_accessories_catalog.php	php	315	gap	later
epc_acc_load_catalog	EpcAccLoadCatalog	content/shop/docpart/epc_accessories_catalog.php	php	315	gap	later
epc_acc_search	EpcAccSearch	content/shop/docpart/epc_accessories_catalog.php	php	315	gap	later
epc_acc_add_listing	EpcAccAddListing	content/shop/docpart/epc_accessories_db.php	php	1624	gap	later
epc_acc_admin_category_tree	EpcAccAdminCategoryTree	content/shop/docpart/epc_accessories_db.php	php	1624	gap	later
epc_acc_admin_search	EpcAccAdminSearch	content/shop/docpart/epc_accessories_db.php	php	1624	gap	later
epc_acc_delete_category	EpcAccDeleteCategory	content/shop/docpart/epc_accessories_db.php	php	1624	gap	later
epc_acc_delete_listing	EpcAccDeleteListing	content/shop/docpart/epc_accessories_db.php	php	1624	gap	later
epc_acc_delete_term	EpcAccDeleteTerm	content/shop/docpart/epc_accessories_db.php	php	1624	gap	later
epc_acc_ensure_schema	EpcAccEnsureSchema	content/shop/docpart/epc_accessories_db.php	php	1624	gap	later
epc_acc_get_category_tree	EpcAccGetCategoryTree	content/shop/docpart/epc_accessories_db.php	php	1624	gap	later
epc_acc_get_listing	EpcAccGetListing	content/shop/docpart/epc_accessories_db.php	php	1624	gap	later
epc_acc_get_terms	EpcAccGetTerms	content/shop/docpart/epc_accessories_db.php	php	1624	gap	later
epc_acc_legacy_pk_cities	EpcAccLegacyPkCities	content/shop/docpart/epc_accessories_db.php	php	1624	gap	later
epc_acc_load_taxonomy_json	EpcAccLoadTaxonomyJson	content/shop/docpart/epc_accessories_db.php	php	1624	gap	later
epc_acc_migrate_uae_locale	EpcAccMigrateUaeLocale	content/shop/docpart/epc_accessories_db.php	php	1624	gap	later
epc_acc_photo_public_url	EpcAccPhotoPublicUrl	content/shop/docpart/epc_accessories_db.php	php	1624	gap	later
epc_acc_photos_add	EpcAccPhotosAdd	content/shop/docpart/epc_accessories_db.php	php	1624	gap	later
epc_acc_photos_add_many_from_files	EpcAccPhotosAddManyFromFiles	content/shop/docpart/epc_accessories_db.php	php	1624	gap	later
epc_acc_photos_delete	EpcAccPhotosDelete	content/shop/docpart/epc_accessories_db.php	php	1624	gap	later
epc_acc_photos_list	EpcAccPhotosList	content/shop/docpart/epc_accessories_db.php	php	1624	gap	later
epc_acc_photos_set_primary	EpcAccPhotosSetPrimary	content/shop/docpart/epc_accessories_db.php	php	1624	gap	later
epc_acc_photos_sync_listing	EpcAccPhotosSyncListing	content/shop/docpart/epc_accessories_db.php	php	1624	gap	later
epc_acc_save_category	EpcAccSaveCategory	content/shop/docpart/epc_accessories_db.php	php	1624	gap	later
epc_acc_save_term	EpcAccSaveTerm	content/shop/docpart/epc_accessories_db.php	php	1624	gap	later
epc_acc_seed_categories_from_json	EpcAccSeedCategoriesFromJson	content/shop/docpart/epc_accessories_db.php	php	1624	gap	later
epc_acc_seed_terms_from_json	EpcAccSeedTermsFromJson	content/shop/docpart/epc_accessories_db.php	php	1624	gap	later
epc_acc_set_category_active	EpcAccSetCategoryActive	content/shop/docpart/epc_accessories_db.php	php	1624	gap	later
epc_acc_set_listing_status	EpcAccSetListingStatus	content/shop/docpart/epc_accessories_db.php	php	1624	gap	later
epc_acc_set_term_active	EpcAccSetTermActive	content/shop/docpart/epc_accessories_db.php	php	1624	gap	later
epc_acc_slugify	EpcAccSlugify	content/shop/docpart/epc_accessories_db.php	php	1624	gap	later
epc_acc_taxonomy_json_path	EpcAccTaxonomyJsonPath	content/shop/docpart/epc_accessories_db.php	php	1624	gap	later
epc_acc_term_labels	EpcAccTermLabels	content/shop/docpart/epc_accessories_db.php	php	1624	gap	later
epc_acc_uae_cities	EpcAccUaeCities	content/shop/docpart/epc_accessories_db.php	php	1624	gap	later
epc_acc_update_listing	EpcAccUpdateListing	content/shop/docpart/epc_accessories_db.php	php	1624	gap	later
epc_ai_expert_client_ip	EpcAiExpertClientIp	content/shop/docpart/epc_ai_parts_expert.php	php	444	gap	later
epc_ai_expert_cross_refs_from_crossbase	EpcAiExpertCrossRefsFromCrossbase	content/shop/docpart/epc_ai_parts_expert.php	php	444	gap	later
epc_ai_expert_csrf_token	EpcAiExpertCsrfToken	content/shop/docpart/epc_ai_parts_expert.php	php	444	gap	later
epc_ai_expert_csrf_valid	EpcAiExpertCsrfValid	content/shop/docpart/epc_ai_parts_expert.php	php	444	gap	later
epc_ai_expert_enabled	EpcAiExpertEnabled	content/shop/docpart/epc_ai_parts_expert.php	php	444	gap	later
epc_ai_expert_fetch_url	EpcAiExpertFetchUrl	content/shop/docpart/epc_ai_parts_expert.php	php	444	gap	later
epc_ai_expert_fitment_rows	EpcAiExpertFitmentRows	content/shop/docpart/epc_ai_parts_expert.php	php	444	gap	later
epc_ai_expert_local_stock	EpcAiExpertLocalStock	content/shop/docpart/epc_ai_parts_expert.php	php	444	gap	later
epc_ai_expert_pick_brand	EpcAiExpertPickBrand	content/shop/docpart/epc_ai_parts_expert.php	php	444	gap	later
epc_ai_expert_rate_limited	EpcAiExpertRateLimited	content/shop/docpart/epc_ai_parts_expert.php	php	444	gap	later
epc_ai_expert_search	EpcAiExpertSearch	content/shop/docpart/epc_ai_parts_expert.php	php	444	gap	later
epc_ai_expert_secret	EpcAiExpertSecret	content/shop/docpart/epc_ai_parts_expert.php	php	444	gap	later
epc_ai_expert_umapi_brand_rows	EpcAiExpertUmapiBrandRows	content/shop/docpart/epc_ai_parts_expert.php	php	444	gap	later
epc_build_initial_price_bunch	EpcBuildInitialPriceBunch	content/shop/docpart/epc_build_initial_price_bunch.php	php	108	gap	ready
epc_commerce_aggregate_rows	EpcCommerceAggregateRows	content/shop/docpart/epc_commerce_price_ingest.php	php	1225	gap	later
epc_commerce_base_from_list_name	EpcCommerceBaseFromListName	content/shop/docpart/epc_commerce_price_ingest.php	php	1225	gap	later
epc_commerce_clip	EpcCommerceClip	content/shop/docpart/epc_commerce_price_ingest.php	php	1225	gap	later
epc_commerce_detect_delimiter	EpcCommerceDetectDelimiter	content/shop/docpart/epc_commerce_price_ingest.php	php	1225	gap	later
epc_commerce_download_url	EpcCommerceDownloadUrl	content/shop/docpart/epc_commerce_price_ingest.php	php	1225	gap	later
epc_commerce_ensure_warehouse	EpcCommerceEnsureWarehouse	content/shop/docpart/epc_commerce_price_ingest.php	php	1225	gap	later
epc_commerce_excel_to_csv	EpcCommerceExcelToCsv	content/shop/docpart/epc_commerce_price_ingest.php	php	1225	gap	later
epc_commerce_header_aliases	EpcCommerceHeaderAliases	content/shop/docpart/epc_commerce_price_ingest.php	php	1225	gap	later
epc_commerce_import_csv_local	EpcCommerceImportCsvLocal	content/shop/docpart/epc_commerce_price_ingest.php	php	1225	gap	later
epc_commerce_import_into_list	EpcCommerceImportIntoList	content/shop/docpart/epc_commerce_price_ingest.php	php	1225	gap	later
epc_commerce_ingest_file	EpcCommerceIngestFile	content/shop/docpart/epc_commerce_price_ingest.php	php	1225	gap	later
epc_commerce_list_name	EpcCommerceListName	content/shop/docpart/epc_commerce_price_ingest.php	php	1225	gap	later
epc_commerce_list_sources	EpcCommerceListSources	content/shop/docpart/epc_commerce_price_ingest.php	php	1225	gap	later
epc_commerce_map_headers	EpcCommerceMapHeaders	content/shop/docpart/epc_commerce_price_ingest.php	php	1225	gap	later
epc_commerce_meta_decode	EpcCommerceMetaDecode	content/shop/docpart/epc_commerce_price_ingest.php	php	1225	gap	later
epc_commerce_meta_encode	EpcCommerceMetaEncode	content/shop/docpart/epc_commerce_price_ingest.php	php	1225	gap	later
epc_commerce_normalize_article	EpcCommerceNormalizeArticle	content/shop/docpart/epc_commerce_price_ingest.php	php	1225	gap	later
epc_commerce_normalize_header_cell	EpcCommerceNormalizeHeaderCell	content/shop/docpart/epc_commerce_price_ingest.php	php	1225	gap	later
epc_commerce_normalize_source_url	EpcCommerceNormalizeSourceUrl	content/shop/docpart/epc_commerce_price_ingest.php	php	1225	gap	later
epc_commerce_parse_number	EpcCommerceParseNumber	content/shop/docpart/epc_commerce_price_ingest.php	php	1225	gap	later
epc_commerce_read_source_rows	EpcCommerceReadSourceRows	content/shop/docpart/epc_commerce_price_ingest.php	php	1225	gap	later
epc_commerce_refresh_all_linked	EpcCommerceRefreshAllLinked	content/shop/docpart/epc_commerce_price_ingest.php	php	1225	gap	later
epc_commerce_refresh_price_id	EpcCommerceRefreshPriceId	content/shop/docpart/epc_commerce_price_ingest.php	php	1225	gap	later
epc_commerce_role_from_list_name	EpcCommerceRoleFromListName	content/shop/docpart/epc_commerce_price_ingest.php	php	1225	gap	later
epc_commerce_role_suffix	EpcCommerceRoleSuffix	content/shop/docpart/epc_commerce_price_ingest.php	php	1225	gap	later
epc_commerce_store_meta_only	EpcCommerceStoreMetaOnly	content/shop/docpart/epc_commerce_price_ingest.php	php	1225	gap	later
epc_commerce_store_source_link	EpcCommerceStoreSourceLink	content/shop/docpart/epc_commerce_price_ingest.php	php	1225	gap	later
epc_commerce_write_docpart_csv	EpcCommerceWriteDocpartCsv	content/shop/docpart/epc_commerce_price_ingest.php	php	1225	gap	later
epc_commerce_xlsx_to_csv_native	EpcCommerceXlsxToCsvNative	content/shop/docpart/epc_commerce_price_ingest.php	php	1225	gap	later
epc_demand_access_context	EpcDemandAccessContext	content/shop/docpart/epc_demand_intelligence.php	php	2249	gap	later
epc_demand_anchor_stock_from_db	EpcDemandAnchorStockFromDb	content/shop/docpart/epc_demand_intelligence.php	php	2249	gap	later
epc_demand_assert_country_allowed	EpcDemandAssertCountryAllowed	content/shop/docpart/epc_demand_intelligence.php	php	2249	gap	later
epc_demand_bootstrap_db_link	EpcDemandBootstrapDbLink	content/shop/docpart/epc_demand_intelligence.php	php	2249	gap	later
epc_demand_build_card	EpcDemandBuildCard	content/shop/docpart/epc_demand_intelligence.php	php	2249	gap	later
epc_demand_build_country_view	EpcDemandBuildCountryView	content/shop/docpart/epc_demand_intelligence.php	php	2249	gap	later
epc_demand_build_showcase	EpcDemandBuildShowcase	content/shop/docpart/epc_demand_intelligence.php	php	2249	gap	later
epc_demand_build_showcase_summary	EpcDemandBuildShowcaseSummary	content/shop/docpart/epc_demand_intelligence.php	php	2249	gap	later
epc_demand_chpu_part_url	EpcDemandChpuPartUrl	content/shop/docpart/epc_demand_intelligence.php	php	2249	gap	later
epc_demand_count_stock_brands_for_article	EpcDemandCountStockBrandsForArticle	content/shop/docpart/epc_demand_intelligence.php	php	2249	gap	later
epc_demand_country_overview	EpcDemandCountryOverview	content/shop/docpart/epc_demand_intelligence.php	php	2249	gap	later
epc_demand_country_price_list_parts	EpcDemandCountryPriceListParts	content/shop/docpart/epc_demand_intelligence.php	php	2249	gap	later
epc_demand_customer_user_id	EpcDemandCustomerUserId	content/shop/docpart/epc_demand_intelligence.php	php	2249	gap	later
epc_demand_engine_keywords	EpcDemandEngineKeywords	content/shop/docpart/epc_demand_intelligence.php	php	2249	gap	later
epc_demand_engine_name_sql	EpcDemandEngineNameSql	content/shop/docpart/epc_demand_intelligence.php	php	2249	gap	later
epc_demand_enrich_part_row	EpcDemandEnrichPartRow	content/shop/docpart/epc_demand_intelligence.php	php	2249	gap	later
epc_demand_ensure_schema	EpcDemandEnsureSchema	content/shop/docpart/epc_demand_intelligence.php	php	2249	gap	later
epc_demand_ensure_toyota_demo_in_showcase	EpcDemandEnsureToyotaDemoInShowcase	content/shop/docpart/epc_demand_intelligence.php	php	2249	gap	later
epc_demand_extract_cross_gaps	EpcDemandExtractCrossGaps	content/shop/docpart/epc_demand_intelligence.php	php	2249	gap	later
epc_demand_fetch_article_links_by_id	EpcDemandFetchArticleLinksById	content/shop/docpart/epc_demand_intelligence.php	php	2249	gap	later
epc_demand_fetch_cross_payload	EpcDemandFetchCrossPayload	content/shop/docpart/epc_demand_intelligence.php	php	2249	gap	later
epc_demand_fetch_engine_stock_lines	EpcDemandFetchEngineStockLines	content/shop/docpart/epc_demand_intelligence.php	php	2249	gap	later
epc_demand_fetch_stock_lines_query	EpcDemandFetchStockLinesQuery	content/shop/docpart/epc_demand_intelligence.php	php	2249	gap	later
epc_demand_fetch_top_stock_lines	EpcDemandFetchTopStockLines	content/shop/docpart/epc_demand_intelligence.php	php	2249	gap	later
epc_demand_fitment_summary	EpcDemandFitmentSummary	content/shop/docpart/epc_demand_intelligence.php	php	2249	gap	later
epc_demand_flatten_article_links	EpcDemandFlattenArticleLinks	content/shop/docpart/epc_demand_intelligence.php	php	2249	gap	later
epc_demand_get_countries_for_part	EpcDemandGetCountriesForPart	content/shop/docpart/epc_demand_intelligence.php	php	2249	gap	later
epc_demand_get_demand_codes_for_part	EpcDemandGetDemandCodesForPart	content/shop/docpart/epc_demand_intelligence.php	php	2249	gap	later
epc_demand_get_demand_statistics	EpcDemandGetDemandStatistics	content/shop/docpart/epc_demand_intelligence.php	php	2249	gap	later
epc_demand_get_user_country_code	EpcDemandGetUserCountryCode	content/shop/docpart/epc_demand_intelligence.php	php	2249	gap	later
epc_demand_http_json	EpcDemandHttpJson	content/shop/docpart/epc_demand_intelligence.php	php	2249	gap	later
epc_demand_index_stock	EpcDemandIndexStock	content/shop/docpart/epc_demand_intelligence.php	php	2249	gap	later
epc_demand_infer_product_group	EpcDemandInferProductGroup	content/shop/docpart/epc_demand_intelligence.php	php	2249	gap	later
epc_demand_is_logged_in	EpcDemandIsLoggedIn	content/shop/docpart/epc_demand_intelligence.php	php	2249	gap	later
epc_demand_job_build_brands_summary	EpcDemandJobBuildBrandsSummary	content/shop/docpart/epc_demand_intelligence.php	php	2249	gap	later
epc_demand_job_build_summary	EpcDemandJobBuildSummary	content/shop/docpart/epc_demand_intelligence.php	php	2249	gap	later
epc_demand_job_products_list	EpcDemandJobProductsList	content/shop/docpart/epc_demand_intelligence.php	php	2249	gap	later
epc_demand_load_dp_user	EpcDemandLoadDpUser	content/shop/docpart/epc_demand_intelligence.php	php	2249	gap	later
epc_demand_map_stock_rows	EpcDemandMapStockRows	content/shop/docpart/epc_demand_intelligence.php	php	2249	gap	later
epc_demand_merge_stock_rows	EpcDemandMergeStockRows	content/shop/docpart/epc_demand_intelligence.php	php	2249	gap	later
epc_demand_normalize_user_country_value	EpcDemandNormalizeUserCountryValue	content/shop/docpart/epc_demand_intelligence.php	php	2249	gap	later
epc_demand_pick_diverse_showcase	EpcDemandPickDiverseShowcase	content/shop/docpart/epc_demand_intelligence.php	php	2249	gap	later
epc_demand_pin_showcase_part	EpcDemandPinShowcasePart	content/shop/docpart/epc_demand_intelligence.php	php	2249	gap	later
epc_demand_pinned_toyota_demo_row	EpcDemandPinnedToyotaDemoRow	content/shop/docpart/epc_demand_intelligence.php	php	2249	gap	later
epc_demand_profile_allows_all_countries	EpcDemandProfileAllowsAllCountries	content/shop/docpart/epc_demand_intelligence.php	php	2249	gap	later
epc_demand_read_user_country_from_profile	EpcDemandReadUserCountryFromProfile	content/shop/docpart/epc_demand_intelligence.php	php	2249	gap	later
epc_demand_read_user_country_from_table	EpcDemandReadUserCountryFromTable	content/shop/docpart/epc_demand_intelligence.php	php	2249	gap	later
epc_demand_require_customer_login	EpcDemandRequireCustomerLogin	content/shop/docpart/epc_demand_intelligence.php	php	2249	gap	later
epc_demand_resolve_umapi_art_id	EpcDemandResolveUmapiArtId	content/shop/docpart/epc_demand_intelligence.php	php	2249	gap	later
epc_demand_scan_country_part	EpcDemandScanCountryPart	content/shop/docpart/epc_demand_intelligence.php	php	2249	gap	later
epc_demand_seed_demo	EpcDemandSeedDemo	content/shop/docpart/epc_demand_intelligence.php	php	2249	gap	later
epc_demand_seed_part_countries	EpcDemandSeedPartCountries	content/shop/docpart/epc_demand_intelligence.php	php	2249	gap	later
epc_demand_seed_showcase_catalog	EpcDemandSeedShowcaseCatalog	content/shop/docpart/epc_demand_intelligence.php	php	2249	gap	later
epc_demand_selectable_country_codes	EpcDemandSelectableCountryCodes	content/shop/docpart/epc_demand_intelligence.php	php	2249	gap	later
epc_demand_showcase_country_pools	EpcDemandShowcaseCountryPools	content/shop/docpart/epc_demand_intelligence.php	php	2249	gap	later
epc_demand_site_base	EpcDemandSiteBase	content/shop/docpart/epc_demand_intelligence.php	php	2249	gap	later
epc_demand_stock_key	EpcDemandStockKey	content/shop/docpart/epc_demand_intelligence.php	php	2249	gap	later
epc_demand_supply_status	EpcDemandSupplyStatus	content/shop/docpart/epc_demand_intelligence.php	php	2249	gap	later
epc_demand_user_can_see_all_countries	EpcDemandUserCanSeeAllCountries	content/shop/docpart/epc_demand_intelligence.php	php	2249	gap	later
epc_demand_user_country_profile_keys	EpcDemandUserCountryProfileKeys	content/shop/docpart/epc_demand_intelligence.php	php	2249	gap	later
epc_demand_user_in_administrator_groups	EpcDemandUserInAdministratorGroups	content/shop/docpart/epc_demand_intelligence.php	php	2249	gap	later
epc_demand_vehicle_job_dir	EpcDemandVehicleJobDir	content/shop/docpart/epc_demand_intelligence.php	php	2249	gap	later
epc_demand_vehicle_job_path	EpcDemandVehicleJobPath	content/shop/docpart/epc_demand_intelligence.php	php	2249	gap	later
epc_demand_vehicle_job_payload	EpcDemandVehicleJobPayload	content/shop/docpart/epc_demand_intelligence.php	php	2249	gap	later
epc_demand_vehicle_job_read	EpcDemandVehicleJobRead	content/shop/docpart/epc_demand_intelligence.php	php	2249	gap	later
epc_demand_vehicle_job_step	EpcDemandVehicleJobStep	content/shop/docpart/epc_demand_intelligence.php	php	2249	gap	later
epc_demand_vehicle_job_write	EpcDemandVehicleJobWrite	content/shop/docpart/epc_demand_intelligence.php	php	2249	gap	later
epc_demand_vehicle_links_for_part	EpcDemandVehicleLinksForPart	content/shop/docpart/epc_demand_intelligence.php	php	2249	gap	later
epc_demand_vehicle_row_key	EpcDemandVehicleRowKey	content/shop/docpart/epc_demand_intelligence.php	php	2249	gap	later
epc_demand_vehicle_type_from_row	EpcDemandVehicleTypeFromRow	content/shop/docpart/epc_demand_intelligence.php	php	2249	gap	later
articleImageUrl	ArticleImageUrl	content/shop/docpart/epc_fitment_widget.php	js	622	gap	browser-js
bindPartImageClick	BindPartImageClick	content/shop/docpart/epc_fitment_widget.php	js	622	gap	browser-js
brandCardThumbHtml	BrandCardThumbHtml	content/shop/docpart/epc_fitment_widget.php	js	622	gap	browser-js
brandImageKey	BrandImageKey	content/shop/docpart/epc_fitment_widget.php	js	622	gap	browser-js
brandsEquivalent	BrandsEquivalent	content/shop/docpart/epc_fitment_widget.php	js	622	gap	browser-js
criteriaFind	CriteriaFind	content/shop/docpart/epc_fitment_widget.php	js	622	gap	browser-js
criteriaList	CriteriaList	content/shop/docpart/epc_fitment_widget.php	js	622	gap	browser-js
csvValue	CsvValue	content/shop/docpart/epc_fitment_widget.php	js	622	gap	browser-js
defaultArticle	DefaultArticle	content/shop/docpart/epc_fitment_widget.php	js	622	gap	browser-js
detailFacts	DetailFacts	content/shop/docpart/epc_fitment_widget.php	js	622	gap	browser-js
downloadFitmentExcel	DownloadFitmentExcel	content/shop/docpart/epc_fitment_widget.php	js	622	gap	browser-js
ensureFitmentPanelPortal	EnsureFitmentPanelPortal	content/shop/docpart/epc_fitment_widget.php	js	622	gap	browser-js
ensureImageLightbox	EnsureImageLightbox	content/shop/docpart/epc_fitment_widget.php	js	622	gap	browser-js
epcCloseImageLightbox	EpcCloseImageLightbox	content/shop/docpart/epc_fitment_widget.php	js	622	gap	browser-js
epcOpenImageLightbox	EpcOpenImageLightbox	content/shop/docpart/epc_fitment_widget.php	js	622	gap	browser-js
epc_fitment_widget_render	EpcFitmentWidgetRender	content/shop/docpart/epc_fitment_widget.php	php	622	gap	later
fetchBrandImage	FetchBrandImage	content/shop/docpart/epc_fitment_widget.php	js	622	gap	browser-js
fitmentArticle	FitmentArticle	content/shop/docpart/epc_fitment_widget.php	js	622	gap	browser-js
fitmentDisplay	FitmentDisplay	content/shop/docpart/epc_fitment_widget.php	js	622	gap	browser-js
fitmentEngineText	FitmentEngineText	content/shop/docpart/epc_fitment_widget.php	js	622	gap	browser-js
fitmentErrorMessage	FitmentErrorMessage	content/shop/docpart/epc_fitment_widget.php	js	622	gap	browser-js
fitmentModificationText	FitmentModificationText	content/shop/docpart/epc_fitment_widget.php	js	622	gap	browser-js
fitmentPowerText	FitmentPowerText	content/shop/docpart/epc_fitment_widget.php	js	622	gap	browser-js
loadBrandsForArticle	LoadBrandsForArticle	content/shop/docpart/epc_fitment_widget.php	js	622	gap	browser-js
loadEpartscrossFitmentFallback	LoadEpartscrossFitmentFallback	content/shop/docpart/epc_fitment_widget.php	js	622	gap	browser-js
openFitmentPanel	OpenFitmentPanel	content/shop/docpart/epc_fitment_widget.php	js	622	gap	browser-js
positionFitmentPanel	PositionFitmentPanel	content/shop/docpart/epc_fitment_widget.php	js	622	gap	browser-js
renderBrands	RenderBrands	content/shop/docpart/epc_fitment_widget.php	js	622	gap	browser-js
renderFitment	RenderFitment	content/shop/docpart/epc_fitment_widget.php	js	622	gap	browser-js
renderPartDetail	RenderPartDetail	content/shop/docpart/epc_fitment_widget.php	js	622	gap	browser-js
resetFitmentPanelStyles	ResetFitmentPanelStyles	content/shop/docpart/epc_fitment_widget.php	js	622	gap	browser-js
resetFitmentWidget	ResetFitmentWidget	content/shop/docpart/epc_fitment_widget.php	js	622	gap	browser-js
resolveAndLoadFitment	ResolveAndLoadFitment	content/shop/docpart/epc_fitment_widget.php	js	622	gap	browser-js
rowsFromPayload	RowsFromPayload	content/shop/docpart/epc_fitment_widget.php	js	622	gap	browser-js
sectionRows	SectionRows	content/shop/docpart/epc_fitment_widget.php	js	622	gap	browser-js
setMessage	SetMessage	content/shop/docpart/epc_fitment_widget.php	js	622	gap	browser-js
updateBrandCardThumb	UpdateBrandCardThumb	content/shop/docpart/epc_fitment_widget.php	js	622	gap	browser-js
yearRange	YearRange	content/shop/docpart/epc_fitment_widget.php	js	622	gap	browser-js
epc_multivendor_collapse_product_candidates	EpcMultivendorCollapseProductCandidates	content/shop/docpart/epc_multivendor_price_ingest.php	php	1408	gap	later
epc_multivendor_data_type_list_suffix	EpcMultivendorDataTypeListSuffix	content/shop/docpart/epc_multivendor_price_ingest.php	php	1408	gap	later
epc_multivendor_ensure_warehouse	EpcMultivendorEnsureWarehouse	content/shop/docpart/epc_multivendor_price_ingest.php	php	1408	gap	later
epc_multivendor_group_by_vendor	EpcMultivendorGroupByVendor	content/shop/docpart/epc_multivendor_price_ingest.php	php	1408	gap	later
epc_multivendor_header_aliases	EpcMultivendorHeaderAliases	content/shop/docpart/epc_multivendor_price_ingest.php	php	1408	gap	later
epc_multivendor_import_csv_local	EpcMultivendorImportCsvLocal	content/shop/docpart/epc_multivendor_price_ingest.php	php	1408	gap	later
epc_multivendor_import_vendor	EpcMultivendorImportVendor	content/shop/docpart/epc_multivendor_price_ingest.php	php	1408	gap	later
epc_multivendor_ingest_file	EpcMultivendorIngestFile	content/shop/docpart/epc_multivendor_price_ingest.php	php	1408	gap	later
epc_multivendor_ingest_for_vendor	EpcMultivendorIngestForVendor	content/shop/docpart/epc_multivendor_price_ingest.php	php	1408	gap	later
epc_multivendor_is_combine_mode	EpcMultivendorIsCombineMode	content/shop/docpart/epc_multivendor_price_ingest.php	php	1408	gap	later
epc_multivendor_map_headers	EpcMultivendorMapHeaders	content/shop/docpart/epc_multivendor_price_ingest.php	php	1408	gap	later
epc_multivendor_normalize_data_type	EpcMultivendorNormalizeDataType	content/shop/docpart/epc_multivendor_price_ingest.php	php	1408	gap	later
epc_multivendor_read_source_rows	EpcMultivendorReadSourceRows	content/shop/docpart/epc_multivendor_price_ingest.php	php	1408	gap	later
epc_multivendor_resolve_data_type_mode	EpcMultivendorResolveDataTypeMode	content/shop/docpart/epc_multivendor_price_ingest.php	php	1408	gap	later
epc_multivendor_vendor_codes_list	EpcMultivendorVendorCodesList	content/shop/docpart/epc_multivendor_price_ingest.php	php	1408	gap	later
epc_multivendor_vendor_key	EpcMultivendorVendorKey	content/shop/docpart/epc_multivendor_price_ingest.php	php	1408	gap	later
epc_multivendor_write_docpart_csv	EpcMultivendorWriteDocpartCsv	content/shop/docpart/epc_multivendor_price_ingest.php	php	1408	gap	later
epc_vendor_portal_sample_csv	EpcVendorPortalSampleCsv	content/shop/docpart/epc_multivendor_price_ingest.php	php	1408	gap	later
epc_agent_aggregate_part_type_brands	EpcAgentAggregatePartTypeBrands	content/shop/docpart/epc_parts_agent.php	php	3107	gap	later
epc_agent_bootstrap	EpcAgentBootstrap	content/shop/docpart/epc_parts_agent.php	php	3107	gap	later
epc_agent_clean_manufacturer_candidate	EpcAgentCleanManufacturerCandidate	content/shop/docpart/epc_parts_agent.php	php	3107	gap	later
epc_agent_contact_info	EpcAgentContactInfo	content/shop/docpart/epc_parts_agent.php	php	3107	gap	later
epc_agent_contact_reply	EpcAgentContactReply	content/shop/docpart/epc_parts_agent.php	php	3107	gap	later
epc_agent_contact_text_block	EpcAgentContactTextBlock	content/shop/docpart/epc_parts_agent.php	php	3107	gap	later
epc_agent_country_aliases	EpcAgentCountryAliases	content/shop/docpart/epc_parts_agent.php	php	3107	gap	later
epc_agent_cp_backfill_guest_geo	EpcAgentCpBackfillGuestGeo	content/shop/docpart/epc_parts_agent.php	php	3107	gap	later
epc_agent_cp_country_info	EpcAgentCpCountryInfo	content/shop/docpart/epc_parts_agent.php	php	3107	gap	later
epc_agent_cp_format_customer	EpcAgentCpFormatCustomer	content/shop/docpart/epc_parts_agent.php	php	3107	gap	later
epc_agent_cp_json_encode	EpcAgentCpJsonEncode	content/shop/docpart/epc_parts_agent.php	php	3107	gap	later
epc_agent_default_config_row	EpcAgentDefaultConfigRow	content/shop/docpart/epc_parts_agent.php	php	3107	gap	later
epc_agent_detect_country	EpcAgentDetectCountry	content/shop/docpart/epc_parts_agent.php	php	3107	gap	later
epc_agent_effective_system_prompt	EpcAgentEffectiveSystemPrompt	content/shop/docpart/epc_parts_agent.php	php	3107	gap	later
epc_agent_enabled	EpcAgentEnabled	content/shop/docpart/epc_parts_agent.php	php	3107	gap	later
epc_agent_extract_brand_article	EpcAgentExtractBrandArticle	content/shop/docpart/epc_parts_agent.php	php	3107	gap	later
epc_agent_extract_manufacturer_parts_query	EpcAgentExtractManufacturerPartsQuery	content/shop/docpart/epc_parts_agent.php	php	3107	gap	later
epc_agent_extract_part_type	EpcAgentExtractPartType	content/shop/docpart/epc_parts_agent.php	php	3107	gap	later
epc_agent_extract_vehicle_query	EpcAgentExtractVehicleQuery	content/shop/docpart/epc_parts_agent.php	php	3107	gap	later
epc_agent_extract_vin	EpcAgentExtractVin	content/shop/docpart/epc_parts_agent.php	php	3107	gap	later
epc_agent_extract_year	EpcAgentExtractYear	content/shop/docpart/epc_parts_agent.php	php	3107	gap	later
epc_agent_faq_reply	EpcAgentFaqReply	content/shop/docpart/epc_parts_agent.php	php	3107	gap	later
epc_agent_find_manufacturer_in_db	EpcAgentFindManufacturerInDb	content/shop/docpart/epc_parts_agent.php	php	3107	gap	later
epc_agent_format_stock_lines	EpcAgentFormatStockLines	content/shop/docpart/epc_parts_agent.php	php	3107	gap	later
epc_agent_get_session_history	EpcAgentGetSessionHistory	content/shop/docpart/epc_parts_agent.php	php	3107	gap	later
epc_agent_handle_message	EpcAgentHandleMessage	content/shop/docpart/epc_parts_agent.php	php	3107	gap	later
epc_agent_is_contact_only	EpcAgentIsContactOnly	content/shop/docpart/epc_parts_agent.php	php	3107	gap	later
epc_agent_is_faq	EpcAgentIsFaq	content/shop/docpart/epc_parts_agent.php	php	3107	gap	later
epc_agent_is_marketing_platform	EpcAgentIsMarketingPlatform	content/shop/docpart/epc_parts_agent.php	php	3107	gap	later
epc_agent_is_part_brand_question	EpcAgentIsPartBrandQuestion	content/shop/docpart/epc_parts_agent.php	php	3107	gap	later
epc_agent_is_plausible_article	EpcAgentIsPlausibleArticle	content/shop/docpart/epc_parts_agent.php	php	3107	gap	later
epc_agent_iso_country_name	EpcAgentIsoCountryName	content/shop/docpart/epc_parts_agent.php	php	3107	gap	later
epc_agent_iso_country_names	EpcAgentIsoCountryNames	content/shop/docpart/epc_parts_agent.php	php	3107	gap	later
epc_agent_known_brands	EpcAgentKnownBrands	content/shop/docpart/epc_parts_agent.php	php	3107	gap	later
epc_agent_known_models	EpcAgentKnownModels	content/shop/docpart/epc_parts_agent.php	php	3107	gap	later
epc_agent_lang_href	EpcAgentLangHref	content/shop/docpart/epc_parts_agent.php	php	3107	gap	later
epc_agent_load_config	EpcAgentLoadConfig	content/shop/docpart/epc_parts_agent.php	php	3107	gap	later
epc_agent_lookup_ip_country	EpcAgentLookupIpCountry	content/shop/docpart/epc_parts_agent.php	php	3107	gap	later
epc_agent_lookup_vin	EpcAgentLookupVin	content/shop/docpart/epc_parts_agent.php	php	3107	gap	later
epc_agent_manufacturer_browse_url	EpcAgentManufacturerBrowseUrl	content/shop/docpart/epc_parts_agent.php	php	3107	gap	later
epc_agent_manufacturer_stopwords	EpcAgentManufacturerStopwords	content/shop/docpart/epc_parts_agent.php	php	3107	gap	later
epc_agent_market_for_part	EpcAgentMarketForPart	content/shop/docpart/epc_parts_agent.php	php	3107	gap	later
epc_agent_market_overview	EpcAgentMarketOverview	content/shop/docpart/epc_parts_agent.php	php	3107	gap	later
epc_agent_marketing_reply	EpcAgentMarketingReply	content/shop/docpart/epc_parts_agent.php	php	3107	gap	later
epc_agent_match_known_manufacturer	EpcAgentMatchKnownManufacturer	content/shop/docpart/epc_parts_agent.php	php	3107	gap	later
epc_agent_part_type_keywords	EpcAgentPartTypeKeywords	content/shop/docpart/epc_parts_agent.php	php	3107	gap	later
epc_agent_persist_turn	EpcAgentPersistTurn	content/shop/docpart/epc_parts_agent.php	php	3107	gap	later
epc_agent_premium_part_brands	EpcAgentPremiumPartBrands	content/shop/docpart/epc_parts_agent.php	php	3107	gap	later
epc_agent_quick_action_message	EpcAgentQuickActionMessage	content/shop/docpart/epc_parts_agent.php	php	3107	gap	later
epc_agent_reply_catalog_list	EpcAgentReplyCatalogList	content/shop/docpart/epc_parts_agent.php	php	3107	gap	later
epc_agent_reply_catalog_match	EpcAgentReplyCatalogMatch	content/shop/docpart/epc_parts_agent.php	php	3107	gap	later
epc_agent_reply_manufacturer_stock	EpcAgentReplyManufacturerStock	content/shop/docpart/epc_parts_agent.php	php	3107	gap	later
epc_agent_reply_vehicle_part	EpcAgentReplyVehiclePart	content/shop/docpart/epc_parts_agent.php	php	3107	gap	later
epc_agent_request_client_ip	EpcAgentRequestClientIp	content/shop/docpart/epc_parts_agent.php	php	3107	gap	later
epc_agent_request_ip_geo	EpcAgentRequestIpGeo	content/shop/docpart/epc_parts_agent.php	php	3107	gap	later
epc_agent_request_ip_hash	EpcAgentRequestIpHash	content/shop/docpart/epc_parts_agent.php	php	3107	gap	later
epc_agent_schema_migrate	EpcAgentSchemaMigrate	content/shop/docpart/epc_parts_agent.php	php	3107	gap	later
epc_agent_search_by_article	EpcAgentSearchByArticle	content/shop/docpart/epc_parts_agent.php	php	3107	gap	later
epc_agent_search_vehicle_part	EpcAgentSearchVehiclePart	content/shop/docpart/epc_parts_agent.php	php	3107	gap	later
epc_agent_session_dir	EpcAgentSessionDir	content/shop/docpart/epc_parts_agent.php	php	3107	gap	later
epc_agent_session_load	EpcAgentSessionLoad	content/shop/docpart/epc_parts_agent.php	php	3107	gap	later
epc_agent_session_path	EpcAgentSessionPath	content/shop/docpart/epc_parts_agent.php	php	3107	gap	later
epc_agent_session_save	EpcAgentSessionSave	content/shop/docpart/epc_parts_agent.php	php	3107	gap	later
epc_agent_standard_contact_links	EpcAgentStandardContactLinks	content/shop/docpart/epc_parts_agent.php	php	3107	gap	later
epc_agent_stopwords	EpcAgentStopwords	content/shop/docpart/epc_parts_agent.php	php	3107	gap	later
epc_agent_storefront_toggle_internal_prompt	EpcAgentStorefrontToggleInternalPrompt	content/shop/docpart/epc_parts_agent.php	php	3107	gap	later
epc_agent_try_manufacturer_instead_of_article	EpcAgentTryManufacturerInsteadOfArticle	content/shop/docpart/epc_parts_agent.php	php	3107	gap	later
epc_agent_whatsapp_href	EpcAgentWhatsappHref	content/shop/docpart/epc_parts_agent.php	php	3107	gap	later
epc_agent_widget_branding	EpcAgentWidgetBranding	content/shop/docpart/epc_parts_agent.php	php	3107	gap	later
epc_ensure_prices_data_exist_column_int	EpcEnsurePricesDataExistColumnInt	content/shop/docpart/epc_price_import_helpers.php	php	474	mentioned	partial-file
epc_parse_stock_quantity	EpcParseStockQuantity	content/shop/docpart/epc_price_import_helpers.php	php	474	mentioned	partial-file
epc_price_history_format_raw_row	EpcPriceHistoryFormatRawRow	content/shop/docpart/epc_price_import_helpers.php	php	474	mentioned	partial-file
epc_price_history_issue_module	EpcPriceHistoryIssueModule	content/shop/docpart/epc_price_import_helpers.php	php	474	mentioned	partial-file
epc_price_history_issues_to_csv_rows	EpcPriceHistoryIssuesToCsvRows	content/shop/docpart/epc_price_import_helpers.php	php	474	mentioned	partial-file
epc_price_history_reason_label	EpcPriceHistoryReasonLabel	content/shop/docpart/epc_price_import_helpers.php	php	474	mentioned	partial-file
epc_price_max_config_column	EpcPriceMaxConfigColumn	content/shop/docpart/epc_price_import_helpers.php	php	474	mentioned	partial-file
epc_price_operational_cols_from_config	EpcPriceOperationalColsFromConfig	content/shop/docpart/epc_price_import_helpers.php	php	474	mentioned	partial-file
epc_price_scan_csv_issues	EpcPriceScanCsvIssues	content/shop/docpart/epc_price_import_helpers.php	php	474	mentioned	partial-file
epc_price_upload_channel_definitions	EpcPriceUploadChannelDefinitions	content/shop/docpart/epc_price_upload_diagnostics.php	php	375	gap	later
epc_price_upload_curl_json	EpcPriceUploadCurlJson	content/shop/docpart/epc_price_upload_diagnostics.php	php	375	gap	later
epc_price_upload_curl_raw	EpcPriceUploadCurlRaw	content/shop/docpart/epc_price_upload_diagnostics.php	php	375	gap	later
epc_price_upload_diagnostics_snapshot	EpcPriceUploadDiagnosticsSnapshot	content/shop/docpart/epc_price_upload_diagnostics.php	php	375	gap	later
epc_price_upload_run_health_checks	EpcPriceUploadRunHealthChecks	content/shop/docpart/epc_price_upload_diagnostics.php	php	375	gap	later
epc_pyprices_api_url	EpcPypricesApiUrl	content/shop/docpart/epc_price_upload_diagnostics.php	php	375	gap	later
epc_pf_build_catalog_from_lines	EpcPfBuildCatalogFromLines	content/shop/docpart/epc_product_family.php	php	526	gap	later
epc_pf_ensure_umapi_group_schema	EpcPfEnsureUmapiGroupSchema	content/shop/docpart/epc_product_family.php	php	526	gap	later
epc_pf_fetch_catalog_lines	EpcPfFetchCatalogLines	content/shop/docpart/epc_product_family.php	php	526	gap	later
epc_pf_find_group	EpcPfFindGroup	content/shop/docpart/epc_product_family.php	php	526	gap	later
epc_pf_group_detail	EpcPfGroupDetail	content/shop/docpart/epc_product_family.php	php	526	gap	later
epc_pf_infer_product_group	EpcPfInferProductGroup	content/shop/docpart/epc_product_family.php	php	526	gap	later
epc_pf_job_build_brands_summary	EpcPfJobBuildBrandsSummary	content/shop/docpart/epc_product_family.php	php	526	gap	later
epc_pf_job_products_list	EpcPfJobProductsList	content/shop/docpart/epc_product_family.php	php	526	gap	later
epc_pf_load_demand_helpers	EpcPfLoadDemandHelpers	content/shop/docpart/epc_product_family.php	php	526	gap	later
epc_pf_map_stock_rows	EpcPfMapStockRows	content/shop/docpart/epc_product_family.php	php	526	gap	later
epc_pf_products_for_cards	EpcPfProductsForCards	content/shop/docpart/epc_product_family.php	php	526	gap	later
epc_pf_resolve_product_group	EpcPfResolveProductGroup	content/shop/docpart/epc_product_family.php	php	526	gap	later
epc_pf_top_brands_slice	EpcPfTopBrandsSlice	content/shop/docpart/epc_product_family.php	php	526	gap	later
epc_storefront_backend_group_ids	EpcStorefrontBackendGroupIds	content/shop/docpart/epc_storefront_prices_helpers.php	php	682	mentioned	partial-file
epc_storefront_commerce_allowed_for_user	EpcStorefrontCommerceAllowedForUser	content/shop/docpart/epc_storefront_prices_helpers.php	php	682	mentioned	partial-file
epc_storefront_commerce_login_cta_html	EpcStorefrontCommerceLoginCtaHtml	content/shop/docpart/epc_storefront_prices_helpers.php	php	682	mentioned	partial-file
epc_storefront_fill_warehouse_captions	EpcStorefrontFillWarehouseCaptions	content/shop/docpart/epc_storefront_prices_helpers.php	php	682	mentioned	partial-file
epc_storefront_group_label_is_erp	EpcStorefrontGroupLabelIsErp	content/shop/docpart/epc_storefront_prices_helpers.php	php	682	mentioned	partial-file
epc_storefront_group_row_is_erp	EpcStorefrontGroupRowIsErp	content/shop/docpart/epc_storefront_prices_helpers.php	php	682	mentioned	partial-file
epc_storefront_guest_commerce_blocked	EpcStorefrontGuestCommerceBlocked	content/shop/docpart/epc_storefront_prices_helpers.php	php	682	mentioned	partial-file
epc_storefront_guest_commerce_denied_payload	EpcStorefrontGuestCommerceDeniedPayload	content/shop/docpart/epc_storefront_prices_helpers.php	php	682	mentioned	partial-file
epc_storefront_is_pricing_profile_group_id	EpcStorefrontIsPricingProfileGroupId	content/shop/docpart/epc_storefront_prices_helpers.php	php	682	mentioned	partial-file
epc_storefront_prices_access_state	EpcStorefrontPricesAccessState	content/shop/docpart/epc_storefront_prices_helpers.php	php	682	mentioned	partial-file
epc_storefront_prices_agent_guest_rules	EpcStorefrontPricesAgentGuestRules	content/shop/docpart/epc_storefront_prices_helpers.php	php	682	mentioned	partial-file
epc_storefront_prices_login_cta_html	EpcStorefrontPricesLoginCtaHtml	content/shop/docpart/epc_storefront_prices_helpers.php	php	682	mentioned	partial-file
epc_storefront_prices_login_cta_plain	EpcStorefrontPricesLoginCtaPlain	content/shop/docpart/epc_storefront_prices_helpers.php	php	682	mentioned	partial-file
epc_storefront_prices_redact_brand_parts_rows	EpcStorefrontPricesRedactBrandPartsRows	content/shop/docpart/epc_storefront_prices_helpers.php	php	682	mentioned	partial-file
epc_storefront_prices_redact_product	EpcStorefrontPricesRedactProduct	content/shop/docpart/epc_storefront_prices_helpers.php	php	682	mentioned	partial-file
epc_storefront_prices_redact_storage_maps	EpcStorefrontPricesRedactStorageMaps	content/shop/docpart/epc_storefront_prices_helpers.php	php	682	mentioned	partial-file
epc_storefront_prices_resolve_site_key	EpcStorefrontPricesResolveSiteKey	content/shop/docpart/epc_storefront_prices_helpers.php	php	682	mentioned	partial-file
epc_storefront_prices_resolve_user_id	EpcStorefrontPricesResolveUserId	content/shop/docpart/epc_storefront_prices_helpers.php	php	682	mentioned	partial-file
epc_storefront_prices_visible_for_user	EpcStorefrontPricesVisibleForUser	content/shop/docpart/epc_storefront_prices_helpers.php	php	682	mentioned	partial-file
epc_storefront_pricing_profile_group_ids	EpcStorefrontPricingProfileGroupIds	content/shop/docpart/epc_storefront_prices_helpers.php	php	682	mentioned	partial-file
epc_storefront_pricing_profile_groups	EpcStorefrontPricingProfileGroups	content/shop/docpart/epc_storefront_prices_helpers.php	php	682	mentioned	partial-file
epc_storefront_sensitive_mask	EpcStorefrontSensitiveMask	content/shop/docpart/epc_storefront_prices_helpers.php	php	682	mentioned	partial-file
onFileChanged	OnFileChanged	content/shop/docpart/garage/car.php	js	1068	gap	browser-js
onTreeListSelectChange	OnTreeListSelectChange	content/shop/docpart/garage/car.php	js	1068	gap	browser-js
on_to_mark_selected	OnToMarkSelected	content/shop/docpart/garage/car.php	js	1068	gap	browser-js
on_to_model_selected	OnToModelSelected	content/shop/docpart/garage/car.php	js	1068	gap	browser-js
set_to_model_after_start	SetToModelAfterStart	content/shop/docpart/garage/car.php	js	1068	gap	browser-js
set_to_model_types_after_start	SetToModelTypesAfterStart	content/shop/docpart/garage/car.php	js	1068	gap	browser-js
autoxp_redirect	AutoxpRedirect	content/shop/docpart/garage/garage.php	js	789	gap	browser-js
request_to_seller	RequestToSeller	content/shop/docpart/garage/garage.php	js	789	gap	browser-js
brandArticleUrl	BrandArticleUrl	content/shop/docpart/part_search_manufacturer_browse.php	js	254	gap	browser-js
filteredRows	FilteredRows	content/shop/docpart/part_search_manufacturer_browse.php	js	254	gap	browser-js
openFitment	OpenFitment	content/shop/docpart/part_search_manufacturer_browse.php	js	254	gap	browser-js
renderPager	RenderPager	content/shop/docpart/part_search_manufacturer_browse.php	js	254	gap	browser-js
brandHref	BrandHref	content/shop/docpart/part_search_manufacturers_index.php	js	217	gap	browser-js
buildLetters	BuildLetters	content/shop/docpart/part_search_manufacturers_index.php	js	217	gap	browser-js
filteredBrands	FilteredBrands	content/shop/docpart/part_search_manufacturers_index.php	js	217	gap	browser-js
renderCards	RenderCards	content/shop/docpart/part_search_manufacturers_index.php	js	217	gap	browser-js
addManufacturer	AddManufacturer	content/shop/docpart/part_search_page.php	js	8653	gap	browser-js
addManufacturersToList	AddManufacturersToList	content/shop/docpart/part_search_page.php	js	8653	gap	browser-js
add_bloknot	AddBloknot	content/shop/docpart/part_search_page.php	js	8653	gap	browser-js
articleImageUrl	ArticleImageUrl	content/shop/docpart/part_search_page.php	js	8653	gap	browser-js
availabilityCell	AvailabilityCell	content/shop/docpart/part_search_page.php	js	8653	gap	browser-js
back_to_brands	BackToBrands	content/shop/docpart/part_search_page.php	js	8653	gap	browser-js
bindPartImageClick	BindPartImageClick	content/shop/docpart/part_search_page.php	js	8653	gap	browser-js
brandCardThumbHtml	BrandCardThumbHtml	content/shop/docpart/part_search_page.php	js	8653	gap	browser-js
brandImageKey	BrandImageKey	content/shop/docpart/part_search_page.php	js	8653	gap	browser-js
brandsEquivalent	BrandsEquivalent	content/shop/docpart/part_search_page.php	js	8653	gap	browser-js
changing_the_groups_margin	ChangingTheGroupsMargin	content/shop/docpart/part_search_page.php	js	8653	gap	browser-js
closeSpecPanel	CloseSpecPanel	content/shop/docpart/part_search_page.php	js	8653	gap	browser-js
criteriaFind	CriteriaFind	content/shop/docpart/part_search_page.php	js	8653	gap	browser-js
criteriaList	CriteriaList	content/shop/docpart/part_search_page.php	js	8653	gap	browser-js
crossRefInStock	CrossRefInStock	content/shop/docpart/part_search_page.php	js	8653	gap	browser-js
csvValue	CsvValue	content/shop/docpart/part_search_page.php	js	8653	gap	browser-js
defaultArticle	DefaultArticle	content/shop/docpart/part_search_page.php	js	8653	gap	browser-js
detailFacts	DetailFacts	content/shop/docpart/part_search_page.php	js	8653	gap	browser-js
downloadCsv	DownloadCsv	content/shop/docpart/part_search_page.php	js	8653	gap	browser-js
downloadFitmentExcel	DownloadFitmentExcel	content/shop/docpart/part_search_page.php	js	8653	gap	browser-js
downloadReferenceCsv	DownloadReferenceCsv	content/shop/docpart/part_search_page.php	js	8653	gap	browser-js
downloadStockCsv	DownloadStockCsv	content/shop/docpart/part_search_page.php	js	8653	gap	browser-js
ensureFitmentPanelPortal	EnsureFitmentPanelPortal	content/shop/docpart/part_search_page.php	js	8653	gap	browser-js
ensureImageLightbox	EnsureImageLightbox	content/shop/docpart/part_search_page.php	js	8653	gap	browser-js
epcApplyCrossFallbackState	EpcApplyCrossFallbackState	content/shop/docpart/part_search_page.php	js	8653	gap	browser-js
epcApplyInitialPriceBunch	EpcApplyInitialPriceBunch	content/shop/docpart/part_search_page.php	js	8653	gap	browser-js
epcBootstrapManufacturersForChpu	EpcBootstrapManufacturersForChpu	content/shop/docpart/part_search_page.php	js	8653	gap	browser-js
epcBrandPickerAfterStockReady	EpcBrandPickerAfterStockReady	content/shop/docpart/part_search_page.php	js	8653	gap	browser-js
epcBrandPickerCanonicalShow	EpcBrandPickerCanonicalShow	content/shop/docpart/part_search_page.php	js	8653	gap	browser-js
epcBrandPickerFetchStockPreview	EpcBrandPickerFetchStockPreview	content/shop/docpart/part_search_page.php	js	8653	gap	browser-js
epcBrandPickerMergeBrandsFromStockProducts	EpcBrandPickerMergeBrandsFromStockProducts	content/shop/docpart/part_search_page.php	js	8653	gap	browser-js
epcBrandPickerShowEmptyState	EpcBrandPickerShowEmptyState	content/shop/docpart/part_search_page.php	js	8653	gap	browser-js
epcChpuAreaHasStockPaint	EpcChpuAreaHasStockPaint	content/shop/docpart/part_search_page.php	js	8653	gap	browser-js
epcChpuBrandArticleUrl	EpcChpuBrandArticleUrl	content/shop/docpart/part_search_page.php	js	8653	gap	browser-js
epcChpuBrandPickerArticle	EpcChpuBrandPickerArticle	content/shop/docpart/part_search_page.php	js	8653	gap	browser-js
epcChpuEnsureStockTableVisible	EpcChpuEnsureStockTableVisible	content/shop/docpart/part_search_page.php	js	8653	gap	browser-js
epcChpuFillPriceManufacturersForBunch	EpcChpuFillPriceManufacturersForBunch	content/shop/docpart/part_search_page.php	js	8653	gap	browser-js
epcChpuHideProcessingIndicator	EpcChpuHideProcessingIndicator	content/shop/docpart/part_search_page.php	js	8653	gap	browser-js
epcChpuInitFiltersAfterLoad	EpcChpuInitFiltersAfterLoad	content/shop/docpart/part_search_page.php	js	8653	gap	browser-js
epcChpuInlineSearchSubmit	EpcChpuInlineSearchSubmit	content/shop/docpart/part_search_page.php	js	8653	gap	browser-js
epcChpuNavigateToBrandArticle	EpcChpuNavigateToBrandArticle	content/shop/docpart/part_search_page.php	js	8653	gap	browser-js
epcChpuNormalizeArticleForUrl	EpcChpuNormalizeArticleForUrl	content/shop/docpart/part_search_page.php	js	8653	gap	browser-js
epcChpuShowProcessingIndicator	EpcChpuShowProcessingIndicator	content/shop/docpart/part_search_page.php	js	8653	gap	browser-js
epcChpuStartFullPriceSearch	EpcChpuStartFullPriceSearch	content/shop/docpart/part_search_page.php	js	8653	gap	browser-js
epcChpuTableNeedsActionHydration	EpcChpuTableNeedsActionHydration	content/shop/docpart/part_search_page.php	js	8653	gap	browser-js
epcClearCrossStockFromResults	EpcClearCrossStockFromResults	content/shop/docpart/part_search_page.php	js	8653	gap	browser-js
epcClearManufacturersPollTimeout	EpcClearManufacturersPollTimeout	content/shop/docpart/part_search_page.php	js	8653	gap	browser-js
epcCloseImageLightbox	EpcCloseImageLightbox	content/shop/docpart/part_search_page.php	js	8653	gap	browser-js
epcCollectManufacturersFromLoadedProducts	EpcCollectManufacturersFromLoadedProducts	content/shop/docpart/part_search_page.php	js	8653	gap	browser-js
epcCrossFallbackSeedRows	EpcCrossFallbackSeedRows	content/shop/docpart/part_search_page.php	js	8653	gap	browser-js
epcEnsureChpuFilterVisible	EpcEnsureChpuFilterVisible	content/shop/docpart/part_search_page.php	js	8653	gap	browser-js
epcFetchCatalogArticleBrands	EpcFetchCatalogArticleBrands	content/shop/docpart/part_search_page.php	js	8653	gap	browser-js
epcFetchChpuPriceBunchDirect	EpcFetchChpuPriceBunchDirect	content/shop/docpart/part_search_page.php	js	8653	gap	browser-js
epcFetchCrossData	EpcFetchCrossData	content/shop/docpart/part_search_page.php	js	8653	gap	browser-js
epcFetchJsonWithTimeout	EpcFetchJsonWithTimeout	content/shop/docpart/part_search_page.php	js	8653	gap	browser-js
epcFinalizeManufacturersPicker	EpcFinalizeManufacturersPicker	content/shop/docpart/part_search_page.php	js	8653	gap	browser-js
epcFinishChpuPriceLoad	EpcFinishChpuPriceLoad	content/shop/docpart/part_search_page.php	js	8653	gap	browser-js
epcFinishManufacturersAsyncRequest	EpcFinishManufacturersAsyncRequest	content/shop/docpart/part_search_page.php	js	8653	gap	browser-js
epcFinishStoragesSearchUi	EpcFinishStoragesSearchUi	content/shop/docpart/part_search_page.php	js	8653	gap	browser-js
epcMarkChpuMainSearchComplete	EpcMarkChpuMainSearchComplete	content/shop/docpart/part_search_page.php	js	8653	gap	browser-js
epcMarkChpuMainSearchPending	EpcMarkChpuMainSearchPending	content/shop/docpart/part_search_page.php	js	8653	gap	browser-js
epcMergeCatalogBrandsIntoPicker	EpcMergeCatalogBrandsIntoPicker	content/shop/docpart/part_search_page.php	js	8653	gap	browser-js
epcMountChpuCrossActions	EpcMountChpuCrossActions	content/shop/docpart/part_search_page.php	js	8653	gap	browser-js
epcOpenImageLightbox	EpcOpenImageLightbox	content/shop/docpart/part_search_page.php	js	8653	gap	browser-js
epcPrimeWarehouseFilter	EpcPrimeWarehouseFilter	content/shop/docpart/part_search_page.php	js	8653	gap	browser-js
epcPushPriceManufacturersForBunch	EpcPushPriceManufacturersForBunch	content/shop/docpart/part_search_page.php	js	8653	gap	browser-js
epcRemoveWarehouseSidebarBlock	EpcRemoveWarehouseSidebarBlock	content/shop/docpart/part_search_page.php	js	8653	gap	browser-js
epcResetChpuFilterState	EpcResetChpuFilterState	content/shop/docpart/part_search_page.php	js	8653	gap	browser-js
epcResetChpuProductsState	EpcResetChpuProductsState	content/shop/docpart/part_search_page.php	js	8653	gap	browser-js
epcResetChpuSupplierPolling	EpcResetChpuSupplierPolling	content/shop/docpart/part_search_page.php	js	8653	gap	browser-js
epcRunPartSearchBootstrapWhenReady	EpcRunPartSearchBootstrapWhenReady	content/shop/docpart/part_search_page.php	js	8653	gap	browser-js
epcSelectedManufacturerRows	EpcSelectedManufacturerRows	content/shop/docpart/part_search_page.php	js	8653	gap	browser-js
epcStartManufacturersPollTimeout	EpcStartManufacturersPollTimeout	content/shop/docpart/part_search_page.php	js	8653	gap	browser-js
epcSyncChpuFilterManufacturers	EpcSyncChpuFilterManufacturers	content/shop/docpart/part_search_page.php	js	8653	gap	browser-js
epcSyncPartSearchLayout	EpcSyncPartSearchLayout	content/shop/docpart/part_search_page.php	js	8653	gap	browser-js
epcTryFinalizeBrandPicker	EpcTryFinalizeBrandPicker	content/shop/docpart/part_search_page.php	js	8653	gap	browser-js
epcTryRenderPendingCrossStock	EpcTryRenderPendingCrossStock	content/shop/docpart/part_search_page.php	js	8653	gap	browser-js
epcUsesArticleOnlyStockUi	EpcUsesArticleOnlyStockUi	content/shop/docpart/part_search_page.php	js	8653	gap	browser-js
epc_chpu_ssr_brand_picker_table_html	EpcChpuSsrBrandPickerTableHtml	content/shop/docpart/part_search_page.php	php	8653	gap	later
epc_chpu_ssr_warehouse_table_html	EpcChpuSsrWarehouseTableHtml	content/shop/docpart/part_search_page.php	php	8653	gap	later
fetchBrandImage	FetchBrandImage	content/shop/docpart/part_search_page.php	js	8653	gap	browser-js
filtering_items	FilteringItems	content/shop/docpart/part_search_page.php	js	8653	gap	browser-js
fitmentArticle	FitmentArticle	content/shop/docpart/part_search_page.php	js	8653	gap	browser-js
fitmentDisplay	FitmentDisplay	content/shop/docpart/part_search_page.php	js	8653	gap	browser-js
fitmentEngineText	FitmentEngineText	content/shop/docpart/part_search_page.php	js	8653	gap	browser-js
fitmentErrorMessage	FitmentErrorMessage	content/shop/docpart/part_search_page.php	js	8653	gap	browser-js
fitmentModificationText	FitmentModificationText	content/shop/docpart/part_search_page.php	js	8653	gap	browser-js
fitmentPowerText	FitmentPowerText	content/shop/docpart/part_search_page.php	js	8653	gap	browser-js
getAnalogsList	GetAnalogsList	content/shop/docpart/part_search_page.php	js	8653	gap	browser-js
getManufacturersList	GetManufacturersList	content/shop/docpart/part_search_page.php	js	8653	gap	browser-js
getManufacturersListAsync	GetManufacturersListAsync	content/shop/docpart/part_search_page.php	js	8653	gap	browser-js
getStoragesData	GetStoragesData	content/shop/docpart/part_search_page.php	js	8653	gap	browser-js
getStoragesDataAsync	GetStoragesDataAsync	content/shop/docpart/part_search_page.php	js	8653	gap	browser-js
get_product_object	GetProductObject	content/shop/docpart/part_search_page.php	js	8653	gap	browser-js
in_check	InCheck	content/shop/docpart/part_search_page.php	js	8653	gap	browser-js
initProperiesValues	InitProperiesValues	content/shop/docpart/part_search_page.php	js	8653	gap	browser-js
loadBrandsForArticle	LoadBrandsForArticle	content/shop/docpart/part_search_page.php	js	8653	gap	browser-js
loadEpartscrossFitmentFallback	LoadEpartscrossFitmentFallback	content/shop/docpart/part_search_page.php	js	8653	gap	browser-js
manufacturersReview	ManufacturersReview	content/shop/docpart/part_search_page.php	js	8653	gap	browser-js
next_page	NextPage	content/shop/docpart/part_search_page.php	js	8653	gap	browser-js
onManufacturerSelected	OnManufacturerSelected	content/shop/docpart/part_search_page.php	js	8653	gap	browser-js
on_products_table_mode_selected	OnProductsTableModeSelected	content/shop/docpart/part_search_page.php	js	8653	gap	browser-js
onchange_range_max	OnchangeRangeMax	content/shop/docpart/part_search_page.php	js	8653	gap	browser-js
onchange_range_min	OnchangeRangeMin	content/shop/docpart/part_search_page.php	js	8653	gap	browser-js
openCrossModal	OpenCrossModal	content/shop/docpart/part_search_page.php	js	8653	gap	browser-js
openFitmentPanel	OpenFitmentPanel	content/shop/docpart/part_search_page.php	js	8653	gap	browser-js
openInfoWindow	OpenInfoWindow	content/shop/docpart/part_search_page.php	js	8653	gap	browser-js
openLoadedCrossModal	OpenLoadedCrossModal	content/shop/docpart/part_search_page.php	js	8653	gap	browser-js
openSpecPanel	OpenSpecPanel	content/shop/docpart/part_search_page.php	js	8653	gap	browser-js
other_list_options_handle	OtherListOptionsHandle	content/shop/docpart/part_search_page.php	js	8653	gap	browser-js
positionFitmentPanel	PositionFitmentPanel	content/shop/docpart/part_search_page.php	js	8653	gap	browser-js
productsCountRequest	ProductsCountRequest	content/shop/docpart/part_search_page.php	js	8653	gap	browser-js
proverka_numeric	ProverkaNumeric	content/shop/docpart/part_search_page.php	js	8653	gap	browser-js
recalculate_groups_margin	RecalculateGroupsMargin	content/shop/docpart/part_search_page.php	js	8653	gap	browser-js
renderBrands	RenderBrands	content/shop/docpart/part_search_page.php	js	8653	gap	browser-js
renderFitment	RenderFitment	content/shop/docpart/part_search_page.php	js	8653	gap	browser-js
renderPartDetail	RenderPartDetail	content/shop/docpart/part_search_page.php	js	8653	gap	browser-js
renderRows	RenderRows	content/shop/docpart/part_search_page.php	js	8653	gap	browser-js
renderStockResultsArea	RenderStockResultsArea	content/shop/docpart/part_search_page.php	js	8653	gap	browser-js
resetFitmentPanelStyles	ResetFitmentPanelStyles	content/shop/docpart/part_search_page.php	js	8653	gap	browser-js
resetFitmentWidget	ResetFitmentWidget	content/shop/docpart/part_search_page.php	js	8653	gap	browser-js
reset_filter	ResetFilter	content/shop/docpart/part_search_page.php	js	8653	gap	browser-js
resolveAndLoadFitment	ResolveAndLoadFitment	content/shop/docpart/part_search_page.php	js	8653	gap	browser-js
rowsFromPayload	RowsFromPayload	content/shop/docpart/part_search_page.php	js	8653	gap	browser-js
sam_price_time_fanc	SamPriceTimeFanc	content/shop/docpart/part_search_page.php	js	8653	gap	browser-js
scanBucket	ScanBucket	content/shop/docpart/part_search_page.php	js	8653	gap	browser-js
scheduleStockResultsArea	ScheduleStockResultsArea	content/shop/docpart/part_search_page.php	js	8653	gap	browser-js
searchUrl	SearchUrl	content/shop/docpart/part_search_page.php	js	8653	gap	browser-js
sectionRows	SectionRows	content/shop/docpart/part_search_page.php	js	8653	gap	browser-js
setMessage	SetMessage	content/shop/docpart/part_search_page.php	js	8653	gap	browser-js
setProductsCountPopupId	SetProductsCountPopupId	content/shop/docpart/part_search_page.php	js	8653	gap	browser-js
set_cnt_on_page_settings	SetCntOnPageSettings	content/shop/docpart/part_search_page.php	js	8653	gap	browser-js
showPropertiesWidgets	ShowPropertiesWidgets	content/shop/docpart/part_search_page.php	js	8653	gap	browser-js
show_add_bloknot	ShowAddBloknot	content/shop/docpart/part_search_page.php	js	8653	gap	browser-js
show_all_position	ShowAllPosition	content/shop/docpart/part_search_page.php	js	8653	gap	browser-js
show_data	ShowData	content/shop/docpart/part_search_page.php	js	8653	gap	browser-js
show_filter_clicked	ShowFilterClicked	content/shop/docpart/part_search_page.php	js	8653	gap	browser-js
show_images_products	ShowImagesProducts	content/shop/docpart/part_search_page.php	js	8653	gap	browser-js
show_modal_product_info	ShowModalProductInfo	content/shop/docpart/part_search_page.php	js	8653	gap	browser-js
show_pictures_products	ShowPicturesProducts	content/shop/docpart/part_search_page.php	js	8653	gap	browser-js
show_product_info_tab	ShowProductInfoTab	content/shop/docpart/part_search_page.php	js	8653	gap	browser-js
sliderIntFloatInit	SliderIntFloatInit	content/shop/docpart/part_search_page.php	js	8653	gap	browser-js
sortFunction	SortFunction	content/shop/docpart/part_search_page.php	js	8653	gap	browser-js
sortFunctionProductsManufacturers	SortFunctionProductsManufacturers	content/shop/docpart/part_search_page.php	js	8653	gap	browser-js
stockSearchUrl	StockSearchUrl	content/shop/docpart/part_search_page.php	js	8653	gap	browser-js
updateBrandCardThumb	UpdateBrandCardThumb	content/shop/docpart/part_search_page.php	js	8653	gap	browser-js
yearRange	YearRange	content/shop/docpart/part_search_page.php	js	8653	gap	browser-js
addToCart	AddToCart	content/shop/docpart/part_search_page_1.php	js	6106	gap	browser-js
addToQuote	AddToQuote	content/shop/docpart/part_search_page_1.php	js	6106	gap	browser-js
bindBunchResult	BindBunchResult	content/shop/docpart/part_search_page_1.php	js	6106	gap	browser-js
compareNumbers	CompareNumbers	content/shop/docpart/part_search_page_1.php	js	6106	gap	browser-js
compareNumbers_2	CompareNumbers2	content/shop/docpart/part_search_page_1.php	js	6106	gap	browser-js
compareStrings	CompareStrings	content/shop/docpart/part_search_page_1.php	js	6106	gap	browser-js
epcAddManualToQuote	EpcAddManualToQuote	content/shop/docpart/part_search_page_1.php	js	6106	gap	browser-js
epcAddManualToQuoteBtn	EpcAddManualToQuoteBtn	content/shop/docpart/part_search_page_1.php	js	6106	gap	browser-js
epcAddManualToQuoteFromSearch	EpcAddManualToQuoteFromSearch	content/shop/docpart/part_search_page_1.php	js	6106	gap	browser-js
epcApplyChpuActiveFilterState	EpcApplyChpuActiveFilterState	content/shop/docpart/part_search_page_1.php	js	6106	gap	browser-js
epcApplyCrossStockItemToBoundProduct	EpcApplyCrossStockItemToBoundProduct	content/shop/docpart/part_search_page_1.php	js	6106	gap	browser-js
epcApplyResultFilters	EpcApplyResultFilters	content/shop/docpart/part_search_page_1.php	js	6106	gap	browser-js
epcApplySearchRowPhoto	EpcApplySearchRowPhoto	content/shop/docpart/part_search_page_1.php	js	6106	gap	browser-js
epcAttrEsc	EpcAttrEsc	content/shop/docpart/part_search_page_1.php	js	6106	gap	browser-js
epcBuildChpuFilterUiPreserve	EpcBuildChpuFilterUiPreserve	content/shop/docpart/part_search_page_1.php	js	6106	gap	browser-js
epcChpuAppendCrossNotInStockToTable	EpcChpuAppendCrossNotInStockToTable	content/shop/docpart/part_search_page_1.php	js	6106	gap	browser-js
epcChpuBrandArticleGroupKey	EpcChpuBrandArticleGroupKey	content/shop/docpart/part_search_page_1.php	js	6106	gap	browser-js
epcChpuBuildDirectStockTableFromCrossStock	EpcChpuBuildDirectStockTableFromCrossStock	content/shop/docpart/part_search_page_1.php	js	6106	gap	browser-js
epcChpuBuildDirectStockTableHtml	EpcChpuBuildDirectStockTableHtml	content/shop/docpart/part_search_page_1.php	js	6106	gap	browser-js
epcChpuComposeStockTableHtml	EpcChpuComposeStockTableHtml	content/shop/docpart/part_search_page_1.php	js	6106	gap	browser-js
epcChpuCrossStockRowHtml	EpcChpuCrossStockRowHtml	content/shop/docpart/part_search_page_1.php	js	6106	gap	browser-js
epcChpuEnsureCrossStockTableVisible	EpcChpuEnsureCrossStockTableVisible	content/shop/docpart/part_search_page_1.php	js	6106	gap	browser-js
epcChpuFindEquivalentGroupKey	EpcChpuFindEquivalentGroupKey	content/shop/docpart/part_search_page_1.php	js	6106	gap	browser-js
epcChpuGetRequestedBrandArticle	EpcChpuGetRequestedBrandArticle	content/shop/docpart/part_search_page_1.php	js	6106	gap	browser-js
epcChpuGroupProductBlocks	EpcChpuGroupProductBlocks	content/shop/docpart/part_search_page_1.php	js	6106	gap	browser-js
epcChpuHasRenderableRows	EpcChpuHasRenderableRows	content/shop/docpart/part_search_page_1.php	js	6106	gap	browser-js
epcChpuNormalizeGroupBrand	EpcChpuNormalizeGroupBrand	content/shop/docpart/part_search_page_1.php	js	6106	gap	browser-js
epcChpuPrepareFiltersBeforeReview	EpcChpuPrepareFiltersBeforeReview	content/shop/docpart/part_search_page_1.php	js	6106	gap	browser-js
epcChpuProductArticleKey	EpcChpuProductArticleKey	content/shop/docpart/part_search_page_1.php	js	6106	gap	browser-js
epcChpuProductExists	EpcChpuProductExists	content/shop/docpart/part_search_page_1.php	js	6106	gap	browser-js
epcChpuProductKey	EpcChpuProductKey	content/shop/docpart/part_search_page_1.php	js	6106	gap	browser-js
epcChpuProductsFromStockItems	EpcChpuProductsFromStockItems	content/shop/docpart/part_search_page_1.php	js	6106	gap	browser-js
epcChpuRangeBlockActive	EpcChpuRangeBlockActive	content/shop/docpart/part_search_page_1.php	js	6106	gap	browser-js
epcChpuRequestedPartHasStock	EpcChpuRequestedPartHasStock	content/shop/docpart/part_search_page_1.php	js	6106	gap	browser-js
epcChpuSafeResultReview	EpcChpuSafeResultReview	content/shop/docpart/part_search_page_1.php	js	6106	gap	browser-js
epcChpuSyncCrossDataBeforeRender	EpcChpuSyncCrossDataBeforeRender	content/shop/docpart/part_search_page_1.php	js	6106	gap	browser-js
epcChpuUpdateFilterRangesFromProducts	EpcChpuUpdateFilterRangesFromProducts	content/shop/docpart/part_search_page_1.php	js	6106	gap	browser-js
epcCrossAvailabilityBadgeHTML	EpcCrossAvailabilityBadgeHTML	content/shop/docpart/part_search_page_1.php	js	6106	gap	browser-js
epcCrossBrandsEquivalent	EpcCrossBrandsEquivalent	content/shop/docpart/part_search_page_1.php	js	6106	gap	browser-js
epcCrossCanonicalBrand	EpcCrossCanonicalBrand	content/shop/docpart/part_search_page_1.php	js	6106	gap	browser-js
epcCrossEsc	EpcCrossEsc	content/shop/docpart/part_search_page_1.php	js	6106	gap	browser-js
epcCrossExpandReferenceGraph	EpcCrossExpandReferenceGraph	content/shop/docpart/part_search_page_1.php	js	6106	gap	browser-js
epcCrossFallbackHTML	EpcCrossFallbackHTML	content/shop/docpart/part_search_page_1.php	js	6106	gap	browser-js
epcCrossInStockCaptionHTML	EpcCrossInStockCaptionHTML	content/shop/docpart/part_search_page_1.php	js	6106	gap	browser-js
epcCrossInferBrandFromArticleNorm	EpcCrossInferBrandFromArticleNorm	content/shop/docpart/part_search_page_1.php	js	6106	gap	browser-js
epcCrossIngestFromLoadedProducts	EpcCrossIngestFromLoadedProducts	content/shop/docpart/part_search_page_1.php	js	6106	gap	browser-js
epcCrossIsSearchedReference	EpcCrossIsSearchedReference	content/shop/docpart/part_search_page_1.php	js	6106	gap	browser-js
epcCrossMarkStockForReferences	EpcCrossMarkStockForReferences	content/shop/docpart/part_search_page_1.php	js	6106	gap	browser-js
epcCrossMarkStockKeyForBrandArticle	EpcCrossMarkStockKeyForBrandArticle	content/shop/docpart/part_search_page_1.php	js	6106	gap	browser-js
epcCrossMergeFallbackIntoReferences	EpcCrossMergeFallbackIntoReferences	content/shop/docpart/part_search_page_1.php	js	6106	gap	browser-js
epcCrossNormalizeArticle	EpcCrossNormalizeArticle	content/shop/docpart/part_search_page_1.php	js	6106	gap	browser-js
epcCrossNormalizeBrand	EpcCrossNormalizeBrand	content/shop/docpart/part_search_page_1.php	js	6106	gap	browser-js
epcCrossNotFoundCaptionHTML	EpcCrossNotFoundCaptionHTML	content/shop/docpart/part_search_page_1.php	js	6106	gap	browser-js
epcCrossNotInStockRowHTML	EpcCrossNotInStockRowHTML	content/shop/docpart/part_search_page_1.php	js	6106	gap	browser-js
epcCrossRebuildBrandByArticleMap	EpcCrossRebuildBrandByArticleMap	content/shop/docpart/part_search_page_1.php	js	6106	gap	browser-js
epcCrossRefFormatDisplayName	EpcCrossRefFormatDisplayName	content/shop/docpart/part_search_page_1.php	js	6106	gap	browser-js
epcCrossRefHasStockInLiveData	EpcCrossRefHasStockInLiveData	content/shop/docpart/part_search_page_1.php	js	6106	gap	browser-js
epcCrossRefIsInProductsTable	EpcCrossRefIsInProductsTable	content/shop/docpart/part_search_page_1.php	js	6106	gap	browser-js
epcCrossRefIsInStock	EpcCrossRefIsInStock	content/shop/docpart/part_search_page_1.php	js	6106	gap	browser-js
epcCrossRefIsKnownReference	EpcCrossRefIsKnownReference	content/shop/docpart/part_search_page_1.php	js	6106	gap	browser-js
epcCrossRefKey	EpcCrossRefKey	content/shop/docpart/part_search_page_1.php	js	6106	gap	browser-js
epcCrossRefResolveName	EpcCrossRefResolveName	content/shop/docpart/part_search_page_1.php	js	6106	gap	browser-js
epcCrossRefStockQty	EpcCrossRefStockQty	content/shop/docpart/part_search_page_1.php	js	6106	gap	browser-js
epcCrossReferenceKeySet	EpcCrossReferenceKeySet	content/shop/docpart/part_search_page_1.php	js	6106	gap	browser-js
epcCrossReferenceRowHTML	EpcCrossReferenceRowHTML	content/shop/docpart/part_search_page_1.php	js	6106	gap	browser-js
epcCrossRefsNotInStockHTML	EpcCrossRefsNotInStockHTML	content/shop/docpart/part_search_page_1.php	js	6106	gap	browser-js
epcCrossRegisterReference	EpcCrossRegisterReference	content/shop/docpart/part_search_page_1.php	js	6106	gap	browser-js
epcCrossResolveReferenceBrand	EpcCrossResolveReferenceBrand	content/shop/docpart/part_search_page_1.php	js	6106	gap	browser-js
epcCrossSearchUrl	EpcCrossSearchUrl	content/shop/docpart/part_search_page_1.php	js	6106	gap	browser-js
epcCrossStockItemHasQty	EpcCrossStockItemHasQty	content/shop/docpart/part_search_page_1.php	js	6106	gap	browser-js
epcCrossStockToProducts	EpcCrossStockToProducts	content/shop/docpart/part_search_page_1.php	js	6106	gap	browser-js
epcCrossTableCaptionHTML	EpcCrossTableCaptionHTML	content/shop/docpart/part_search_page_1.php	js	6106	gap	browser-js
epcCrossTryBindPendingStockForNewReferences	EpcCrossTryBindPendingStockForNewReferences	content/shop/docpart/part_search_page_1.php	js	6106	gap	browser-js
epcDecodeHtmlEntities	EpcDecodeHtmlEntities	content/shop/docpart/part_search_page_1.php	js	6106	gap	browser-js
epcDedupeChpuProductsByBrandArticle	EpcDedupeChpuProductsByBrandArticle	content/shop/docpart/part_search_page_1.php	js	6106	gap	browser-js
epcExpandAllResultRows	EpcExpandAllResultRows	content/shop/docpart/part_search_page_1.php	js	6106	gap	browser-js
epcFilterChpuCrossStockNotYetRendered	EpcFilterChpuCrossStockNotYetRendered	content/shop/docpart/part_search_page_1.php	js	6106	gap	browser-js
epcFilterChpuProducts	EpcFilterChpuProducts	content/shop/docpart/part_search_page_1.php	js	6106	gap	browser-js
epcFilterProductsByListFilters	EpcFilterProductsByListFilters	content/shop/docpart/part_search_page_1.php	js	6106	gap	browser-js
epcFindBoundProduct	EpcFindBoundProduct	content/shop/docpart/part_search_page_1.php	js	6106	gap	browser-js
epcFitmentCheckButtonHTML	EpcFitmentCheckButtonHTML	content/shop/docpart/part_search_page_1.php	js	6106	gap	browser-js
epcFormatCrossCountLabel	EpcFormatCrossCountLabel	content/shop/docpart/part_search_page_1.php	js	6106	gap	browser-js
epcGetBoundProductByAid	EpcGetBoundProductByAid	content/shop/docpart/part_search_page_1.php	js	6106	gap	browser-js
epcGetChpuManufacturerFilterList	EpcGetChpuManufacturerFilterList	content/shop/docpart/part_search_page_1.php	js	6106	gap	browser-js
epcIsGenuineManufacturer	EpcIsGenuineManufacturer	content/shop/docpart/part_search_page_1.php	js	6106	gap	browser-js
epcLoadSearchRowPhotoOnClick	EpcLoadSearchRowPhotoOnClick	content/shop/docpart/part_search_page_1.php	js	6106	gap	browser-js
epcManualQuoteButtonHTML	EpcManualQuoteButtonHTML	content/shop/docpart/part_search_page_1.php	js	6106	gap	browser-js
epcMarkCrossStockKeys	EpcMarkCrossStockKeys	content/shop/docpart/part_search_page_1.php	js	6106	gap	browser-js
epcOpenFitmentCheckRow	EpcOpenFitmentCheckRow	content/shop/docpart/part_search_page_1.php	js	6106	gap	browser-js
epcPartSearchHasAnyStockRows	EpcPartSearchHasAnyStockRows	content/shop/docpart/part_search_page_1.php	js	6106	gap	browser-js
epcPartSearchNotAvailableHTML	EpcPartSearchNotAvailableHTML	content/shop/docpart/part_search_page_1.php	js	6106	gap	browser-js
epcPartSearchShouldShowUnavailableNotice	EpcPartSearchShouldShowUnavailableNotice	content/shop/docpart/part_search_page_1.php	js	6106	gap	browser-js
epcPartTypeAppendRow	EpcPartTypeAppendRow	content/shop/docpart/part_search_page_1.php	js	6106	gap	browser-js
epcPartTypeBrandKeys	EpcPartTypeBrandKeys	content/shop/docpart/part_search_page_1.php	js	6106	gap	browser-js
epcPartTypeComposeRows	EpcPartTypeComposeRows	content/shop/docpart/part_search_page_1.php	js	6106	gap	browser-js
epcPartTypeCountRows	EpcPartTypeCountRows	content/shop/docpart/part_search_page_1.php	js	6106	gap	browser-js
epcPartTypeCreateSplit	EpcPartTypeCreateSplit	content/shop/docpart/part_search_page_1.php	js	6106	gap	browser-js
epcPartTypeExtractRowPrice	EpcPartTypeExtractRowPrice	content/shop/docpart/part_search_page_1.php	js	6106	gap	browser-js
epcPartTypeHasRows	EpcPartTypeHasRows	content/shop/docpart/part_search_page_1.php	js	6106	gap	browser-js
epcPartTypeJoinSortedRows	EpcPartTypeJoinSortedRows	content/shop/docpart/part_search_page_1.php	js	6106	gap	browser-js
epcPartTypeMergeSplits	EpcPartTypeMergeSplits	content/shop/docpart/part_search_page_1.php	js	6106	gap	browser-js
epcPartTypeSplitHeadingHTML	EpcPartTypeSplitHeadingHTML	content/shop/docpart/part_search_page_1.php	js	6106	gap	browser-js
epcProductActionsHTML	EpcProductActionsHTML	content/shop/docpart/part_search_page_1.php	js	6106	gap	browser-js
epcProductMatchesManufacturerFilter	EpcProductMatchesManufacturerFilter	content/shop/docpart/part_search_page_1.php	js	6106	gap	browser-js
epcProductPassesRangeFilters	EpcProductPassesRangeFilters	content/shop/docpart/part_search_page_1.php	js	6106	gap	browser-js
epcProductWarehouseCaption	EpcProductWarehouseCaption	content/shop/docpart/part_search_page_1.php	js	6106	gap	browser-js
epcReadChpuFilterRanges	EpcReadChpuFilterRanges	content/shop/docpart/part_search_page_1.php	js	6106	gap	browser-js
epcReadChpuManufacturerFilterFromDom	EpcReadChpuManufacturerFilterFromDom	content/shop/docpart/part_search_page_1.php	js	6106	gap	browser-js
epcRebuildCrossInStockMaps	EpcRebuildCrossInStockMaps	content/shop/docpart/part_search_page_1.php	js	6106	gap	browser-js
epcRequiredNotFoundCaptionHTML	EpcRequiredNotFoundCaptionHTML	content/shop/docpart/part_search_page_1.php	js	6106	gap	browser-js
epcSameArticle	EpcSameArticle	content/shop/docpart/part_search_page_1.php	js	6106	gap	browser-js
epcSameManufacturer	EpcSameManufacturer	content/shop/docpart/part_search_page_1.php	js	6106	gap	browser-js
epcSearchRowPhotoCellHTML	EpcSearchRowPhotoCellHTML	content/shop/docpart/part_search_page_1.php	js	6106	gap	browser-js
epcSearchRowPhotoKey	EpcSearchRowPhotoKey	content/shop/docpart/part_search_page_1.php	js	6106	gap	browser-js
epcStoreChpuActiveFilterState	EpcStoreChpuActiveFilterState	content/shop/docpart/part_search_page_1.php	js	6106	gap	browser-js
epcStorefrontPriceCellHTML	EpcStorefrontPriceCellHTML	content/shop/docpart/part_search_page_1.php	js	6106	gap	browser-js
epcStorefrontSensitiveCellHTML	EpcStorefrontSensitiveCellHTML	content/shop/docpart/part_search_page_1.php	js	6106	gap	browser-js
epcStorefrontSensitiveMask	EpcStorefrontSensitiveMask	content/shop/docpart/part_search_page_1.php	js	6106	gap	browser-js
epcSyncChpuManufacturerFilterFromCheckboxes	EpcSyncChpuManufacturerFilterFromCheckboxes	content/shop/docpart/part_search_page_1.php	js	6106	gap	browser-js
epcSyncChpuManufacturerFilterFromListOptions	EpcSyncChpuManufacturerFilterFromListOptions	content/shop/docpart/part_search_page_1.php	js	6106	gap	browser-js
epcSyncCrossReferenceGlobals	EpcSyncCrossReferenceGlobals	content/shop/docpart/part_search_page_1.php	js	6106	gap	browser-js
epcSyncCrossStockKeysLight	EpcSyncCrossStockKeysLight	content/shop/docpart/part_search_page_1.php	js	6106	gap	browser-js
epcUsesArticleOnlyStockUi	EpcUsesArticleOnlyStockUi	content/shop/docpart/part_search_page_1.php	js	6106	gap	browser-js
epcVatPriceLabelHTML	EpcVatPriceLabelHTML	content/shop/docpart/part_search_page_1.php	js	6106	gap	browser-js
finishEmpty	FinishEmpty	content/shop/docpart/part_search_page_1.php	js	6106	gap	browser-js
finishWithUrl	FinishWithUrl	content/shop/docpart/part_search_page_1.php	js	6106	gap	browser-js
innerSort	InnerSort	content/shop/docpart/part_search_page_1.php	js	6106	gap	browser-js
innerSortChange	InnerSortChange	content/shop/docpart/part_search_page_1.php	js	6106	gap	browser-js
markProduct	MarkProduct	content/shop/docpart/part_search_page_1.php	js	6106	gap	browser-js
onGetStoragesData	OnGetStoragesData	content/shop/docpart/part_search_page_1.php	js	6106	gap	browser-js
outerSort	OuterSort	content/shop/docpart/part_search_page_1.php	js	6106	gap	browser-js
outerSortChange	OuterSortChange	content/shop/docpart/part_search_page_1.php	js	6106	gap	browser-js
productMatchesRequest	ProductMatchesRequest	content/shop/docpart/part_search_page_1.php	js	6106	gap	browser-js
registerProduct	RegisterProduct	content/shop/docpart/part_search_page_1.php	js	6106	gap	browser-js
resultReview	ResultReview	content/shop/docpart/part_search_page_1.php	js	6106	gap	browser-js
scanBucket	ScanBucket	content/shop/docpart/part_search_page_1.php	js	6106	gap	browser-js
show_hide_block	ShowHideBlock	content/shop/docpart/part_search_page_1.php	js	6106	gap	browser-js
tryFetch	TryFetch	content/shop/docpart/part_search_page_1.php	js	6106	gap	browser-js
addToCart	AddToCart	content/shop/docpart/part_search_page_2.php	js	1439	gap	browser-js
addToQuote	AddToQuote	content/shop/docpart/part_search_page_2.php	js	1439	gap	browser-js
bindBunchResult	BindBunchResult	content/shop/docpart/part_search_page_2.php	js	1439	gap	browser-js
compareFields	CompareFields	content/shop/docpart/part_search_page_2.php	js	1439	gap	browser-js
epcCrossEsc	EpcCrossEsc	content/shop/docpart/part_search_page_2.php	js	1439	gap	browser-js
epcCrossFallbackHTML	EpcCrossFallbackHTML	content/shop/docpart/part_search_page_2.php	js	1439	gap	browser-js
epcCrossSearchUrl	EpcCrossSearchUrl	content/shop/docpart/part_search_page_2.php	js	1439	gap	browser-js
epcSameArticle	EpcSameArticle	content/shop/docpart/part_search_page_2.php	js	1439	gap	browser-js
epcSameManufacturer	EpcSameManufacturer	content/shop/docpart/part_search_page_2.php	js	1439	gap	browser-js
epcStorefrontPriceCellHTML	EpcStorefrontPriceCellHTML	content/shop/docpart/part_search_page_2.php	js	1439	gap	browser-js
epcStorefrontSensitiveCellHTML	EpcStorefrontSensitiveCellHTML	content/shop/docpart/part_search_page_2.php	js	1439	gap	browser-js
epcStorefrontSensitiveMask	EpcStorefrontSensitiveMask	content/shop/docpart/part_search_page_2.php	js	1439	gap	browser-js
onGetStoragesData	OnGetStoragesData	content/shop/docpart/part_search_page_2.php	js	1439	gap	browser-js
resultReview	ResultReview	content/shop/docpart/part_search_page_2.php	js	1439	gap	browser-js
resultSort	ResultSort	content/shop/docpart/part_search_page_2.php	js	1439	gap	browser-js
sortChange	SortChange	content/shop/docpart/part_search_page_2.php	js	1439	gap	browser-js
sql_debug	SqlDebug	content/shop/docpart/suppliers_handlers/prices/common_interface.php	php	744	mentioned	partial-file
epc_dc_ensure_db_link	EpcDcEnsureDbLink	content/shop/document_control/epc_document_control_cp_install.php	php	305	retired	skip
epc_document_control_cp_ajax_url	EpcDocumentControlCpAjaxUrl	content/shop/document_control/epc_document_control_cp_install.php	php	305	retired	skip
epc_document_control_cp_file_checks	EpcDocumentControlCpFileChecks	content/shop/document_control/epc_document_control_cp_install.php	php	305	retired	skip
epc_document_control_cp_install	EpcDocumentControlCpInstall	content/shop/document_control/epc_document_control_cp_install.php	php	305	retired	skip
epc_document_control_cp_lang	EpcDocumentControlCpLang	content/shop/document_control/epc_document_control_cp_install.php	php	305	retired	skip
epc_document_control_cp_probe	EpcDocumentControlCpProbe	content/shop/document_control/epc_document_control_cp_install.php	php	305	retired	skip
epc_document_control_cp_public_url	EpcDocumentControlCpPublicUrl	content/shop/document_control/epc_document_control_cp_install.php	php	305	retired	skip
epc_document_control_cp_register_content	EpcDocumentControlCpRegisterContent	content/shop/document_control/epc_document_control_cp_install.php	php	305	retired	skip
epc_document_control_cp_url	EpcDocumentControlCpUrl	content/shop/document_control/epc_document_control_cp_install.php	php	305	retired	skip
epc_dc_attachments_dir	EpcDcAttachmentsDir	content/shop/document_control/epc_document_control_helpers.php	php	789	mentioned	partial-file
epc_dc_dashboard	EpcDcDashboard	content/shop/document_control/epc_document_control_helpers.php	php	789	mentioned	partial-file
epc_dc_ensure	EpcDcEnsure	content/shop/document_control/epc_document_control_helpers.php	php	789	mentioned	partial-file
epc_dc_get_company	EpcDcGetCompany	content/shop/document_control/epc_document_control_helpers.php	php	789	mentioned	partial-file
epc_dc_get_template	EpcDcGetTemplate	content/shop/document_control/epc_document_control_helpers.php	php	789	mentioned	partial-file
epc_dc_h	EpcDcH	content/shop/document_control/epc_document_control_helpers.php	php	789	mentioned	partial-file
epc_dc_lines_table_delivery	EpcDcLinesTableDelivery	content/shop/document_control/epc_document_control_helpers.php	php	789	mentioned	partial-file
epc_dc_lines_table_packing	EpcDcLinesTablePacking	content/shop/document_control/epc_document_control_helpers.php	php	789	mentioned	partial-file
epc_dc_lines_table_sales	EpcDcLinesTableSales	content/shop/document_control/epc_document_control_helpers.php	php	789	mentioned	partial-file
epc_dc_list_attachments	EpcDcListAttachments	content/shop/document_control/epc_document_control_helpers.php	php	789	mentioned	partial-file
epc_dc_list_templates	EpcDcListTemplates	content/shop/document_control/epc_document_control_helpers.php	php	789	mentioned	partial-file
epc_dc_logo_dir	EpcDcLogoDir	content/shop/document_control/epc_document_control_helpers.php	php	789	mentioned	partial-file
epc_dc_recent_invoices	EpcDcRecentInvoices	content/shop/document_control/epc_document_control_helpers.php	php	789	mentioned	partial-file
epc_dc_recent_orders	EpcDcRecentOrders	content/shop/document_control/epc_document_control_helpers.php	php	789	mentioned	partial-file
epc_dc_tab_url	EpcDcTabUrl	content/shop/document_control/epc_document_control_helpers.php	php	789	mentioned	partial-file
epc_doc_control_seed_templates	EpcDocControlSeedTemplates	content/shop/document_control/epc_document_control_schema.php	php	119	mentioned	partial-file
epc_spare_parts_catalogue_product_url	EpcSparePartsCatalogueProductUrl	content/shop/epc_spare_parts_warehouse.php	php	238	gap	later
epc_spare_parts_catalogue_sell_price	EpcSparePartsCatalogueSellPrice	content/shop/epc_spare_parts_warehouse.php	php	238	gap	later
epc_spare_parts_oem_brands	EpcSparePartsOemBrands	content/shop/epc_spare_parts_warehouse.php	php	238	gap	later
epc_spare_parts_warehouse_search	EpcSparePartsWarehouseSearch	content/shop/epc_spare_parts_warehouse.php	php	238	gap	later
epc_bos_ai_cashflow_forecast	EpcBosAiCashflowForecast	content/shop/finance/epc_bos_ai.php	erp_php	422	mentioned	devin-erp
epc_bos_ai_inventory_predictions	EpcBosAiInventoryPredictions	content/shop/finance/epc_bos_ai.php	erp_php	422	mentioned	devin-erp
epc_bos_ai_linreg	EpcBosAiLinreg	content/shop/finance/epc_bos_ai.php	erp_php	422	mentioned	devin-erp
epc_bos_ai_llm_available	EpcBosAiLlmAvailable	content/shop/finance/epc_bos_ai.php	erp_php	422	mentioned	devin-erp
epc_bos_ai_month_bounds	EpcBosAiMonthBounds	content/shop/finance/epc_bos_ai.php	erp_php	422	mentioned	devin-erp
epc_bos_ai_recommendations	EpcBosAiRecommendations	content/shop/finance/epc_bos_ai.php	erp_php	422	mentioned	devin-erp
epc_bos_ai_revenue_forecast	EpcBosAiRevenueForecast	content/shop/finance/epc_bos_ai.php	erp_php	422	mentioned	devin-erp
epc_bos_compliance_admin_id	EpcBosComplianceAdminId	content/shop/finance/epc_bos_compliance.php	erp_php	604	mentioned	devin-erp
epc_bos_compliance_calendar	EpcBosComplianceCalendar	content/shop/finance/epc_bos_compliance.php	erp_php	604	mentioned	devin-erp
epc_bos_compliance_company_country	EpcBosComplianceCompanyCountry	content/shop/finance/epc_bos_compliance.php	erp_php	604	mentioned	devin-erp
epc_bos_compliance_periods	EpcBosCompliancePeriods	content/shop/finance/epc_bos_compliance.php	erp_php	604	mentioned	devin-erp
epc_bos_compliance_seed	EpcBosComplianceSeed	content/shop/finance/epc_bos_compliance.php	erp_php	604	mentioned	devin-erp
epc_bos_compliance_summary	EpcBosComplianceSummary	content/shop/finance/epc_bos_compliance.php	erp_php	604	mentioned	devin-erp
epc_bos_compliance_sync_status	EpcBosComplianceSyncStatus	content/shop/finance/epc_bos_compliance.php	erp_php	604	mentioned	devin-erp
epc_bos_intel_admin_id	EpcBosIntelAdminId	content/shop/finance/epc_bos_intelligence.php	erp_php	242	mentioned	devin-erp
epc_bos_intel_context	EpcBosIntelContext	content/shop/finance/epc_bos_intelligence.php	erp_php	242	mentioned	devin-erp
epc_bos_intel_control_state	EpcBosIntelControlState	content/shop/finance/epc_bos_intelligence.php	erp_php	242	mentioned	devin-erp
epc_bos_intel_controls	EpcBosIntelControls	content/shop/finance/epc_bos_intelligence.php	erp_php	242	mentioned	devin-erp
epc_bos_intel_format	EpcBosIntelFormat	content/shop/finance/epc_bos_intelligence.php	erp_php	242	mentioned	devin-erp
epc_bos_org_approval_hierarchy	EpcBosOrgApprovalHierarchy	content/shop/finance/epc_bos_org.php	erp_php	139	gap	devin-erp
epc_bos_org_departments	EpcBosOrgDepartments	content/shop/finance/epc_bos_org.php	erp_php	139	gap	devin-erp
epc_bos_org_tree	EpcBosOrgTree	content/shop/finance/epc_bos_org.php	erp_php	139	gap	devin-erp
epc_bos_vat_refund_active_scheme	EpcBosVatRefundActiveScheme	content/shop/finance/epc_bos_vat_refund.php	erp_php	284	mentioned	devin-erp
epc_bos_vat_refund_calc	EpcBosVatRefundCalc	content/shop/finance/epc_bos_vat_refund.php	erp_php	284	mentioned	devin-erp
epc_bos_vat_refund_company_country	EpcBosVatRefundCompanyCountry	content/shop/finance/epc_bos_vat_refund.php	erp_php	284	mentioned	devin-erp
epc_bos_vat_refund_ensure_schema	EpcBosVatRefundEnsureSchema	content/shop/finance/epc_bos_vat_refund.php	erp_php	284	mentioned	devin-erp
epc_bos_vat_refund_list	EpcBosVatRefundList	content/shop/finance/epc_bos_vat_refund.php	erp_php	284	mentioned	devin-erp
epc_bos_vat_refund_scheme_for	EpcBosVatRefundSchemeFor	content/shop/finance/epc_bos_vat_refund.php	erp_php	284	mentioned	devin-erp
epc_bos_vat_refund_schemes	EpcBosVatRefundSchemes	content/shop/finance/epc_bos_vat_refund.php	erp_php	284	mentioned	devin-erp
epc_bos_vat_refund_summary	EpcBosVatRefundSummary	content/shop/finance/epc_bos_vat_refund.php	erp_php	284	mentioned	devin-erp
epc_bos_wf_admin_id	EpcBosWfAdminId	content/shop/finance/epc_bos_workflow.php	erp_php	373	gap	devin-erp
epc_bos_wf_amount_from_post	EpcBosWfAmountFromPost	content/shop/finance/epc_bos_workflow.php	erp_php	373	gap	devin-erp
epc_bos_wf_ensure_schema	EpcBosWfEnsureSchema	content/shop/finance/epc_bos_workflow.php	erp_php	373	gap	devin-erp
epc_bos_wf_entity_types	EpcBosWfEntityTypes	content/shop/finance/epc_bos_workflow.php	erp_php	373	gap	devin-erp
epc_bos_wf_log	EpcBosWfLog	content/shop/finance/epc_bos_workflow.php	erp_php	373	gap	devin-erp
epc_bos_wf_match_rule	EpcBosWfMatchRule	content/shop/finance/epc_bos_workflow.php	erp_php	373	gap	devin-erp
epc_bos_wf_maybe_raise	EpcBosWfMaybeRaise	content/shop/finance/epc_bos_workflow.php	erp_php	373	gap	devin-erp
epc_bos_wf_rules	EpcBosWfRules	content/shop/finance/epc_bos_workflow.php	erp_php	373	gap	devin-erp
epc_bos_wf_seed	EpcBosWfSeed	content/shop/finance/epc_bos_workflow.php	erp_php	373	gap	devin-erp
epc_dunning_aging	EpcDunningAging	content/shop/finance/epc_collections_dunning.php	erp_php	263	gap	devin-erp
epc_dunning_ensure_schema	EpcDunningEnsureSchema	content/shop/finance/epc_collections_dunning.php	erp_php	263	gap	devin-erp
epc_dunning_fleet_stats	EpcDunningFleetStats	content/shop/finance/epc_collections_dunning.php	erp_php	263	gap	devin-erp
epc_dunning_profile_list	EpcDunningProfileList	content/shop/finance/epc_collections_dunning.php	erp_php	263	gap	devin-erp
epc_dunning_queue_list	EpcDunningQueueList	content/shop/finance/epc_collections_dunning.php	erp_php	263	gap	devin-erp
epc_credit_aging_auto_hold	EpcCreditAgingAutoHold	content/shop/finance/epc_credit_limit.php	erp_php	330	gap	devin-erp
epc_credit_check_order	EpcCreditCheckOrder	content/shop/finance/epc_credit_limit.php	erp_php	330	gap	devin-erp
epc_credit_due_for_review	EpcCreditDueForReview	content/shop/finance/epc_credit_limit.php	erp_php	330	gap	devin-erp
epc_credit_ensure_schema	EpcCreditEnsureSchema	content/shop/finance/epc_credit_limit.php	erp_php	330	gap	devin-erp
epc_credit_fleet_summary	EpcCreditFleetSummary	content/shop/finance/epc_credit_limit.php	erp_php	330	gap	devin-erp
epc_credit_get	EpcCreditGet	content/shop/finance/epc_credit_limit.php	erp_php	330	gap	devin-erp
epc_credit_history	EpcCreditHistory	content/shop/finance/epc_credit_limit.php	erp_php	330	gap	devin-erp
epc_credit_record_txn	EpcCreditRecordTxn	content/shop/finance/epc_credit_limit.php	erp_php	330	gap	devin-erp
epc_credit_update_risk	EpcCreditUpdateRisk	content/shop/finance/epc_credit_limit.php	erp_php	330	gap	devin-erp
epc_crm_cp_url	EpcCrmCpUrl	content/shop/finance/epc_crm_access.php	erp_php	38	gap	devin-erp
epc_crm_pack_enabled	EpcCrmPackEnabled	content/shop/finance/epc_crm_access.php	erp_php	38	gap	devin-erp
epc_crm_user_can_access	EpcCrmUserCanAccess	content/shop/finance/epc_crm_access.php	erp_php	38	gap	devin-erp
epc_crm_activity_types	EpcCrmActivityTypes	content/shop/finance/epc_crm_helpers.php	erp_php	655	gap	devin-erp
epc_crm_admin_id	EpcCrmAdminId	content/shop/finance/epc_crm_helpers.php	erp_php	655	gap	devin-erp
epc_crm_configure_urls	EpcCrmConfigureUrls	content/shop/finance/epc_crm_helpers.php	erp_php	655	gap	devin-erp
epc_crm_dashboard	EpcCrmDashboard	content/shop/finance/epc_crm_helpers.php	erp_php	655	gap	devin-erp
epc_crm_entity_timeline	EpcCrmEntityTimeline	content/shop/finance/epc_crm_helpers.php	erp_php	655	gap	devin-erp
epc_crm_get_lead	EpcCrmGetLead	content/shop/finance/epc_crm_helpers.php	erp_php	655	gap	devin-erp
epc_crm_get_opportunity	EpcCrmGetOpportunity	content/shop/finance/epc_crm_helpers.php	erp_php	655	gap	devin-erp
epc_crm_h	EpcCrmH	content/shop/finance/epc_crm_helpers.php	erp_php	655	gap	devin-erp
epc_crm_handle_ajax_action	EpcCrmHandleAjaxAction	content/shop/finance/epc_crm_helpers.php	erp_php	655	gap	devin-erp
epc_crm_lead_statuses	EpcCrmLeadStatuses	content/shop/finance/epc_crm_helpers.php	erp_php	655	gap	devin-erp
epc_crm_list_activities	EpcCrmListActivities	content/shop/finance/epc_crm_helpers.php	erp_php	655	gap	devin-erp
epc_crm_list_leads	EpcCrmListLeads	content/shop/finance/epc_crm_helpers.php	erp_php	655	gap	devin-erp
epc_crm_list_opportunities	EpcCrmListOpportunities	content/shop/finance/epc_crm_helpers.php	erp_php	655	gap	devin-erp
epc_crm_opportunity_stages	EpcCrmOpportunityStages	content/shop/finance/epc_crm_helpers.php	erp_php	655	gap	devin-erp
epc_crm_opportunity_won_order_hint	EpcCrmOpportunityWonOrderHint	content/shop/finance/epc_crm_helpers.php	erp_php	655	gap	devin-erp
epc_crm_pipeline_board	EpcCrmPipelineBoard	content/shop/finance/epc_crm_helpers.php	erp_php	655	gap	devin-erp
epc_crm_resolve_linked_user_id	EpcCrmResolveLinkedUserId	content/shop/finance/epc_crm_helpers.php	erp_php	655	gap	devin-erp
epc_crm_contract_statuses	EpcCrmContractStatuses	content/shop/finance/epc_crm_modules.php	erp_php	565	mentioned	devin-erp
epc_crm_contracts_due_schedule	EpcCrmContractsDueSchedule	content/shop/finance/epc_crm_modules.php	erp_php	565	mentioned	devin-erp
epc_crm_expense_statuses	EpcCrmExpenseStatuses	content/shop/finance/epc_crm_modules.php	erp_php	565	mentioned	devin-erp
epc_crm_get_project	EpcCrmGetProject	content/shop/finance/epc_crm_modules.php	erp_php	565	mentioned	devin-erp
epc_crm_get_quote	EpcCrmGetQuote	content/shop/finance/epc_crm_modules.php	erp_php	565	mentioned	devin-erp
epc_crm_get_ticket	EpcCrmGetTicket	content/shop/finance/epc_crm_modules.php	erp_php	565	mentioned	devin-erp
epc_crm_list_contracts	EpcCrmListContracts	content/shop/finance/epc_crm_modules.php	erp_php	565	mentioned	devin-erp
epc_crm_list_expenses	EpcCrmListExpenses	content/shop/finance/epc_crm_modules.php	erp_php	565	mentioned	devin-erp
epc_crm_list_projects	EpcCrmListProjects	content/shop/finance/epc_crm_modules.php	erp_php	565	mentioned	devin-erp
epc_crm_list_quotes	EpcCrmListQuotes	content/shop/finance/epc_crm_modules.php	erp_php	565	mentioned	devin-erp
epc_crm_list_quotes_for_entity	EpcCrmListQuotesForEntity	content/shop/finance/epc_crm_modules.php	erp_php	565	mentioned	devin-erp
epc_crm_list_tickets	EpcCrmListTickets	content/shop/finance/epc_crm_modules.php	erp_php	565	mentioned	devin-erp
epc_crm_next_quote_number	EpcCrmNextQuoteNumber	content/shop/finance/epc_crm_modules.php	erp_php	565	mentioned	devin-erp
epc_crm_project_statuses	EpcCrmProjectStatuses	content/shop/finance/epc_crm_modules.php	erp_php	565	mentioned	devin-erp
epc_crm_quote_statuses	EpcCrmQuoteStatuses	content/shop/finance/epc_crm_modules.php	erp_php	565	mentioned	devin-erp
epc_crm_recalc_project_progress	EpcCrmRecalcProjectProgress	content/shop/finance/epc_crm_modules.php	erp_php	565	mentioned	devin-erp
epc_crm_recalc_quote_subtotal	EpcCrmRecalcQuoteSubtotal	content/shop/finance/epc_crm_modules.php	erp_php	565	mentioned	devin-erp
epc_crm_save_contract	EpcCrmSaveContract	content/shop/finance/epc_crm_modules.php	erp_php	565	mentioned	devin-erp
epc_crm_ticket_priorities	EpcCrmTicketPriorities	content/shop/finance/epc_crm_modules.php	erp_php	565	mentioned	devin-erp
epc_crm_ticket_statuses	EpcCrmTicketStatuses	content/shop/finance/epc_crm_modules.php	erp_php	565	mentioned	devin-erp
epc_crm_ensure_schema	EpcCrmEnsureSchema	content/shop/finance/epc_crm_schema.php	erp_php	318	gap	devin-erp
epc_crm_schema_migrate_columns	EpcCrmSchemaMigrateColumns	content/shop/finance/epc_crm_schema.php	erp_php	318	gap	devin-erp
epc_crm_seed_sample_if_empty	EpcCrmSeedSampleIfEmpty	content/shop/finance/epc_crm_schema.php	erp_php	318	gap	devin-erp
epc_currency_live_apply	EpcCurrencyLiveApply	content/shop/finance/epc_currency_live_rates.php	erp_php	674	mentioned	devin-erp
epc_currency_live_ensure_schema	EpcCurrencyLiveEnsureSchema	content/shop/finance/epc_currency_live_rates.php	erp_php	674	mentioned	devin-erp
epc_currency_live_fetch_bundle	EpcCurrencyLiveFetchBundle	content/shop/finance/epc_currency_live_rates.php	erp_php	674	mentioned	devin-erp
epc_currency_live_http_get	EpcCurrencyLiveHttpGet	content/shop/finance/epc_currency_live_rates.php	erp_php	674	mentioned	devin-erp
epc_currency_live_main_alpha	EpcCurrencyLiveMainAlpha	content/shop/finance/epc_currency_live_rates.php	erp_php	674	mentioned	devin-erp
epc_currency_live_parse_provider	EpcCurrencyLiveParseProvider	content/shop/finance/epc_currency_live_rates.php	erp_php	674	mentioned	devin-erp
epc_currency_live_preview	EpcCurrencyLivePreview	content/shop/finance/epc_currency_live_rates.php	erp_php	674	mentioned	devin-erp
epc_currency_live_schedule_tick	EpcCurrencyLiveScheduleTick	content/shop/finance/epc_currency_live_rates.php	erp_php	674	mentioned	devin-erp
epc_currency_live_setting_get	EpcCurrencyLiveSettingGet	content/shop/finance/epc_currency_live_rates.php	erp_php	674	mentioned	devin-erp
epc_currency_live_setting_set	EpcCurrencyLiveSettingSet	content/shop/finance/epc_currency_live_rates.php	erp_php	674	mentioned	devin-erp
epc_currency_live_settings_ensure	EpcCurrencyLiveSettingsEnsure	content/shop/finance/epc_currency_live_rates.php	erp_php	674	mentioned	devin-erp
epc_currency_live_to_shop_rates	EpcCurrencyLiveToShopRates	content/shop/finance/epc_currency_live_rates.php	erp_php	674	mentioned	devin-erp
epc_cs_box45_field_definitions	EpcCsBox45FieldDefinitions	content/shop/finance/epc_custom_declaration_pdf_import.php	erp_php	1543	mentioned	devin-erp
epc_cs_decimal_string	EpcCsDecimalString	content/shop/finance/epc_custom_declaration_pdf_import.php	erp_php	1543	mentioned	devin-erp
epc_cs_declaration_box_count	EpcCsDeclarationBoxCount	content/shop/finance/epc_custom_declaration_pdf_import.php	erp_php	1543	mentioned	devin-erp
epc_cs_line_item_box_keys	EpcCsLineItemBoxKeys	content/shop/finance/epc_custom_declaration_pdf_import.php	erp_php	1543	mentioned	devin-erp
epc_cs_parse_decimal	EpcCsParseDecimal	content/shop/finance/epc_custom_declaration_pdf_import.php	erp_php	1543	mentioned	devin-erp
epc_cs_pdf_all_declaration_types_flat	EpcCsPdfAllDeclarationTypesFlat	content/shop/finance/epc_custom_declaration_pdf_import.php	erp_php	1543	mentioned	devin-erp
epc_cs_pdf_classify_line_item_line	EpcCsPdfClassifyLineItemLine	content/shop/finance/epc_custom_declaration_pdf_import.php	erp_php	1543	mentioned	devin-erp
epc_cs_pdf_collect_lines	EpcCsPdfCollectLines	content/shop/finance/epc_custom_declaration_pdf_import.php	erp_php	1543	mentioned	devin-erp
epc_cs_pdf_collect_runs_backward	EpcCsPdfCollectRunsBackward	content/shop/finance/epc_custom_declaration_pdf_import.php	erp_php	1543	mentioned	devin-erp
epc_cs_pdf_collect_runs_forward	EpcCsPdfCollectRunsForward	content/shop/finance/epc_custom_declaration_pdf_import.php	erp_php	1543	mentioned	devin-erp
epc_cs_pdf_dedupe_line_items	EpcCsPdfDedupeLineItems	content/shop/finance/epc_custom_declaration_pdf_import.php	erp_php	1543	mentioned	devin-erp
epc_cs_pdf_dedupe_repeated_block	EpcCsPdfDedupeRepeatedBlock	content/shop/finance/epc_custom_declaration_pdf_import.php	erp_php	1543	mentioned	devin-erp
epc_cs_pdf_dedupe_strings	EpcCsPdfDedupeStrings	content/shop/finance/epc_custom_declaration_pdf_import.php	erp_php	1543	mentioned	devin-erp
epc_cs_pdf_detect_declaration_type	EpcCsPdfDetectDeclarationType	content/shop/finance/epc_custom_declaration_pdf_import.php	erp_php	1543	mentioned	devin-erp
epc_cs_pdf_extract_lower_weight_table	EpcCsPdfExtractLowerWeightTable	content/shop/finance/epc_custom_declaration_pdf_import.php	erp_php	1543	mentioned	devin-erp
epc_cs_pdf_fill_upper_identity_fields	EpcCsPdfFillUpperIdentityFields	content/shop/finance/epc_custom_declaration_pdf_import.php	erp_php	1543	mentioned	devin-erp
epc_cs_pdf_find_contiguous_run	EpcCsPdfFindContiguousRun	content/shop/finance/epc_custom_declaration_pdf_import.php	erp_php	1543	mentioned	devin-erp
epc_cs_pdf_find_hs_code_block	EpcCsPdfFindHsCodeBlock	content/shop/finance/epc_custom_declaration_pdf_import.php	erp_php	1543	mentioned	devin-erp
epc_cs_pdf_is_country_code	EpcCsPdfIsCountryCode	content/shop/finance/epc_custom_declaration_pdf_import.php	erp_php	1543	mentioned	devin-erp
epc_cs_pdf_is_description_line	EpcCsPdfIsDescriptionLine	content/shop/finance/epc_custom_declaration_pdf_import.php	erp_php	1543	mentioned	devin-erp
epc_cs_pdf_is_hs_code	EpcCsPdfIsHsCode	content/shop/finance/epc_custom_declaration_pdf_import.php	erp_php	1543	mentioned	devin-erp
epc_cs_pdf_is_payment_line	EpcCsPdfIsPaymentLine	content/shop/finance/epc_custom_declaration_pdf_import.php	erp_php	1543	mentioned	devin-erp
epc_cs_pdf_line_item_hash	EpcCsPdfLineItemHash	content/shop/finance/epc_custom_declaration_pdf_import.php	erp_php	1543	mentioned	devin-erp
epc_cs_pdf_line_items_equal	EpcCsPdfLineItemsEqual	content/shop/finance/epc_custom_declaration_pdf_import.php	erp_php	1543	mentioned	devin-erp
epc_cs_pdf_line_items_zone_end	EpcCsPdfLineItemsZoneEnd	content/shop/finance/epc_custom_declaration_pdf_import.php	erp_php	1543	mentioned	devin-erp
epc_cs_pdf_manual_only_fields	EpcCsPdfManualOnlyFields	content/shop/finance/epc_custom_declaration_pdf_import.php	erp_php	1543	mentioned	devin-erp
epc_cs_pdf_normalize_text	EpcCsPdfNormalizeText	content/shop/finance/epc_custom_declaration_pdf_import.php	erp_php	1543	mentioned	devin-erp
epc_cs_pdf_normalize_weight_value	EpcCsPdfNormalizeWeightValue	content/shop/finance/epc_custom_declaration_pdf_import.php	erp_php	1543	mentioned	devin-erp
epc_cs_pdf_normalize_yes_no	EpcCsPdfNormalizeYesNo	content/shop/finance/epc_custom_declaration_pdf_import.php	erp_php	1543	mentioned	devin-erp
epc_cs_pdf_pad_n	EpcCsPdfPadN	content/shop/finance/epc_custom_declaration_pdf_import.php	erp_php	1543	mentioned	devin-erp
epc_cs_pdf_parse_box45_fields	EpcCsPdfParseBox45Fields	content/shop/finance/epc_custom_declaration_pdf_import.php	erp_php	1543	mentioned	devin-erp
epc_cs_pdf_parse_date	EpcCsPdfParseDate	content/shop/finance/epc_custom_declaration_pdf_import.php	erp_php	1543	mentioned	devin-erp
epc_cs_pdf_parse_line_item_blocks	EpcCsPdfParseLineItemBlocks	content/shop/finance/epc_custom_declaration_pdf_import.php	erp_php	1543	mentioned	devin-erp
epc_cs_pdf_pdftotext_available	EpcCsPdfPdftotextAvailable	content/shop/finance/epc_custom_declaration_pdf_import.php	erp_php	1543	mentioned	devin-erp
epc_cs_pdf_pdftotext_diagnostics	EpcCsPdfPdftotextDiagnostics	content/shop/finance/epc_custom_declaration_pdf_import.php	erp_php	1543	mentioned	devin-erp
epc_cs_pdf_take_n	EpcCsPdfTakeN	content/shop/finance/epc_custom_declaration_pdf_import.php	erp_php	1543	mentioned	devin-erp
epc_cs_pdf_text_looks_valid	EpcCsPdfTextLooksValid	content/shop/finance/epc_custom_declaration_pdf_import.php	erp_php	1543	mentioned	devin-erp
epc_cs_sync_box45_fields	EpcCsSyncBox45Fields	content/shop/finance/epc_custom_declaration_pdf_import.php	erp_php	1543	mentioned	devin-erp
epc_cs_categories_config	EpcCsCategoriesConfig	content/shop/finance/epc_custom_shipping.php	erp_php	1489	mentioned	devin-erp
epc_cs_category_for_type	EpcCsCategoryForType	content/shop/finance/epc_custom_shipping.php	erp_php	1489	mentioned	devin-erp
epc_cs_configure_urls	EpcCsConfigureUrls	content/shop/finance/epc_custom_shipping.php	erp_php	1489	mentioned	devin-erp
epc_cs_csv_output	EpcCsCsvOutput	content/shop/finance/epc_custom_shipping.php	erp_php	1489	mentioned	devin-erp
epc_cs_dashboard_counts	EpcCsDashboardCounts	content/shop/finance/epc_custom_shipping.php	erp_php	1489	mentioned	devin-erp
epc_cs_declaration_row_actions_html	EpcCsDeclarationRowActionsHtml	content/shop/finance/epc_custom_shipping.php	erp_php	1489	mentioned	devin-erp
epc_cs_declaration_types_registry	EpcCsDeclarationTypesRegistry	content/shop/finance/epc_custom_shipping.php	erp_php	1489	mentioned	devin-erp
epc_cs_ensure_line_items_schema	EpcCsEnsureLineItemsSchema	content/shop/finance/epc_custom_shipping.php	erp_php	1489	mentioned	devin-erp
epc_cs_field_data_val	EpcCsFieldDataVal	content/shop/finance/epc_custom_shipping.php	erp_php	1489	mentioned	devin-erp
epc_cs_find_declaration_by_number	EpcCsFindDeclarationByNumber	content/shop/finance/epc_custom_shipping.php	erp_php	1489	mentioned	devin-erp
epc_cs_form_field_groups	EpcCsFormFieldGroups	content/shop/finance/epc_custom_shipping.php	erp_php	1489	mentioned	devin-erp
epc_cs_form_skip_box_keys	EpcCsFormSkipBoxKeys	content/shop/finance/epc_custom_shipping.php	erp_php	1489	mentioned	devin-erp
epc_cs_get_declaration	EpcCsGetDeclaration	content/shop/finance/epc_custom_shipping.php	erp_php	1489	mentioned	devin-erp
epc_cs_get_declaration_items	EpcCsGetDeclarationItems	content/shop/finance/epc_custom_shipping.php	erp_php	1489	mentioned	devin-erp
epc_cs_h	EpcCsH	content/shop/finance/epc_custom_shipping.php	erp_php	1489	mentioned	devin-erp
epc_cs_handle_report_csv_export	EpcCsHandleReportCsvExport	content/shop/finance/epc_custom_shipping.php	erp_php	1489	mentioned	devin-erp
epc_cs_legacy_line_items_from_row	EpcCsLegacyLineItemsFromRow	content/shop/finance/epc_custom_shipping.php	erp_php	1489	mentioned	devin-erp
epc_cs_line_item_unit_options	EpcCsLineItemUnitOptions	content/shop/finance/epc_custom_shipping.php	erp_php	1489	mentioned	devin-erp
epc_cs_line_item_volume_unit_options	EpcCsLineItemVolumeUnitOptions	content/shop/finance/epc_custom_shipping.php	erp_php	1489	mentioned	devin-erp
epc_cs_pdf_disk_path	EpcCsPdfDiskPath	content/shop/finance/epc_custom_shipping.php	erp_php	1489	mentioned	devin-erp
epc_cs_pdf_file_exists	EpcCsPdfFileExists	content/shop/finance/epc_custom_shipping.php	erp_php	1489	mentioned	devin-erp
epc_cs_pdf_public_url	EpcCsPdfPublicUrl	content/shop/finance/epc_custom_shipping.php	erp_php	1489	mentioned	devin-erp
epc_cs_reexport_export_types	EpcCsReexportExportTypes	content/shop/finance/epc_custom_shipping.php	erp_php	1489	mentioned	devin-erp
epc_cs_reexport_import_types	EpcCsReexportImportTypes	content/shop/finance/epc_custom_shipping.php	erp_php	1489	mentioned	devin-erp
epc_cs_report_cost_summary	EpcCsReportCostSummary	content/shop/finance/epc_custom_shipping.php	erp_php	1489	mentioned	devin-erp
epc_cs_report_csv_rows	EpcCsReportCsvRows	content/shop/finance/epc_custom_shipping.php	erp_php	1489	mentioned	devin-erp
epc_cs_report_definitions	EpcCsReportDefinitions	content/shop/finance/epc_custom_shipping.php	erp_php	1489	mentioned	devin-erp
epc_cs_report_document_expiry	EpcCsReportDocumentExpiry	content/shop/finance/epc_custom_shipping.php	erp_php	1489	mentioned	devin-erp
epc_cs_report_duty_lines	EpcCsReportDutyLines	content/shop/finance/epc_custom_shipping.php	erp_php	1489	mentioned	devin-erp
epc_cs_report_filters_from_request	EpcCsReportFiltersFromRequest	content/shop/finance/epc_custom_shipping.php	erp_php	1489	mentioned	devin-erp
epc_cs_report_reexport_tracking	EpcCsReportReexportTracking	content/shop/finance/epc_custom_shipping.php	erp_php	1489	mentioned	devin-erp
epc_cs_report_run	EpcCsReportRun	content/shop/finance/epc_custom_shipping.php	erp_php	1489	mentioned	devin-erp
epc_cs_report_search_results	EpcCsReportSearchResults	content/shop/finance/epc_custom_shipping.php	erp_php	1489	mentioned	devin-erp
epc_cs_report_stubs	EpcCsReportStubs	content/shop/finance/epc_custom_shipping.php	erp_php	1489	mentioned	devin-erp
epc_cs_reports_management_url	EpcCsReportsManagementUrl	content/shop/finance/epc_custom_shipping.php	erp_php	1489	mentioned	devin-erp
epc_cs_resolve_erp_url	EpcCsResolveErpUrl	content/shop/finance/epc_custom_shipping.php	erp_php	1489	mentioned	devin-erp
epc_cs_stage_pdf_upload	EpcCsStagePdfUpload	content/shop/finance/epc_custom_shipping.php	erp_php	1489	mentioned	devin-erp
epc_cs_status_badge_html	EpcCsStatusBadgeHtml	content/shop/finance/epc_custom_shipping.php	erp_php	1489	mentioned	devin-erp
epc_cs_tab_url	EpcCsTabUrl	content/shop/finance/epc_custom_shipping.php	erp_php	1489	mentioned	devin-erp
epc_dash_shortcuts_render	EpcDashShortcutsRender	content/shop/finance/epc_dash_shortcuts_ui.php	erp_php	306	mentioned	devin-erp
epc_demo_check_credentials	EpcDemoCheckCredentials	content/shop/finance/epc_demo_portal.php	erp_php	267	mentioned	devin-erp
epc_demo_classify_route	EpcDemoClassifyRoute	content/shop/finance/epc_demo_portal.php	erp_php	267	mentioned	devin-erp
epc_demo_credentials	EpcDemoCredentials	content/shop/finance/epc_demo_portal.php	erp_php	267	mentioned	devin-erp
epc_demo_days_remaining	EpcDemoDaysRemaining	content/shop/finance/epc_demo_portal.php	erp_php	267	mentioned	devin-erp
epc_demo_guard	EpcDemoGuard	content/shop/finance/epc_demo_portal.php	erp_php	267	mentioned	devin-erp
epc_demo_issue_session	EpcDemoIssueSession	content/shop/finance/epc_demo_portal.php	erp_php	267	mentioned	devin-erp
epc_demo_launch_links	EpcDemoLaunchLinks	content/shop/finance/epc_demo_portal.php	erp_php	267	mentioned	devin-erp
epc_demo_route_allowed	EpcDemoRouteAllowed	content/shop/finance/epc_demo_portal.php	erp_php	267	mentioned	devin-erp
epc_demo_seconds_remaining	EpcDemoSecondsRemaining	content/shop/finance/epc_demo_portal.php	erp_php	267	mentioned	devin-erp
epc_demo_session_valid	EpcDemoSessionValid	content/shop/finance/epc_demo_portal.php	erp_php	267	mentioned	devin-erp
epc_einvoice_constants	EpcEinvoiceConstants	content/shop/finance/epc_einvoice.php	erp_php	1768	mentioned	devin-erp
epc_einvoice_dashboard	EpcEinvoiceDashboard	content/shop/finance/epc_einvoice.php	erp_php	1768	mentioned	devin-erp
epc_einvoice_ensure_asp_submissions_schema	EpcEinvoiceEnsureAspSubmissionsSchema	content/shop/finance/epc_einvoice.php	erp_php	1768	mentioned	devin-erp
epc_einvoice_generate_uuid	EpcEinvoiceGenerateUuid	content/shop/finance/epc_einvoice.php	erp_php	1768	mentioned	devin-erp
epc_einvoice_journey_steps	EpcEinvoiceJourneySteps	content/shop/finance/epc_einvoice.php	erp_js	1768	mentioned	devin-erp
epc_einvoice_legislation_items	EpcEinvoiceLegislationItems	content/shop/finance/epc_einvoice.php	erp_js	1768	mentioned	devin-erp
epc_einvoice_list_documents	EpcEinvoiceListDocuments	content/shop/finance/epc_einvoice.php	erp_php	1768	mentioned	devin-erp
epc_einvoice_log_event	EpcEinvoiceLogEvent	content/shop/finance/epc_einvoice.php	erp_php	1768	mentioned	devin-erp
epc_einvoice_mandatory_field_map	EpcEinvoiceMandatoryFieldMap	content/shop/finance/epc_einvoice.php	erp_php	1768	mentioned	devin-erp
epc_einvoice_module_completeness	EpcEinvoiceModuleCompleteness	content/shop/finance/epc_einvoice.php	erp_js	1768	mentioned	devin-erp
epc_einvoice_readiness_checklist	EpcEinvoiceReadinessChecklist	content/shop/finance/epc_einvoice.php	erp_js	1768	mentioned	devin-erp
epc_einvoice_save_settings	EpcEinvoiceSaveSettings	content/shop/finance/epc_einvoice.php	erp_php	1768	mentioned	devin-erp
epc_einvoice_store_asp_submission	EpcEinvoiceStoreAspSubmission	content/shop/finance/epc_einvoice.php	erp_php	1768	mentioned	devin-erp
epc_einvoice_submit_to_asp	EpcEinvoiceSubmitToAsp	content/shop/finance/epc_einvoice.php	erp_php	1768	mentioned	devin-erp
epc_einvoice_tax_categories	EpcEinvoiceTaxCategories	content/shop/finance/epc_einvoice.php	erp_php	1768	mentioned	devin-erp
epc_einvoice_transaction_flags	EpcEinvoiceTransactionFlags	content/shop/finance/epc_einvoice.php	erp_php	1768	mentioned	devin-erp
epc_einvoice_uuid	EpcEinvoiceUuid	content/shop/finance/epc_einvoice.php	erp_php	1768	mentioned	devin-erp
epc_einvoice_xml_escape	EpcEinvoiceXmlEscape	content/shop/finance/epc_einvoice.php	erp_php	1768	mentioned	devin-erp
epc_erp_configure_portal_urls	EpcErpConfigurePortalUrls	content/shop/finance/epc_erp_access.php	erp_php	651	mentioned	devin-erp
epc_erp_cp_urls	EpcErpCpUrls	content/shop/finance/epc_erp_access.php	erp_php	651	mentioned	devin-erp
epc_erp_frontend_urls	EpcErpFrontendUrls	content/shop/finance/epc_erp_access.php	erp_php	651	mentioned	devin-erp
epc_erp_group_value_key	EpcErpGroupValueKey	content/shop/finance/epc_erp_access.php	erp_php	651	mentioned	devin-erp
epc_erp_lang_href	EpcErpLangHref	content/shop/finance/epc_erp_access.php	erp_php	651	mentioned	devin-erp
epc_erp_portal_bridge_cp_admin_session	EpcErpPortalBridgeCpAdminSession	content/shop/finance/epc_erp_access.php	erp_php	651	mentioned	devin-erp
epc_erp_portal_ensure_guest_session	EpcErpPortalEnsureGuestSession	content/shop/finance/epc_erp_access.php	erp_php	651	mentioned	devin-erp
epc_erp_portal_handle_auth_post	EpcErpPortalHandleAuthPost	content/shop/finance/epc_erp_access.php	erp_php	651	mentioned	devin-erp
epc_erp_portal_is_bot_request	EpcErpPortalIsBotRequest	content/shop/finance/epc_erp_access.php	erp_php	651	mentioned	devin-erp
epc_erp_profile_groups	EpcErpProfileGroups	content/shop/finance/epc_erp_access.php	erp_php	651	mentioned	devin-erp
epc_erp_resolve_user_session	EpcErpResolveUserSession	content/shop/finance/epc_erp_access.php	erp_php	651	mentioned	devin-erp
epc_erp_team_group_id	EpcErpTeamGroupId	content/shop/finance/epc_erp_access.php	erp_php	651	mentioned	devin-erp
epc_erp_user_allowed_tabs	EpcErpUserAllowedTabs	content/shop/finance/epc_erp_access.php	erp_php	651	mentioned	devin-erp
epc_erp_user_can_access_tab	EpcErpUserCanAccessTab	content/shop/finance/epc_erp_access.php	erp_php	651	mentioned	devin-erp
epc_erp_user_in_any_dept	EpcErpUserInAnyDept	content/shop/finance/epc_erp_access.php	erp_php	651	mentioned	devin-erp
epc_erp_adv_h	EpcErpAdvH	content/shop/finance/epc_erp_advanced.php	erp_php	185	gap	devin-erp
epc_erp_adv_money	EpcErpAdvMoney	content/shop/finance/epc_erp_advanced.php	erp_php	185	gap	devin-erp
epc_erp_adv_register_cp_page	EpcErpAdvRegisterCpPage	content/shop/finance/epc_erp_advanced.php	erp_php	185	gap	devin-erp
epc_erp_adv_register_guides	EpcErpAdvRegisterGuides	content/shop/finance/epc_erp_advanced.php	erp_php	185	gap	devin-erp
epc_erp_advances_ensure_schema	EpcErpAdvancesEnsureSchema	content/shop/finance/epc_erp_advances.php	erp_php	564	mentioned	devin-erp
epc_erp_customer_statement_summary	EpcErpCustomerStatementSummary	content/shop/finance/epc_erp_advances.php	erp_php	564	mentioned	devin-erp
epc_erp_supplier_statement_aggregate	EpcErpSupplierStatementAggregate	content/shop/finance/epc_erp_advances.php	erp_php	564	mentioned	devin-erp
epc_erp_supplier_statement_summary	EpcErpSupplierStatementSummary	content/shop/finance/epc_erp_advances.php	erp_php	564	mentioned	devin-erp
epc_as_ensure_schema	EpcAsEnsureSchema	content/shop/finance/epc_erp_aftersales.php	erp_php	440	mentioned	devin-erp
epc_as_job_recalc	EpcAsJobRecalc	content/shop/finance/epc_erp_aftersales.php	erp_php	440	mentioned	devin-erp
epc_as_rma_get	EpcAsRmaGet	content/shop/finance/epc_erp_aftersales.php	erp_php	440	mentioned	devin-erp
epc_as_rma_list	EpcAsRmaList	content/shop/finance/epc_erp_aftersales.php	erp_php	440	mentioned	devin-erp
epc_as_warranty_check	EpcAsWarrantyCheck	content/shop/finance/epc_erp_aftersales.php	erp_php	440	mentioned	devin-erp
epc_erp_aging_boundaries	EpcErpAgingBoundaries	content/shop/finance/epc_erp_aging.php	erp_php	252	mentioned	devin-erp
epc_erp_aging_bucket_index	EpcErpAgingBucketIndex	content/shop/finance/epc_erp_aging.php	erp_php	252	mentioned	devin-erp
epc_erp_aging_bucket_labels	EpcErpAgingBucketLabels	content/shop/finance/epc_erp_aging.php	erp_php	252	mentioned	devin-erp
epc_erp_aging_empty_buckets	EpcErpAgingEmptyBuckets	content/shop/finance/epc_erp_aging.php	erp_php	252	mentioned	devin-erp
epc_erp_ap_aging	EpcErpApAging	content/shop/finance/epc_erp_aging.php	erp_php	252	mentioned	devin-erp
epc_erp_ar_aging	EpcErpArAging	content/shop/finance/epc_erp_aging.php	erp_php	252	mentioned	devin-erp
epc_erp_inventory_aging	EpcErpInventoryAging	content/shop/finance/epc_erp_aging.php	erp_php	252	mentioned	devin-erp
epc_aml_curated_laws	EpcAmlCuratedLaws	content/shop/finance/epc_erp_aml_compliance.php	erp_php	895	gap	devin-erp
epc_aml_dashboard	EpcAmlDashboard	content/shop/finance/epc_erp_aml_compliance.php	erp_php	895	gap	devin-erp
epc_aml_default_rules	EpcAmlDefaultRules	content/shop/finance/epc_erp_aml_compliance.php	erp_php	895	gap	devin-erp
epc_aml_dnfbp_context	EpcAmlDnfbpContext	content/shop/finance/epc_erp_aml_compliance.php	erp_php	895	gap	devin-erp
epc_aml_ensure_schema	EpcAmlEnsureSchema	content/shop/finance/epc_erp_aml_compliance.php	erp_php	895	gap	devin-erp
epc_aml_get_report	EpcAmlGetReport	content/shop/finance/epc_erp_aml_compliance.php	erp_php	895	gap	devin-erp
epc_aml_guide_sections	EpcAmlGuideSections	content/shop/finance/epc_erp_aml_compliance.php	erp_php	895	gap	devin-erp
epc_aml_journey_steps	EpcAmlJourneySteps	content/shop/finance/epc_erp_aml_compliance.php	erp_php	895	gap	devin-erp
epc_aml_legislation_items	EpcAmlLegislationItems	content/shop/finance/epc_erp_aml_compliance.php	erp_php	895	gap	devin-erp
epc_aml_list_alerts	EpcAmlListAlerts	content/shop/finance/epc_erp_aml_compliance.php	erp_php	895	gap	devin-erp
epc_aml_list_reports	EpcAmlListReports	content/shop/finance/epc_erp_aml_compliance.php	erp_php	895	gap	devin-erp
epc_aml_module_completeness	EpcAmlModuleCompleteness	content/shop/finance/epc_erp_aml_compliance.php	erp_php	895	gap	devin-erp
epc_aml_setting_get	EpcAmlSettingGet	content/shop/finance/epc_erp_aml_compliance.php	erp_php	895	gap	devin-erp
epc_aml_setting_set	EpcAmlSettingSet	content/shop/finance/epc_erp_aml_compliance.php	erp_php	895	gap	devin-erp
epc_erp_audit_add_column	EpcErpAuditAddColumn	content/shop/finance/epc_erp_audit.php	erp_php	146	gap	devin-erp
epc_erp_audit_change	EpcErpAuditChange	content/shop/finance/epc_erp_audit.php	erp_php	146	gap	devin-erp
epc_erp_audit_ensure_schema	EpcErpAuditEnsureSchema	content/shop/finance/epc_erp_audit.php	erp_php	146	gap	devin-erp
epc_erp_audit_list	EpcErpAuditList	content/shop/finance/epc_erp_audit.php	erp_php	146	gap	devin-erp
epc_erp_audit_user_agent	EpcErpAuditUserAgent	content/shop/finance/epc_erp_audit.php	erp_php	146	gap	devin-erp
epc_audit_control_tieout	EpcAuditControlTieout	content/shop/finance/epc_erp_audit_tools.php	erp_php	181	gap	devin-erp
epc_audit_dashboard	EpcAuditDashboard	content/shop/finance/epc_erp_audit_tools.php	erp_php	181	gap	devin-erp
epc_audit_find_duplicates	EpcAuditFindDuplicates	content/shop/finance/epc_erp_audit_tools.php	erp_php	181	gap	devin-erp
epc_audit_post_close_changes	EpcAuditPostCloseChanges	content/shop/finance/epc_erp_audit_tools.php	erp_php	181	gap	devin-erp
epc_audit_sequence_gaps	EpcAuditSequenceGaps	content/shop/finance/epc_erp_audit_tools.php	erp_php	181	gap	devin-erp
epc_audit_trial_balance_check	EpcAuditTrialBalanceCheck	content/shop/finance/epc_erp_audit_tools.php	erp_php	181	gap	devin-erp
epc_erp_automation_activate	EpcErpAutomationActivate	content/shop/finance/epc_erp_automation_catalogue.php	erp_php	713	mentioned	devin-erp
epc_erp_automation_by_category	EpcErpAutomationByCategory	content/shop/finance/epc_erp_automation_catalogue.php	erp_php	713	mentioned	devin-erp
epc_erp_automation_engine_present	EpcErpAutomationEnginePresent	content/shop/finance/epc_erp_automation_catalogue.php	erp_php	713	mentioned	devin-erp
epc_erp_automation_install_template	EpcErpAutomationInstallTemplate	content/shop/finance/epc_erp_automation_catalogue.php	erp_php	713	mentioned	devin-erp
epc_erp_automation_is_enabled	EpcErpAutomationIsEnabled	content/shop/finance/epc_erp_automation_catalogue.php	erp_php	713	mentioned	devin-erp
epc_erp_automation_status_list	EpcErpAutomationStatusList	content/shop/finance/epc_erp_automation_catalogue.php	erp_php	713	mentioned	devin-erp
epc_erp_automation_tick	EpcErpAutomationTick	content/shop/finance/epc_erp_automation_catalogue.php	erp_php	713	mentioned	devin-erp
epc_barcode_purchase_ensure_schema	EpcBarcodePurchaseEnsureSchema	content/shop/finance/epc_erp_barcode_purchase.php	erp_php	108	gap	devin-erp
epc_bos_matrix	EpcBosMatrix	content/shop/finance/epc_erp_bos_matrix.php	erp_php	271	gap	devin-erp
epc_bos_matrix_gaps	EpcBosMatrixGaps	content/shop/finance/epc_erp_bos_matrix.php	erp_php	271	gap	devin-erp
epc_bos_matrix_render_html	EpcBosMatrixRenderHtml	content/shop/finance/epc_erp_bos_matrix.php	erp_php	271	gap	devin-erp
epc_bos_matrix_stats	EpcBosMatrixStats	content/shop/finance/epc_erp_bos_matrix.php	erp_php	271	gap	devin-erp
epc_bplan_ensure_schema	EpcBplanEnsureSchema	content/shop/finance/epc_erp_budget_planning.php	erp_php	284	gap	devin-erp
epc_bplan_get	EpcBplanGet	content/shop/finance/epc_erp_budget_planning.php	erp_php	284	gap	devin-erp
epc_bplan_lines	EpcBplanLines	content/shop/finance/epc_erp_budget_planning.php	erp_php	284	gap	devin-erp
epc_bplan_list	EpcBplanList	content/shop/finance/epc_erp_budget_planning.php	erp_php	284	gap	devin-erp
epc_bplan_positions	EpcBplanPositions	content/shop/finance/epc_erp_budget_planning.php	erp_php	284	gap	devin-erp
epc_bplan_positions_cost	EpcBplanPositionsCost	content/shop/finance/epc_erp_budget_planning.php	erp_php	284	gap	devin-erp
epc_bplan_publish	EpcBplanPublish	content/shop/finance/epc_erp_budget_planning.php	erp_php	284	gap	devin-erp
epc_bplan_stages	EpcBplanStages	content/shop/finance/epc_erp_budget_planning.php	erp_php	284	gap	devin-erp
epc_bplan_summary	EpcBplanSummary	content/shop/finance/epc_erp_budget_planning.php	erp_php	284	gap	devin-erp
epc_bplan_total	EpcBplanTotal	content/shop/finance/epc_erp_budget_planning.php	erp_php	284	gap	devin-erp
epc_card_reader_ensure_schema	EpcCardReaderEnsureSchema	content/shop/finance/epc_erp_card_reader.php	erp_php	106	gap	devin-erp
epc_card_reader_get_customer_scans	EpcCardReaderGetCustomerScans	content/shop/finance/epc_erp_card_reader.php	erp_php	106	gap	devin-erp
epc_card_reader_parse_emirates_id	EpcCardReaderParseEmiratesId	content/shop/finance/epc_erp_card_reader.php	erp_php	106	gap	devin-erp
epc_card_reader_parse_mrz	EpcCardReaderParseMrz	content/shop/finance/epc_erp_card_reader.php	erp_php	106	gap	devin-erp
epc_card_reader_save_scan	EpcCardReaderSaveScan	content/shop/finance/epc_erp_card_reader.php	erp_php	106	gap	devin-erp
epc_cft_ensure_schema	EpcCftEnsureSchema	content/shop/finance/epc_erp_cash_treasury.php	erp_php	330	mentioned	devin-erp
epc_cft_forecast_get	EpcCftForecastGet	content/shop/finance/epc_erp_cash_treasury.php	erp_php	330	mentioned	devin-erp
epc_cft_forecasts	EpcCftForecasts	content/shop/finance/epc_erp_cash_treasury.php	erp_php	330	mentioned	devin-erp
epc_cft_instr_events	EpcCftInstrEvents	content/shop/finance/epc_erp_cash_treasury.php	erp_php	330	mentioned	devin-erp
epc_cft_instr_log	EpcCftInstrLog	content/shop/finance/epc_erp_cash_treasury.php	erp_php	330	mentioned	devin-erp
epc_cft_instr_transitions	EpcCftInstrTransitions	content/shop/finance/epc_erp_cash_treasury.php	erp_php	330	mentioned	devin-erp
epc_cft_instrument_get	EpcCftInstrumentGet	content/shop/finance/epc_erp_cash_treasury.php	erp_php	330	mentioned	devin-erp
epc_cft_instrument_summary	EpcCftInstrumentSummary	content/shop/finance/epc_erp_cash_treasury.php	erp_php	330	mentioned	devin-erp
epc_cft_instruments	EpcCftInstruments	content/shop/finance/epc_erp_cash_treasury.php	erp_php	330	mentioned	devin-erp
epc_cft_lines	EpcCftLines	content/shop/finance/epc_erp_cash_treasury.php	erp_php	330	mentioned	devin-erp
epc_cft_projection	EpcCftProjection	content/shop/finance/epc_erp_cash_treasury.php	erp_php	330	mentioned	devin-erp
epc_erp_fx_open_foreign_ar	EpcErpFxOpenForeignAr	content/shop/finance/epc_erp_ccy_revaluation.php	erp_php	241	mentioned	devin-erp
epc_erp_fx_reval_account	EpcErpFxRevalAccount	content/shop/finance/epc_erp_ccy_revaluation.php	erp_php	241	mentioned	devin-erp
epc_erp_fx_reval_ensure_schema	EpcErpFxRevalEnsureSchema	content/shop/finance/epc_erp_ccy_revaluation.php	erp_php	241	mentioned	devin-erp
epc_erp_fx_revaluation_history	EpcErpFxRevaluationHistory	content/shop/finance/epc_erp_ccy_revaluation.php	erp_php	241	mentioned	devin-erp
epc_consol_eliminate	EpcConsolEliminate	content/shop/finance/epc_erp_closing.php	erp_php	348	gap	devin-erp
epc_consol_rollup	EpcConsolRollup	content/shop/finance/epc_erp_closing.php	erp_php	348	gap	devin-erp
epc_fy_carry_forward	EpcFyCarryForward	content/shop/finance/epc_erp_closing.php	erp_php	348	gap	devin-erp
epc_fy_ensure_schema	EpcFyEnsureSchema	content/shop/finance/epc_erp_closing.php	erp_php	348	gap	devin-erp
epc_fy_is_open	EpcFyIsOpen	content/shop/finance/epc_erp_closing.php	erp_php	348	gap	devin-erp
epc_collab_ensure_schema	EpcCollabEnsureSchema	content/shop/finance/epc_erp_collab.php	erp_php	278	gap	devin-erp
epc_collab_message_post	EpcCollabMessagePost	content/shop/finance/epc_erp_collab.php	erp_php	278	gap	devin-erp
epc_collab_thread_close	EpcCollabThreadClose	content/shop/finance/epc_erp_collab.php	erp_php	278	gap	devin-erp
epc_collab_thread_messages	EpcCollabThreadMessages	content/shop/finance/epc_erp_collab.php	erp_php	278	gap	devin-erp
epc_collab_thread_open	EpcCollabThreadOpen	content/shop/finance/epc_erp_collab.php	erp_php	278	gap	devin-erp
epc_wf_decide	EpcWfDecide	content/shop/finance/epc_erp_collab.php	erp_php	278	gap	devin-erp
epc_wf_pending_for_role	EpcWfPendingForRole	content/shop/finance/epc_erp_collab.php	erp_php	278	gap	devin-erp
epc_wf_request_create	EpcWfRequestCreate	content/shop/finance/epc_erp_collab.php	erp_php	278	gap	devin-erp
epc_wf_request_state	EpcWfRequestState	content/shop/finance/epc_erp_collab.php	erp_php	278	gap	devin-erp
epc_coll_activities	EpcCollActivities	content/shop/finance/epc_erp_collections.php	erp_php	326	gap	devin-erp
epc_coll_case_get	EpcCollCaseGet	content/shop/finance/epc_erp_collections.php	erp_php	326	gap	devin-erp
epc_coll_case_statuses	EpcCollCaseStatuses	content/shop/finance/epc_erp_collections.php	erp_php	326	gap	devin-erp
epc_coll_dunning_log	EpcCollDunningLog	content/shop/finance/epc_erp_collections.php	erp_php	326	gap	devin-erp
epc_coll_dunning_plan	EpcCollDunningPlan	content/shop/finance/epc_erp_collections.php	erp_php	326	gap	devin-erp
epc_coll_ensure_schema	EpcCollEnsureSchema	content/shop/finance/epc_erp_collections.php	erp_php	326	gap	devin-erp
epc_coll_holds	EpcCollHolds	content/shop/finance/epc_erp_collections.php	erp_php	326	gap	devin-erp
epc_coll_summary	EpcCollSummary	content/shop/finance/epc_erp_collections.php	erp_php	326	gap	devin-erp
epc_erp_cc_approval_queue	EpcErpCcApprovalQueue	content/shop/finance/epc_erp_command_center.php	erp_php	352	mentioned	devin-erp
epc_erp_cc_kpi_tiles	EpcErpCcKpiTiles	content/shop/finance/epc_erp_command_center.php	erp_php	352	mentioned	devin-erp
epc_co_amount_in_words	EpcCoAmountInWords	content/shop/finance/epc_erp_company.php	erp_php	360	gap	devin-erp
epc_co_branch_save	EpcCoBranchSave	content/shop/finance/epc_erp_company.php	erp_php	360	gap	devin-erp
epc_co_document_header	EpcCoDocumentHeader	content/shop/finance/epc_erp_company.php	erp_php	360	gap	devin-erp
epc_co_ensure_schema	EpcCoEnsureSchema	content/shop/finance/epc_erp_company.php	erp_php	360	gap	devin-erp
epc_co_int_to_words	EpcCoIntToWords	content/shop/finance/epc_erp_company.php	erp_php	360	gap	devin-erp
epc_co_profile_get	EpcCoProfileGet	content/shop/finance/epc_erp_company.php	erp_php	360	gap	devin-erp
epc_co_profile_save	EpcCoProfileSave	content/shop/finance/epc_erp_company.php	erp_php	360	gap	devin-erp
epc_co_statement	EpcCoStatement	content/shop/finance/epc_erp_company.php	erp_php	360	gap	devin-erp
epc_erp_active_company	EpcErpActiveCompany	content/shop/finance/epc_erp_company_context.php	erp_php	262	gap	devin-erp
epc_erp_company_context_ensure	EpcErpCompanyContextEnsure	content/shop/finance/epc_erp_company_context.php	erp_php	262	gap	devin-erp
epc_erp_company_industry_pack	EpcErpCompanyIndustryPack	content/shop/finance/epc_erp_company_context.php	erp_php	262	gap	devin-erp
epc_erp_company_industry_pack_set	EpcErpCompanyIndustryPackSet	content/shop/finance/epc_erp_company_context.php	erp_php	262	gap	devin-erp
epc_erp_company_setting_get	EpcErpCompanySettingGet	content/shop/finance/epc_erp_company_context.php	erp_php	262	gap	devin-erp
epc_erp_company_setting_set	EpcErpCompanySettingSet	content/shop/finance/epc_erp_company_context.php	erp_php	262	gap	devin-erp
epc_erp_company_switch_url	EpcErpCompanySwitchUrl	content/shop/finance/epc_erp_company_context.php	erp_php	262	gap	devin-erp
epc_cmp_apply_staged	EpcCmpApplyStaged	content/shop/finance/epc_erp_compliance.php	erp_php	286	gap	devin-erp
epc_cmp_ensure_schema	EpcCmpEnsureSchema	content/shop/finance/epc_erp_compliance.php	erp_php	286	gap	devin-erp
epc_cmp_history	EpcCmpHistory	content/shop/finance/epc_erp_compliance.php	erp_php	286	gap	devin-erp
epc_cmp_log	EpcCmpLog	content/shop/finance/epc_erp_compliance.php	erp_php	286	gap	devin-erp
epc_cmp_pending_updates	EpcCmpPendingUpdates	content/shop/finance/epc_erp_compliance.php	erp_php	286	gap	devin-erp
epc_cmp_reject_staged	EpcCmpRejectStaged	content/shop/finance/epc_erp_compliance.php	erp_php	286	gap	devin-erp
epc_cmp_resolve	EpcCmpResolve	content/shop/finance/epc_erp_compliance.php	erp_php	286	gap	devin-erp
epc_cmp_rollback_rule	EpcCmpRollbackRule	content/shop/finance/epc_erp_compliance.php	erp_php	286	gap	devin-erp
epc_cmp_seed_uae	EpcCmpSeedUae	content/shop/finance/epc_erp_compliance.php	erp_php	286	gap	devin-erp
epc_cmp_set_rule	EpcCmpSetRule	content/shop/finance/epc_erp_compliance.php	erp_php	286	gap	devin-erp
epc_cmp_stage_update	EpcCmpStageUpdate	content/shop/finance/epc_erp_compliance.php	erp_php	286	gap	devin-erp
epc_erp_claim_status	EpcErpClaimStatus	content/shop/finance/epc_erp_concurrency.php	erp_php	774	gap	devin-erp
epc_erp_concurrency_action_entity	EpcErpConcurrencyActionEntity	content/shop/finance/epc_erp_concurrency.php	erp_php	774	gap	devin-erp
epc_erp_concurrency_idempotent_actions	EpcErpConcurrencyIdempotentActions	content/shop/finance/epc_erp_concurrency.php	erp_php	774	gap	devin-erp
epc_erp_concurrency_preflight	EpcErpConcurrencyPreflight	content/shop/finance/epc_erp_concurrency.php	erp_php	774	gap	devin-erp
epc_erp_concurrency_user_id	EpcErpConcurrencyUserId	content/shop/finance/epc_erp_concurrency.php	erp_php	774	gap	devin-erp
epc_erp_edit_lock_assert	EpcErpEditLockAssert	content/shop/finance/epc_erp_concurrency.php	erp_php	774	gap	devin-erp
epc_erp_idempotency_claim	EpcErpIdempotencyClaim	content/shop/finance/epc_erp_concurrency.php	erp_php	774	gap	devin-erp
epc_erp_idempotency_clear	EpcErpIdempotencyClear	content/shop/finance/epc_erp_concurrency.php	erp_php	774	gap	devin-erp
epc_erp_idempotency_get	EpcErpIdempotencyGet	content/shop/finance/epc_erp_concurrency.php	erp_php	774	gap	devin-erp
epc_erp_idempotency_store	EpcErpIdempotencyStore	content/shop/finance/epc_erp_concurrency.php	erp_php	774	gap	devin-erp
epc_erp_version_assert	EpcErpVersionAssert	content/shop/finance/epc_erp_concurrency.php	erp_php	774	gap	devin-erp
epc_erp_version_get	EpcErpVersionGet	content/shop/finance/epc_erp_concurrency.php	erp_php	774	gap	devin-erp
epc_cons_consolidate	EpcConsConsolidate	content/shop/finance/epc_erp_consolidation.php	erp_php	388	mentioned	devin-erp
epc_cons_ensure_schema	EpcConsEnsureSchema	content/shop/finance/epc_erp_consolidation.php	erp_php	388	mentioned	devin-erp
epc_cons_entities_list	EpcConsEntitiesList	content/shop/finance/epc_erp_consolidation.php	erp_php	388	mentioned	devin-erp
epc_cons_figures_map	EpcConsFiguresMap	content/shop/finance/epc_erp_consolidation.php	erp_php	388	mentioned	devin-erp
epc_cons_home_figures	EpcConsHomeFigures	content/shop/finance/epc_erp_consolidation.php	erp_php	388	mentioned	devin-erp
epc_cons_ic_list	EpcConsIcList	content/shop/finance/epc_erp_consolidation.php	erp_php	388	mentioned	devin-erp
epc_cons_live_figures	EpcConsLiveFigures	content/shop/finance/epc_erp_consolidation.php	erp_php	388	mentioned	devin-erp
epc_cons_sync_legal_entities	EpcConsSyncLegalEntities	content/shop/finance/epc_erp_consolidation.php	erp_php	388	mentioned	devin-erp
epc_cw_budget_forecast	EpcCwBudgetForecast	content/shop/finance/epc_erp_contingent_workforce.php	erp_php	430	gap	devin-erp
epc_cw_compliance_matrix	EpcCwComplianceMatrix	content/shop/finance/epc_erp_contingent_workforce.php	erp_php	430	gap	devin-erp
epc_cw_compliance_save	EpcCwComplianceSave	content/shop/finance/epc_erp_contingent_workforce.php	erp_php	430	gap	devin-erp
epc_cw_dashboard	EpcCwDashboard	content/shop/finance/epc_erp_contingent_workforce.php	erp_php	430	gap	devin-erp
epc_cw_engagement_extend	EpcCwEngagementExtend	content/shop/finance/epc_erp_contingent_workforce.php	erp_php	430	gap	devin-erp
epc_cw_engagement_save	EpcCwEngagementSave	content/shop/finance/epc_erp_contingent_workforce.php	erp_php	430	gap	devin-erp
epc_cw_ensure_depth_schema	EpcCwEnsureDepthSchema	content/shop/finance/epc_erp_contingent_workforce.php	erp_php	430	gap	devin-erp
epc_cw_ensure_schema	EpcCwEnsureSchema	content/shop/finance/epc_erp_contingent_workforce.php	erp_php	430	gap	devin-erp
epc_cw_evaluation_save	EpcCwEvaluationSave	content/shop/finance/epc_erp_contingent_workforce.php	erp_php	430	gap	devin-erp
epc_cw_invoice_generate	EpcCwInvoiceGenerate	content/shop/finance/epc_erp_contingent_workforce.php	erp_php	430	gap	devin-erp
epc_cw_offboard	EpcCwOffboard	content/shop/finance/epc_erp_contingent_workforce.php	erp_php	430	gap	devin-erp
epc_cw_onboarding_complete_step	EpcCwOnboardingCompleteStep	content/shop/finance/epc_erp_contingent_workforce.php	erp_php	430	gap	devin-erp
epc_cw_onboarding_progress	EpcCwOnboardingProgress	content/shop/finance/epc_erp_contingent_workforce.php	erp_php	430	gap	devin-erp
epc_cw_onboarding_setup	EpcCwOnboardingSetup	content/shop/finance/epc_erp_contingent_workforce.php	erp_php	430	gap	devin-erp
epc_cw_timesheet_approve	EpcCwTimesheetApprove	content/shop/finance/epc_erp_contingent_workforce.php	erp_php	430	gap	devin-erp
epc_cw_timesheet_reject	EpcCwTimesheetReject	content/shop/finance/epc_erp_contingent_workforce.php	erp_php	430	gap	devin-erp
epc_cw_timesheet_save	EpcCwTimesheetSave	content/shop/finance/epc_erp_contingent_workforce.php	erp_php	430	gap	devin-erp
epc_cw_timesheet_submit	EpcCwTimesheetSubmit	content/shop/finance/epc_erp_contingent_workforce.php	erp_php	430	gap	devin-erp
epc_cw_worker_list	EpcCwWorkerList	content/shop/finance/epc_erp_contingent_workforce.php	erp_php	430	gap	devin-erp
epc_cw_worker_save	EpcCwWorkerSave	content/shop/finance/epc_erp_contingent_workforce.php	erp_php	430	gap	devin-erp
epc_ctr_ensure_schema	EpcCtrEnsureSchema	content/shop/finance/epc_erp_contracts.php	erp_php	178	gap	devin-erp
epc_ctr_get	EpcCtrGet	content/shop/finance/epc_erp_contracts.php	erp_php	178	gap	devin-erp
epc_ctr_list	EpcCtrList	content/shop/finance/epc_erp_contracts.php	erp_php	178	gap	devin-erp
epc_ctr_signatures	EpcCtrSignatures	content/shop/finance/epc_erp_contracts.php	erp_php	178	gap	devin-erp
epc_ctr_summary	EpcCtrSummary	content/shop/finance/epc_erp_contracts.php	erp_php	178	gap	devin-erp
epc_ctl_admin_console	EpcCtlAdminConsole	content/shop/finance/epc_erp_control.php	erp_php	326	gap	devin-erp
epc_ctl_ensure_schema	EpcCtlEnsureSchema	content/shop/finance/epc_erp_control.php	erp_php	326	gap	devin-erp
epc_ctl_fleet_overview	EpcCtlFleetOverview	content/shop/finance/epc_erp_control.php	erp_php	326	gap	devin-erp
epc_ctl_provision_tenant	EpcCtlProvisionTenant	content/shop/finance/epc_erp_control.php	erp_php	326	gap	devin-erp
epc_ctl_set_tenant_status	EpcCtlSetTenantStatus	content/shop/finance/epc_erp_control.php	erp_php	326	gap	devin-erp
epc_ctl_tenant_active	EpcCtlTenantActive	content/shop/finance/epc_erp_control.php	erp_php	326	gap	devin-erp
epc_ctl_tenant_get	EpcCtlTenantGet	content/shop/finance/epc_erp_control.php	erp_php	326	gap	devin-erp
epc_ctl_user_console	EpcCtlUserConsole	content/shop/finance/epc_erp_control.php	erp_php	326	gap	devin-erp
epc_ctl_user_prefs_get	EpcCtlUserPrefsGet	content/shop/finance/epc_erp_control.php	erp_php	326	gap	devin-erp
epc_ctl_user_prefs_save	EpcCtlUserPrefsSave	content/shop/finance/epc_erp_control.php	erp_php	326	gap	devin-erp
epc_costm_closes	EpcCostmCloses	content/shop/finance/epc_erp_cost_models.php	erp_php	343	mentioned	devin-erp
epc_costm_compare	EpcCostmCompare	content/shop/finance/epc_erp_cost_models.php	erp_php	343	mentioned	devin-erp
epc_costm_item_get	EpcCostmItemGet	content/shop/finance/epc_erp_cost_models.php	erp_php	343	mentioned	devin-erp
epc_costm_items	EpcCostmItems	content/shop/finance/epc_erp_cost_models.php	erp_php	343	mentioned	devin-erp
epc_costm_models	EpcCostmModels	content/shop/finance/epc_erp_cost_models.php	erp_php	343	mentioned	devin-erp
epc_costm_summary	EpcCostmSummary	content/shop/finance/epc_erp_cost_models.php	erp_php	343	mentioned	devin-erp
epc_costm_txns	EpcCostmTxns	content/shop/finance/epc_erp_cost_models.php	erp_php	343	mentioned	devin-erp
epc_cc_allocate	EpcCcAllocate	content/shop/finance/epc_erp_costing.php	erp_php	377	gap	devin-erp
epc_cc_ensure_schema	EpcCcEnsureSchema	content/shop/finance/epc_erp_costing.php	erp_php	377	gap	devin-erp
epc_eam_asset_save	EpcEamAssetSave	content/shop/finance/epc_erp_costing.php	erp_php	377	gap	devin-erp
epc_eam_ensure_schema	EpcEamEnsureSchema	content/shop/finance/epc_erp_costing.php	erp_php	377	gap	devin-erp
epc_eam_next_due	EpcEamNextDue	content/shop/finance/epc_erp_costing.php	erp_php	377	gap	devin-erp
epc_eam_plan_save	EpcEamPlanSave	content/shop/finance/epc_erp_costing.php	erp_php	377	gap	devin-erp
epc_eam_wo_complete	EpcEamWoComplete	content/shop/finance/epc_erp_costing.php	erp_php	377	gap	devin-erp
epc_eam_wo_create	EpcEamWoCreate	content/shop/finance/epc_erp_costing.php	erp_php	377	gap	devin-erp
epc_rbt_accrue	EpcRbtAccrue	content/shop/finance/epc_erp_costing.php	erp_php	377	gap	devin-erp
epc_rbt_agreement_save	EpcRbtAgreementSave	content/shop/finance/epc_erp_costing.php	erp_php	377	gap	devin-erp
epc_rbt_ensure_schema	EpcRbtEnsureSchema	content/shop/finance/epc_erp_costing.php	erp_php	377	gap	devin-erp
epc_rbt_tier_rate	EpcRbtTierRate	content/shop/finance/epc_erp_costing.php	erp_php	377	gap	devin-erp
epc_erp_ai_assistant_js_href	EpcErpAiAssistantJsHref	content/shop/finance/epc_erp_cp_shell.php	erp_php	692	gap	devin-erp
epc_erp_ai_assistant_js_script_tag	EpcErpAiAssistantJsScriptTag	content/shop/finance/epc_erp_cp_shell.php	erp_php	692	gap	devin-erp
epc_erp_assert_platform_db_isolation	EpcErpAssertPlatformDbIsolation	content/shop/finance/epc_erp_cp_shell.php	erp_php	692	gap	devin-erp
epc_erp_assert_tenant_db_context	EpcErpAssertTenantDbContext	content/shop/finance/epc_erp_cp_shell.php	erp_php	692	gap	devin-erp
epc_erp_assert_tenant_db_isolation	EpcErpAssertTenantDbIsolation	content/shop/finance/epc_erp_cp_shell.php	erp_php	692	gap	devin-erp
epc_erp_cp_redirect_url	EpcErpCpRedirectUrl	content/shop/finance/epc_erp_cp_shell.php	erp_php	692	gap	devin-erp
epc_erp_cp_route_prefix	EpcErpCpRoutePrefix	content/shop/finance/epc_erp_cp_shell.php	erp_php	692	gap	devin-erp
epc_erp_cp_route_subpath	EpcErpCpRouteSubpath	content/shop/finance/epc_erp_cp_shell.php	erp_php	692	gap	devin-erp
epc_erp_cp_shell_ecom_url	EpcErpCpShellEcomUrl	content/shop/finance/epc_erp_cp_shell.php	erp_php	692	gap	devin-erp
epc_erp_cp_shell_erp_module_url	EpcErpCpShellErpModuleUrl	content/shop/finance/epc_erp_cp_shell.php	erp_php	692	gap	devin-erp
epc_erp_cp_shell_launcher_url	EpcErpCpShellLauncherUrl	content/shop/finance/epc_erp_cp_shell.php	erp_php	692	gap	devin-erp
epc_erp_cp_shell_maybe_redirect	EpcErpCpShellMaybeRedirect	content/shop/finance/epc_erp_cp_shell.php	erp_php	692	gap	devin-erp
epc_erp_cp_shell_maybe_set_cookie	EpcErpCpShellMaybeSetCookie	content/shop/finance/epc_erp_cp_shell.php	erp_php	692	gap	devin-erp
epc_erp_cp_shell_page_redirect	EpcErpCpShellPageRedirect	content/shop/finance/epc_erp_cp_shell.php	erp_php	692	gap	devin-erp
epc_erp_cp_shell_portal_url	EpcErpCpShellPortalUrl	content/shop/finance/epc_erp_cp_shell.php	erp_php	692	gap	devin-erp
epc_erp_cp_shell_preserve_query_keys	EpcErpCpShellPreserveQueryKeys	content/shop/finance/epc_erp_cp_shell.php	erp_php	692	gap	devin-erp
epc_erp_cp_shell_preserve_query_string	EpcErpCpShellPreserveQueryString	content/shop/finance/epc_erp_cp_shell.php	erp_php	692	gap	devin-erp
epc_erp_cp_shell_redirect_destination	EpcErpCpShellRedirectDestination	content/shop/finance/epc_erp_cp_shell.php	erp_php	692	gap	devin-erp
epc_erp_cp_shell_url_with_subpath	EpcErpCpShellUrlWithSubpath	content/shop/finance/epc_erp_cp_shell.php	erp_php	692	gap	devin-erp
epc_erp_cp_shell_use_template	EpcErpCpShellUseTemplate	content/shop/finance/epc_erp_cp_shell.php	erp_php	692	gap	devin-erp
epc_erp_demo_cp_blocks_shell	EpcErpDemoCpBlocksShell	content/shop/finance/epc_erp_cp_shell.php	erp_php	692	gap	devin-erp
epc_erp_is_cp_erp_path	EpcErpIsCpErpPath	content/shop/finance/epc_erp_cp_shell.php	erp_php	692	gap	devin-erp
epc_erp_is_shell_request	EpcErpIsShellRequest	content/shop/finance/epc_erp_cp_shell.php	erp_php	692	gap	devin-erp
epc_erp_isolation_block	EpcErpIsolationBlock	content/shop/finance/epc_erp_cp_shell.php	erp_php	692	gap	devin-erp
epc_erp_rebind_db_link	EpcErpRebindDbLink	content/shop/finance/epc_erp_cp_shell.php	erp_php	692	gap	devin-erp
epc_erp_seed_form_js_href	EpcErpSeedFormJsHref	content/shop/finance/epc_erp_cp_shell.php	erp_php	692	gap	devin-erp
epc_erp_seed_form_js_script_tag	EpcErpSeedFormJsScriptTag	content/shop/finance/epc_erp_cp_shell.php	erp_php	692	gap	devin-erp
epc_erp_shell_append_query	EpcErpShellAppendQuery	content/shop/finance/epc_erp_cp_shell.php	erp_php	692	gap	devin-erp
epc_erp_shell_asset_href	EpcErpShellAssetHref	content/shop/finance/epc_erp_cp_shell.php	erp_php	692	gap	devin-erp
epc_erp_shell_inline_style_block	EpcErpShellInlineStyleBlock	content/shop/finance/epc_erp_cp_shell.php	erp_php	692	gap	devin-erp
epc_erp_shell_link_attrs	EpcErpShellLinkAttrs	content/shop/finance/epc_erp_cp_shell.php	erp_php	692	gap	devin-erp
epc_erp_shell_nav_js_href	EpcErpShellNavJsHref	content/shop/finance/epc_erp_cp_shell.php	erp_php	692	gap	devin-erp
epc_erp_shell_nav_script_tag	EpcErpShellNavScriptTag	content/shop/finance/epc_erp_cp_shell.php	erp_php	692	gap	devin-erp
epc_erp_shell_url_query	EpcErpShellUrlQuery	content/shop/finance/epc_erp_cp_shell.php	erp_php	692	gap	devin-erp
epc_erp_shell_use_asset_proxies	EpcErpShellUseAssetProxies	content/shop/finance/epc_erp_cp_shell.php	erp_php	692	gap	devin-erp
epc_erp_voice_command_js_href	EpcErpVoiceCommandJsHref	content/shop/finance/epc_erp_cp_shell.php	erp_php	692	gap	devin-erp
epc_erp_voice_command_js_script_tag	EpcErpVoiceCommandJsScriptTag	content/shop/finance/epc_erp_cp_shell.php	erp_php	692	gap	devin-erp
epc_credit_ageing	EpcCreditAgeing	content/shop/finance/epc_erp_credit.php	erp_php	375	gap	devin-erp
epc_credit_customer_receipts	EpcCreditCustomerReceipts	content/shop/finance/epc_erp_credit.php	erp_php	375	gap	devin-erp
epc_credit_ensure_schema	EpcCreditEnsureSchema	content/shop/finance/epc_erp_credit.php	erp_php	375	gap	devin-erp
epc_credit_evaluate	EpcCreditEvaluate	content/shop/finance/epc_erp_credit.php	erp_php	375	gap	devin-erp
epc_credit_get_profile	EpcCreditGetProfile	content/shop/finance/epc_erp_credit.php	erp_php	375	gap	devin-erp
epc_credit_set_profile	EpcCreditSetProfile	content/shop/finance/epc_erp_credit.php	erp_php	375	gap	devin-erp
epc_credit_statement	EpcCreditStatement	content/shop/finance/epc_erp_credit.php	erp_php	375	gap	devin-erp
epc_crm_adv_customer_360	EpcCrmAdvCustomer360	content/shop/finance/epc_erp_crm_advanced.php	erp_php	622	mentioned	devin-erp
epc_crm_adv_lead_sources	EpcCrmAdvLeadSources	content/shop/finance/epc_erp_crm_advanced.php	erp_php	622	mentioned	devin-erp
epc_crm_adv_next_actions	EpcCrmAdvNextActions	content/shop/finance/epc_erp_crm_advanced.php	erp_php	622	mentioned	devin-erp
epc_crm_adv_table_exists	EpcCrmAdvTableExists	content/shop/finance/epc_erp_crm_advanced.php	erp_php	622	mentioned	devin-erp
epc_crm_int_connect_salesforce	EpcCrmIntConnectSalesforce	content/shop/finance/epc_erp_crm_integration.php	erp_php	92	gap	devin-erp
epc_crm_int_ensure_schema	EpcCrmIntEnsureSchema	content/shop/finance/epc_erp_crm_integration.php	erp_php	92	gap	devin-erp
epc_crm_int_list	EpcCrmIntList	content/shop/finance/epc_erp_crm_integration.php	erp_php	92	gap	devin-erp
epc_ccy_catalog	EpcCcyCatalog	content/shop/finance/epc_erp_currency.php	erp_php	329	gap	devin-erp
epc_ccy_convert	EpcCcyConvert	content/shop/finance/epc_erp_currency.php	erp_php	329	gap	devin-erp
epc_ccy_ensure_schema	EpcCcyEnsureSchema	content/shop/finance/epc_erp_currency.php	erp_php	329	gap	devin-erp
epc_ccy_format	EpcCcyFormat	content/shop/finance/epc_erp_currency.php	erp_php	329	gap	devin-erp
epc_ccy_fx_gain_loss	EpcCcyFxGainLoss	content/shop/finance/epc_erp_currency.php	erp_php	329	gap	devin-erp
epc_ccy_get_config	EpcCcyGetConfig	content/shop/finance/epc_erp_currency.php	erp_php	329	gap	devin-erp
epc_ccy_info	EpcCcyInfo	content/shop/finance/epc_erp_currency.php	erp_php	329	gap	devin-erp
epc_ccy_rate_raw	EpcCcyRateRaw	content/shop/finance/epc_erp_currency.php	erp_php	329	gap	devin-erp
epc_ccy_set_config	EpcCcySetConfig	content/shop/finance/epc_erp_currency.php	erp_php	329	gap	devin-erp
epc_cust_groups_delete	EpcCustGroupsDelete	content/shop/finance/epc_erp_customer_groups.php	erp_php	77	gap	devin-erp
epc_cust_groups_ensure_schema	EpcCustGroupsEnsureSchema	content/shop/finance/epc_erp_customer_groups.php	erp_php	77	gap	devin-erp
epc_cust_groups_get_customer_group	EpcCustGroupsGetCustomerGroup	content/shop/finance/epc_erp_customer_groups.php	erp_php	77	gap	devin-erp
epc_cust_groups_list	EpcCustGroupsList	content/shop/finance/epc_erp_customer_groups.php	erp_php	77	gap	devin-erp
epc_cust_country_pack	EpcCustCountryPack	content/shop/finance/epc_erp_customs.php	erp_php	316	gap	devin-erp
epc_cust_declaration_save	EpcCustDeclarationSave	content/shop/finance/epc_erp_customs.php	erp_php	316	gap	devin-erp
epc_cust_deposit_add	EpcCustDepositAdd	content/shop/finance/epc_erp_customs.php	erp_php	316	gap	devin-erp
epc_cust_deposit_refund	EpcCustDepositRefund	content/shop/finance/epc_erp_customs.php	erp_php	316	gap	devin-erp
epc_cust_ensure_schema	EpcCustEnsureSchema	content/shop/finance/epc_erp_customs.php	erp_php	316	gap	devin-erp
epc_cust_export_payload	EpcCustExportPayload	content/shop/finance/epc_erp_customs.php	erp_php	316	gap	devin-erp
epc_dash_ap_ageing	EpcDashApAgeing	content/shop/finance/epc_erp_dashboard.php	erp_php	353	gap	devin-erp
epc_dash_ar_ageing	EpcDashArAgeing	content/shop/finance/epc_erp_dashboard.php	erp_php	353	gap	devin-erp
epc_dash_cash	EpcDashCash	content/shop/finance/epc_erp_dashboard.php	erp_php	353	gap	devin-erp
epc_dash_chart	EpcDashChart	content/shop/finance/epc_erp_dashboard.php	erp_php	353	gap	devin-erp
epc_dash_executive	EpcDashExecutive	content/shop/finance/epc_erp_dashboard.php	erp_php	353	gap	devin-erp
epc_dash_expense_breakdown	EpcDashExpenseBreakdown	content/shop/finance/epc_erp_dashboard.php	erp_php	353	gap	devin-erp
epc_dash_group_sum	EpcDashGroupSum	content/shop/finance/epc_erp_dashboard.php	erp_php	353	gap	devin-erp
epc_dash_inventory_ageing	EpcDashInventoryAgeing	content/shop/finance/epc_erp_dashboard.php	erp_php	353	gap	devin-erp
epc_dash_inventory_turnover	EpcDashInventoryTurnover	content/shop/finance/epc_erp_dashboard.php	erp_php	353	gap	devin-erp
epc_dash_sales	EpcDashSales	content/shop/finance/epc_erp_dashboard.php	erp_php	353	gap	devin-erp
epc_dash_tile	EpcDashTile	content/shop/finance/epc_erp_dashboard.php	erp_php	353	gap	devin-erp
epc_erp_dashboard_can	EpcErpDashboardCan	content/shop/finance/epc_erp_dashboard_profiles.php	erp_php	359	gap	devin-erp
epc_erp_dashboard_dept_default_map	EpcErpDashboardDeptDefaultMap	content/shop/finance/epc_erp_dashboard_profiles.php	erp_php	359	gap	devin-erp
epc_erp_dashboard_profile_from_job_title	EpcErpDashboardProfileFromJobTitle	content/shop/finance/epc_erp_dashboard_profiles.php	erp_php	359	gap	devin-erp
epc_erp_dashboard_profile_meta	EpcErpDashboardProfileMeta	content/shop/finance/epc_erp_dashboard_profiles.php	erp_php	359	gap	devin-erp
epc_erp_dashboard_profile_set	EpcErpDashboardProfileSet	content/shop/finance/epc_erp_dashboard_profiles.php	erp_php	359	gap	devin-erp
epc_erp_dashboard_profiles_config	EpcErpDashboardProfilesConfig	content/shop/finance/epc_erp_dashboard_profiles.php	erp_php	359	gap	devin-erp
epc_erp_dashboard_profiles_ensure_schema	EpcErpDashboardProfilesEnsureSchema	content/shop/finance/epc_erp_dashboard_profiles.php	erp_php	359	gap	devin-erp
epc_erp_dashboard_resolve_profile	EpcErpDashboardResolveProfile	content/shop/finance/epc_erp_dashboard_profiles.php	erp_php	359	gap	devin-erp
epc_erp_dashboard_staff_context	EpcErpDashboardStaffContext	content/shop/finance/epc_erp_dashboard_profiles.php	erp_php	359	gap	devin-erp
epc_data_mig_ensure_schema	EpcDataMigEnsureSchema	content/shop/finance/epc_erp_data_migration.php	erp_php	154	gap	devin-erp
epc_data_mig_get_templates	EpcDataMigGetTemplates	content/shop/finance/epc_erp_data_migration.php	erp_php	154	gap	devin-erp
epc_data_mig_parse_csv	EpcDataMigParseCsv	content/shop/finance/epc_erp_data_migration.php	erp_php	154	gap	devin-erp
epc_data_mig_upload	EpcDataMigUpload	content/shop/finance/epc_erp_data_migration.php	erp_php	154	gap	devin-erp
epc_data_mig_validate	EpcDataMigValidate	content/shop/finance/epc_erp_data_migration.php	erp_php	154	gap	devin-erp
epc_dataio_csv_cell	EpcDataioCsvCell	content/shop/finance/epc_erp_dataio.php	erp_php	305	gap	devin-erp
epc_dataio_export_csv	EpcDataioExportCsv	content/shop/finance/epc_erp_dataio.php	erp_php	305	gap	devin-erp
epc_dataio_import	EpcDataioImport	content/shop/finance/epc_erp_dataio.php	erp_php	305	gap	devin-erp
epc_dataio_spec	EpcDataioSpec	content/shop/finance/epc_erp_dataio.php	erp_php	305	gap	devin-erp
epc_dataio_specs	EpcDataioSpecs	content/shop/finance/epc_erp_dataio.php	erp_php	305	gap	devin-erp
epc_dataio_template	EpcDataioTemplate	content/shop/finance/epc_erp_dataio.php	erp_php	305	gap	devin-erp
epc_dataio_validate_value	EpcDataioValidateValue	content/shop/finance/epc_erp_dataio.php	erp_php	305	gap	devin-erp
epc_dl_columns	EpcDlColumns	content/shop/finance/epc_erp_datalink.php	erp_php	624	gap	devin-erp
epc_dl_customer_ar	EpcDlCustomerAr	content/shop/finance/epc_erp_datalink.php	erp_php	624	gap	devin-erp
epc_dl_customer_name	EpcDlCustomerName	content/shop/finance/epc_erp_datalink.php	erp_php	624	gap	devin-erp
epc_dl_customers	EpcDlCustomers	content/shop/finance/epc_erp_datalink.php	erp_php	624	gap	devin-erp
epc_dl_has_col	EpcDlHasCol	content/shop/finance/epc_erp_datalink.php	erp_php	624	gap	devin-erp
epc_dl_link_order	EpcDlLinkOrder	content/shop/finance/epc_erp_datalink.php	erp_php	624	gap	devin-erp
epc_dl_link_report	EpcDlLinkReport	content/shop/finance/epc_erp_datalink.php	erp_php	624	gap	devin-erp
epc_dl_num	EpcDlNum	content/shop/finance/epc_erp_datalink.php	erp_php	624	gap	devin-erp
epc_dl_order_lines	EpcDlOrderLines	content/shop/finance/epc_erp_datalink.php	erp_php	624	gap	devin-erp
epc_dl_orders	EpcDlOrders	content/shop/finance/epc_erp_datalink.php	erp_php	624	gap	devin-erp
epc_dl_products	EpcDlProducts	content/shop/finance/epc_erp_datalink.php	erp_php	624	gap	devin-erp
epc_dl_profiles	EpcDlProfiles	content/shop/finance/epc_erp_datalink.php	erp_php	624	gap	devin-erp
epc_dl_sales_summary	EpcDlSalesSummary	content/shop/finance/epc_erp_datalink.php	erp_php	624	gap	devin-erp
epc_dl_sync_orders	EpcDlSyncOrders	content/shop/finance/epc_erp_datalink.php	erp_php	624	gap	devin-erp
epc_dl_table_exists	EpcDlTableExists	content/shop/finance/epc_erp_datalink.php	erp_php	624	gap	devin-erp
epc_erp_integrity_column_type	EpcErpIntegrityColumnType	content/shop/finance/epc_erp_db_integrity.php	erp_php	176	mentioned	devin-erp
epc_erp_integrity_has_fk	EpcErpIntegrityHasFk	content/shop/finance/epc_erp_db_integrity.php	erp_php	176	mentioned	devin-erp
epc_erp_integrity_has_index	EpcErpIntegrityHasIndex	content/shop/finance/epc_erp_db_integrity.php	erp_php	176	mentioned	devin-erp
epc_erp_integrity_orphan_count	EpcErpIntegrityOrphanCount	content/shop/finance/epc_erp_db_integrity.php	erp_php	176	mentioned	devin-erp
epc_erp_integrity_table_exists	EpcErpIntegrityTableExists	content/shop/finance/epc_erp_db_integrity.php	erp_php	176	mentioned	devin-erp
epc_demo_all_kpis	EpcDemoAllKpis	content/shop/finance/epc_erp_demo.php	erp_php	200	mentioned	devin-erp
epc_demo_dataset	EpcDemoDataset	content/shop/finance/epc_erp_demo.php	erp_php	200	mentioned	devin-erp
epc_demo_industries	EpcDemoIndustries	content/shop/finance/epc_erp_demo.php	erp_php	200	mentioned	devin-erp
epc_demo_sales_finish_status	EpcDemoSalesFinishStatus	content/shop/finance/epc_erp_demo_sales.php	erp_php	144	mentioned	devin-erp
epc_erp_dim_badges	EpcErpDimBadges	content/shop/finance/epc_erp_dimensions.php	erp_php	333	gap	devin-erp
epc_erp_dim_badges_render	EpcErpDimBadgesRender	content/shop/finance/epc_erp_dimensions.php	erp_php	333	gap	devin-erp
epc_erp_dim_current	EpcErpDimCurrent	content/shop/finance/epc_erp_dimensions.php	erp_php	333	gap	devin-erp
epc_erp_dim_ensure_schema	EpcErpDimEnsureSchema	content/shop/finance/epc_erp_dimensions.php	erp_php	333	gap	devin-erp
epc_erp_dim_entity_ids	EpcErpDimEntityIds	content/shop/finance/epc_erp_dimensions.php	erp_php	333	gap	devin-erp
epc_erp_dim_key_label	EpcErpDimKeyLabel	content/shop/finance/epc_erp_dimensions.php	erp_php	333	gap	devin-erp
epc_erp_dim_load	EpcErpDimLoad	content/shop/finance/epc_erp_dimensions.php	erp_php	333	gap	devin-erp
epc_erp_dim_load_bulk	EpcErpDimLoadBulk	content/shop/finance/epc_erp_dimensions.php	erp_php	333	gap	devin-erp
epc_erp_dim_render_fields	EpcErpDimRenderFields	content/shop/finance/epc_erp_dimensions.php	erp_php	333	gap	devin-erp
epc_erp_dim_specs	EpcErpDimSpecs	content/shop/finance/epc_erp_dimensions.php	erp_php	333	gap	devin-erp
epc_erp_dim_summary	EpcErpDimSummary	content/shop/finance/epc_erp_dimensions.php	erp_php	333	gap	devin-erp
epc_doc_attach_delete	EpcDocAttachDelete	content/shop/finance/epc_erp_doc_attachment.php	erp_php	97	gap	devin-erp
epc_doc_attach_ensure_schema	EpcDocAttachEnsureSchema	content/shop/finance/epc_erp_doc_attachment.php	erp_php	97	gap	devin-erp
epc_doc_attach_list	EpcDocAttachList	content/shop/finance/epc_erp_doc_attachment.php	erp_php	97	gap	devin-erp
epc_doc_attach_render_button	EpcDocAttachRenderButton	content/shop/finance/epc_erp_doc_attachment.php	erp_php	97	gap	devin-erp
epc_doc_attach_upload	EpcDocAttachUpload	content/shop/finance/epc_erp_doc_attachment.php	erp_php	97	gap	devin-erp
epc_docx_categories	EpcDocxCategories	content/shop/finance/epc_erp_doc_expiry.php	erp_php	581	mentioned	devin-erp
epc_docx_country_profile	EpcDocxCountryProfile	content/shop/finance/epc_erp_doc_expiry.php	erp_php	581	mentioned	devin-erp
epc_docx_delete_source	EpcDocxDeleteSource	content/shop/finance/epc_erp_doc_expiry.php	erp_php	581	mentioned	devin-erp
epc_docx_ensure_schema	EpcDocxEnsureSchema	content/shop/finance/epc_erp_doc_expiry.php	erp_php	581	mentioned	devin-erp
epc_docx_get	EpcDocxGet	content/shop/finance/epc_erp_doc_expiry.php	erp_php	581	mentioned	devin-erp
epc_docx_list	EpcDocxList	content/shop/finance/epc_erp_doc_expiry.php	erp_php	581	mentioned	devin-erp
epc_docx_reminders_sent	EpcDocxRemindersSent	content/shop/finance/epc_erp_doc_expiry.php	erp_php	581	mentioned	devin-erp
epc_docx_resolve_country	EpcDocxResolveCountry	content/shop/finance/epc_erp_doc_expiry.php	erp_php	581	mentioned	devin-erp
epc_docx_send_email	EpcDocxSendEmail	content/shop/finance/epc_erp_doc_expiry.php	erp_php	581	mentioned	devin-erp
epc_docx_summary	EpcDocxSummary	content/shop/finance/epc_erp_doc_expiry.php	erp_php	581	mentioned	devin-erp
epc_docx_upsert_source	EpcDocxUpsertSource	content/shop/finance/epc_erp_doc_expiry.php	erp_php	581	mentioned	devin-erp
epc_erp_cash_voucher_amend	EpcErpCashVoucherAmend	content/shop/finance/epc_erp_doc_lifecycle.php	erp_php	664	mentioned	devin-erp
epc_erp_cash_voucher_void	EpcErpCashVoucherVoid	content/shop/finance/epc_erp_doc_lifecycle.php	erp_php	664	mentioned	devin-erp
epc_erp_doc_actions_html	EpcErpDocActionsHtml	content/shop/finance/epc_erp_doc_lifecycle.php	erp_php	664	mentioned	devin-erp
epc_erp_doc_can_amend	EpcErpDocCanAmend	content/shop/finance/epc_erp_doc_lifecycle.php	erp_php	664	mentioned	devin-erp
epc_erp_doc_can_delete	EpcErpDocCanDelete	content/shop/finance/epc_erp_doc_lifecycle.php	erp_php	664	mentioned	devin-erp
epc_erp_doc_can_edit	EpcErpDocCanEdit	content/shop/finance/epc_erp_doc_lifecycle.php	erp_php	664	mentioned	devin-erp
epc_erp_doc_can_void	EpcErpDocCanVoid	content/shop/finance/epc_erp_doc_lifecycle.php	erp_php	664	mentioned	devin-erp
epc_erp_invoice_cancel	EpcErpInvoiceCancel	content/shop/finance/epc_erp_doc_lifecycle.php	erp_php	664	mentioned	devin-erp
epc_erp_invoice_delete	EpcErpInvoiceDelete	content/shop/finance/epc_erp_doc_lifecycle.php	erp_php	664	mentioned	devin-erp
epc_erp_purchase_delete	EpcErpPurchaseDelete	content/shop/finance/epc_erp_doc_lifecycle.php	erp_php	664	mentioned	devin-erp
epc_erp_purchase_void	EpcErpPurchaseVoid	content/shop/finance/epc_erp_doc_lifecycle.php	erp_php	664	mentioned	devin-erp
epc_erp_sales_order_cancel	EpcErpSalesOrderCancel	content/shop/finance/epc_erp_doc_lifecycle.php	erp_php	664	mentioned	devin-erp
epc_drilldown_default_config	EpcDrilldownDefaultConfig	content/shop/finance/epc_erp_drilldown.php	erp_php	71	gap	devin-erp
epc_drilldown_ensure_schema	EpcDrilldownEnsureSchema	content/shop/finance/epc_erp_drilldown.php	erp_php	71	gap	devin-erp
epc_drilldown_get_invoices	EpcDrilldownGetInvoices	content/shop/finance/epc_erp_drilldown.php	erp_php	71	gap	devin-erp
epc_drilldown_get_journal_entries	EpcDrilldownGetJournalEntries	content/shop/finance/epc_erp_drilldown.php	erp_php	71	gap	devin-erp
epc_drilldown_render_link	EpcDrilldownRenderLink	content/shop/finance/epc_erp_drilldown.php	erp_php	71	gap	devin-erp
epc_ec_advance_documents	EpcEcAdvanceDocuments	content/shop/finance/epc_erp_ecommerce.php	erp_php	298	gap	devin-erp
epc_ec_availability	EpcEcAvailability	content/shop/finance/epc_erp_ecommerce.php	erp_php	298	gap	devin-erp
epc_ec_compute_order	EpcEcComputeOrder	content/shop/finance/epc_erp_ecommerce.php	erp_php	298	gap	devin-erp
epc_ec_credit_check	EpcEcCreditCheck	content/shop/finance/epc_erp_ecommerce.php	erp_php	298	gap	devin-erp
epc_ec_customer_portal	EpcEcCustomerPortal	content/shop/finance/epc_erp_ecommerce.php	erp_php	298	gap	devin-erp
epc_ec_ensure_schema	EpcEcEnsureSchema	content/shop/finance/epc_erp_ecommerce.php	erp_php	298	gap	devin-erp
epc_ec_intake_order	EpcEcIntakeOrder	content/shop/finance/epc_erp_ecommerce.php	erp_php	298	gap	devin-erp
epc_ec_mark_paid	EpcEcMarkPaid	content/shop/finance/epc_erp_ecommerce.php	erp_php	298	gap	devin-erp
epc_ec_storefront_price	EpcEcStorefrontPrice	content/shop/finance/epc_erp_ecommerce.php	erp_php	298	gap	devin-erp
epc_ecom_int_connect	EpcEcomIntConnect	content/shop/finance/epc_erp_ecommerce_integration.php	erp_php	132	gap	devin-erp
epc_ecom_int_ensure_schema	EpcEcomIntEnsureSchema	content/shop/finance/epc_erp_ecommerce_integration.php	erp_php	132	gap	devin-erp
epc_ecom_int_list_connections	EpcEcomIntListConnections	content/shop/finance/epc_erp_ecommerce_integration.php	erp_php	132	gap	devin-erp
epc_ecom_int_sync_orders_shopify	EpcEcomIntSyncOrdersShopify	content/shop/finance/epc_erp_ecommerce_integration.php	erp_php	132	gap	devin-erp
epc_ehs_chemical_save	EpcEhsChemicalSave	content/shop/finance/epc_erp_ehs.php	erp_php	444	gap	devin-erp
epc_ehs_corrective_action_complete	EpcEhsCorrectiveActionComplete	content/shop/finance/epc_erp_ehs.php	erp_php	444	gap	devin-erp
epc_ehs_corrective_action_save	EpcEhsCorrectiveActionSave	content/shop/finance/epc_erp_ehs.php	erp_php	444	gap	devin-erp
epc_ehs_dashboard	EpcEhsDashboard	content/shop/finance/epc_erp_ehs.php	erp_php	444	gap	devin-erp
epc_ehs_emergency_plan_save	EpcEhsEmergencyPlanSave	content/shop/finance/epc_erp_ehs.php	erp_php	444	gap	devin-erp
epc_ehs_ensure_depth_schema	EpcEhsEnsureDepthSchema	content/shop/finance/epc_erp_ehs.php	erp_php	444	gap	devin-erp
epc_ehs_ensure_schema	EpcEhsEnsureSchema	content/shop/finance/epc_erp_ehs.php	erp_php	444	gap	devin-erp
epc_ehs_incident_close	EpcEhsIncidentClose	content/shop/finance/epc_erp_ehs.php	erp_php	444	gap	devin-erp
epc_ehs_incident_list	EpcEhsIncidentList	content/shop/finance/epc_erp_ehs.php	erp_php	444	gap	devin-erp
epc_ehs_incident_save	EpcEhsIncidentSave	content/shop/finance/epc_erp_ehs.php	erp_php	444	gap	devin-erp
epc_ehs_inspection_list	EpcEhsInspectionList	content/shop/finance/epc_erp_ehs.php	erp_php	444	gap	devin-erp
epc_ehs_inspection_save	EpcEhsInspectionSave	content/shop/finance/epc_erp_ehs.php	erp_php	444	gap	devin-erp
epc_ehs_ltifr	EpcEhsLtifr	content/shop/finance/epc_erp_ehs.php	erp_php	444	gap	devin-erp
epc_ehs_observation_save	EpcEhsObservationSave	content/shop/finance/epc_erp_ehs.php	erp_php	444	gap	devin-erp
epc_ehs_permit_approve	EpcEhsPermitApprove	content/shop/finance/epc_erp_ehs.php	erp_php	444	gap	devin-erp
epc_ehs_permit_save	EpcEhsPermitSave	content/shop/finance/epc_erp_ehs.php	erp_php	444	gap	devin-erp
epc_ehs_ppe_expiring	EpcEhsPpeExpiring	content/shop/finance/epc_erp_ehs.php	erp_php	444	gap	devin-erp
epc_ehs_ppe_issue	EpcEhsPpeIssue	content/shop/finance/epc_erp_ehs.php	erp_php	444	gap	devin-erp
epc_ehs_risk_matrix_render	EpcEhsRiskMatrixRender	content/shop/finance/epc_erp_ehs.php	erp_php	444	gap	devin-erp
epc_ehs_risk_save	EpcEhsRiskSave	content/shop/finance/epc_erp_ehs.php	erp_php	444	gap	devin-erp
epc_ehs_training_matrix	EpcEhsTrainingMatrix	content/shop/finance/epc_erp_ehs.php	erp_php	444	gap	devin-erp
epc_ehs_training_save	EpcEhsTrainingSave	content/shop/finance/epc_erp_ehs.php	erp_php	444	gap	devin-erp
epc_einv_asp_config	EpcEinvAspConfig	content/shop/finance/epc_erp_einvoice.php	erp_php	423	gap	devin-erp
epc_einv_asp_poll_status	EpcEinvAspPollStatus	content/shop/finance/epc_erp_einvoice.php	erp_php	423	gap	devin-erp
epc_einv_asp_submit	EpcEinvAspSubmit	content/shop/finance/epc_erp_einvoice.php	erp_php	423	gap	devin-erp
epc_einv_build	EpcEinvBuild	content/shop/finance/epc_erp_einvoice.php	erp_php	423	gap	devin-erp
epc_einv_country_profile	EpcEinvCountryProfile	content/shop/finance/epc_erp_einvoice.php	erp_php	423	gap	devin-erp
epc_einv_credit_note_381	EpcEinvCreditNote381	content/shop/finance/epc_erp_einvoice.php	erp_php	423	gap	devin-erp
epc_einv_ensure_schema	EpcEinvEnsureSchema	content/shop/finance/epc_erp_einvoice.php	erp_php	423	gap	devin-erp
epc_einv_submission_history	EpcEinvSubmissionHistory	content/shop/finance/epc_erp_einvoice.php	erp_php	423	gap	devin-erp
epc_einv_to_json	EpcEinvToJson	content/shop/finance/epc_erp_einvoice.php	erp_php	423	gap	devin-erp
epc_einv_track_submission	EpcEinvTrackSubmission	content/shop/finance/epc_erp_einvoice.php	erp_php	423	gap	devin-erp
epc_einv_validate	EpcEinvValidate	content/shop/finance/epc_erp_einvoice.php	erp_php	423	gap	devin-erp
epc_er_csv_cell	EpcErCsvCell	content/shop/finance/epc_erp_elec_reporting.php	erp_js	254	gap	devin-erp
epc_er_ensure_schema	EpcErEnsureSchema	content/shop/finance/epc_erp_elec_reporting.php	erp_php	254	gap	devin-erp
epc_er_fields	EpcErFields	content/shop/finance/epc_erp_elec_reporting.php	erp_php	254	gap	devin-erp
epc_er_format_get	EpcErFormatGet	content/shop/finance/epc_erp_elec_reporting.php	erp_php	254	gap	devin-erp
epc_er_formats	EpcErFormats	content/shop/finance/epc_erp_elec_reporting.php	erp_php	254	gap	devin-erp
epc_er_generate	EpcErGenerate	content/shop/finance/epc_erp_elec_reporting.php	erp_js	254	gap	devin-erp
epc_er_render	EpcErRender	content/shop/finance/epc_erp_elec_reporting.php	erp_php	254	gap	devin-erp
epc_er_run_get	EpcErRunGet	content/shop/finance/epc_erp_elec_reporting.php	erp_js	254	gap	devin-erp
epc_er_runs	EpcErRuns	content/shop/finance/epc_erp_elec_reporting.php	erp_js	254	gap	devin-erp
epc_asset_disposal	EpcAssetDisposal	content/shop/finance/epc_erp_enterprise.php	erp_php	227	gap	devin-erp
epc_atp	EpcAtp	content/shop/finance/epc_erp_enterprise.php	erp_php	227	gap	devin-erp
epc_consolidation_eliminate	EpcConsolidationEliminate	content/shop/finance/epc_erp_enterprise.php	erp_php	227	gap	devin-erp
epc_depreciation_schedule	EpcDepreciationSchedule	content/shop/finance/epc_erp_enterprise.php	erp_php	227	gap	devin-erp
epc_intercompany_entry	EpcIntercompanyEntry	content/shop/finance/epc_erp_enterprise.php	erp_php	227	gap	devin-erp
epc_mrp_net_requirement	EpcMrpNetRequirement	content/shop/finance/epc_erp_enterprise.php	erp_php	227	gap	devin-erp
epc_mrp_run	EpcMrpRun	content/shop/finance/epc_erp_enterprise.php	erp_php	227	gap	devin-erp
epc_exec_ar_aging	EpcExecArAging	content/shop/finance/epc_erp_exec_dashboard.php	erp_php	221	gap	devin-erp
epc_exec_cash_flow_forecast	EpcExecCashFlowForecast	content/shop/finance/epc_erp_exec_dashboard.php	erp_php	221	gap	devin-erp
epc_exec_planning_alerts	EpcExecPlanningAlerts	content/shop/finance/epc_erp_exec_dashboard.php	erp_php	221	gap	devin-erp
epc_exec_top_suppliers	EpcExecTopSuppliers	content/shop/finance/epc_erp_exec_dashboard.php	erp_php	221	gap	devin-erp
epc_exec_trend	EpcExecTrend	content/shop/finance/epc_erp_exec_dashboard.php	erp_php	221	gap	devin-erp
epc_exec_working_capital	EpcExecWorkingCapital	content/shop/finance/epc_erp_exec_dashboard.php	erp_php	221	gap	devin-erp
epc_erp_agenda_list	EpcErpAgendaList	content/shop/finance/epc_erp_extended.php	erp_php	647	mentioned	devin-erp
epc_erp_bom_from_inventory	EpcErpBomFromInventory	content/shop/finance/epc_erp_extended.php	erp_php	647	mentioned	devin-erp
epc_erp_kb_list	EpcErpKbList	content/shop/finance/epc_erp_extended.php	erp_php	647	mentioned	devin-erp
epc_erp_kb_seed_defaults	EpcErpKbSeedDefaults	content/shop/finance/epc_erp_extended.php	erp_php	647	mentioned	devin-erp
epc_erp_multi_entity_enabled	EpcErpMultiEntityEnabled	content/shop/finance/epc_erp_extended.php	erp_php	647	mentioned	devin-erp
epc_erp_notification_seed	EpcErpNotificationSeed	content/shop/finance/epc_erp_extended.php	erp_php	647	mentioned	devin-erp
epc_erp_notifications_list	EpcErpNotificationsList	content/shop/finance/epc_erp_extended.php	erp_php	647	mentioned	devin-erp
epc_erp_notifications_unread_count	EpcErpNotificationsUnreadCount	content/shop/finance/epc_erp_extended.php	erp_php	647	mentioned	devin-erp
epc_erp_payment_batch_save	EpcErpPaymentBatchSave	content/shop/finance/epc_erp_extended.php	erp_php	647	mentioned	devin-erp
epc_erp_payment_batches_list	EpcErpPaymentBatchesList	content/shop/finance/epc_erp_extended.php	erp_php	647	mentioned	devin-erp
epc_erp_petty_cash_list	EpcErpPettyCashList	content/shop/finance/epc_erp_extended.php	erp_php	647	mentioned	devin-erp
epc_erp_petty_cash_save	EpcErpPettyCashSave	content/shop/finance/epc_erp_extended.php	erp_php	647	mentioned	devin-erp
epc_erp_platform_setting_set	EpcErpPlatformSettingSet	content/shop/finance/epc_erp_extended.php	erp_php	647	mentioned	devin-erp
epc_erp_po_list	EpcErpPoList	content/shop/finance/epc_erp_extended.php	erp_php	647	mentioned	devin-erp
epc_erp_proposals_list	EpcErpProposalsList	content/shop/finance/epc_erp_extended.php	erp_php	647	mentioned	devin-erp
epc_erp_three_way_match_rows	EpcErpThreeWayMatchRows	content/shop/finance/epc_erp_extended.php	erp_php	647	mentioned	devin-erp
epc_ext_authority	EpcExtAuthority	content/shop/finance/epc_erp_external_reports.php	erp_php	764	gap	devin-erp
epc_ext_country_name	EpcExtCountryName	content/shop/finance/epc_erp_external_reports.php	erp_php	764	gap	devin-erp
epc_ext_domain_for_category	EpcExtDomainForCategory	content/shop/finance/epc_erp_external_reports.php	erp_php	764	gap	devin-erp
epc_ext_ifrs_link	EpcExtIfrsLink	content/shop/finance/epc_erp_external_reports.php	erp_php	764	gap	devin-erp
epc_ext_period_bases	EpcExtPeriodBases	content/shop/finance/epc_erp_external_reports.php	erp_php	764	gap	devin-erp
epc_ext_report_frequency	EpcExtReportFrequency	content/shop/finance/epc_erp_external_reports.php	erp_php	764	gap	devin-erp
epc_ext_report_get	EpcExtReportGet	content/shop/finance/epc_erp_external_reports.php	erp_php	764	gap	devin-erp
epc_ext_report_key	EpcExtReportKey	content/shop/finance/epc_erp_external_reports.php	erp_php	764	gap	devin-erp
epc_ext_report_links	EpcExtReportLinks	content/shop/finance/epc_erp_external_reports.php	erp_php	764	gap	devin-erp
epc_ext_report_period_type	EpcExtReportPeriodType	content/shop/finance/epc_erp_external_reports.php	erp_php	764	gap	devin-erp
epc_ext_reports_categories	EpcExtReportsCategories	content/shop/finance/epc_erp_external_reports.php	erp_php	764	gap	devin-erp
epc_ext_reports_registry	EpcExtReportsRegistry	content/shop/finance/epc_erp_external_reports.php	erp_php	764	gap	devin-erp
epc_ext_resolve_period	EpcExtResolvePeriod	content/shop/finance/epc_erp_external_reports.php	erp_php	764	gap	devin-erp
epc_ext_aml_guide_rows	EpcExtAmlGuideRows	content/shop/finance/epc_erp_external_reports_build.php	erp_php	8497	gap	devin-erp
epc_ext_audit_guide_rows	EpcExtAuditGuideRows	content/shop/finance/epc_erp_external_reports_build.php	erp_php	8497	gap	devin-erp
epc_ext_b_afs	EpcExtBAfs	content/shop/finance/epc_erp_external_reports_build.php	erp_php	8497	gap	devin-erp
epc_ext_b_aml	EpcExtBAml	content/shop/finance/epc_erp_external_reports_build.php	erp_php	8497	gap	devin-erp
epc_ext_b_audit	EpcExtBAudit	content/shop/finance/epc_erp_external_reports_build.php	erp_php	8497	gap	devin-erp
epc_ext_b_cbcr	EpcExtBCbcr	content/shop/finance/epc_erp_external_reports_build.php	erp_php	8497	gap	devin-erp
epc_ext_b_census	EpcExtBCensus	content/shop/finance/epc_erp_external_reports_build.php	erp_php	8497	gap	devin-erp
epc_ext_b_ct	EpcExtBCt	content/shop/finance/epc_erp_external_reports_build.php	erp_php	8497	gap	devin-erp
epc_ext_b_ct_summary	EpcExtBCtSummary	content/shop/finance/epc_erp_external_reports_build.php	erp_js	8497	gap	devin-erp
epc_ext_b_eos	EpcExtBEos	content/shop/finance/epc_erp_external_reports_build.php	erp_php	8497	gap	devin-erp
epc_ext_b_esr	EpcExtBEsr	content/shop/finance/epc_erp_external_reports_build.php	erp_php	8497	gap	devin-erp
epc_ext_b_fin_summary	EpcExtBFinSummary	content/shop/finance/epc_erp_external_reports_build.php	erp_js	8497	gap	devin-erp
epc_ext_b_finmodel	EpcExtBFinmodel	content/shop/finance/epc_erp_external_reports_build.php	erp_js	8497	gap	devin-erp
epc_ext_b_payroll	EpcExtBPayroll	content/shop/finance/epc_erp_external_reports_build.php	erp_php	8497	gap	devin-erp
epc_ext_b_template	EpcExtBTemplate	content/shop/finance/epc_erp_external_reports_build.php	erp_php	8497	gap	devin-erp
epc_ext_b_ubo	EpcExtBUbo	content/shop/finance/epc_erp_external_reports_build.php	erp_php	8497	gap	devin-erp
epc_ext_b_valuation	EpcExtBValuation	content/shop/finance/epc_erp_external_reports_build.php	erp_js	8497	gap	devin-erp
epc_ext_b_vat	EpcExtBVat	content/shop/finance/epc_erp_external_reports_build.php	erp_php	8497	gap	devin-erp
epc_ext_b_vat_generic	EpcExtBVatGeneric	content/shop/finance/epc_erp_external_reports_build.php	erp_php	8497	gap	devin-erp
epc_ext_b_vat_summary	EpcExtBVatSummary	content/shop/finance/epc_erp_external_reports_build.php	erp_js	8497	gap	devin-erp
epc_ext_b_wps	EpcExtBWps	content/shop/finance/epc_erp_external_reports_build.php	erp_php	8497	gap	devin-erp
epc_ext_box_invoices	EpcExtBoxInvoices	content/shop/finance/epc_erp_external_reports_build.php	erp_php	8497	gap	devin-erp
epc_ext_ccy	EpcExtCcy	content/shop/finance/epc_erp_external_reports_build.php	erp_php	8497	gap	devin-erp
epc_ext_company	EpcExtCompany	content/shop/finance/epc_erp_external_reports_build.php	erp_php	8497	gap	devin-erp
epc_ext_csv_cell	EpcExtCsvCell	content/shop/finance/epc_erp_external_reports_build.php	erp_php	8497	gap	devin-erp
epc_ext_csv_download_js	EpcExtCsvDownloadJs	content/shop/finance/epc_erp_external_reports_build.php	erp_php	8497	gap	devin-erp
epc_ext_ct_drill_js	EpcExtCtDrillJs	content/shop/finance/epc_erp_external_reports_build.php	erp_php	8497	gap	devin-erp
epc_ext_ct_group_html	EpcExtCtGroupHtml	content/shop/finance/epc_erp_external_reports_build.php	erp_php	8497	gap	devin-erp
epc_ext_ct_guide_rows	EpcExtCtGuideRows	content/shop/finance/epc_erp_external_reports_build.php	erp_php	8497	gap	devin-erp
epc_ext_ct_rule	EpcExtCtRule	content/shop/finance/epc_erp_external_reports_build.php	erp_php	8497	gap	devin-erp
epc_ext_ct_schedule_data	EpcExtCtScheduleData	content/shop/finance/epc_erp_external_reports_build.php	erp_php	8497	gap	devin-erp
epc_ext_ct_schedule_row	EpcExtCtScheduleRow	content/shop/finance/epc_erp_external_reports_build.php	erp_php	8497	gap	devin-erp
epc_ext_ct_schedules_html	EpcExtCtSchedulesHtml	content/shop/finance/epc_erp_external_reports_build.php	erp_php	8497	gap	devin-erp
epc_ext_ct_txns	EpcExtCtTxns	content/shop/finance/epc_erp_external_reports_build.php	erp_php	8497	gap	devin-erp
epc_ext_data_table	EpcExtDataTable	content/shop/finance/epc_erp_external_reports_build.php	erp_php	8497	gap	devin-erp
epc_ext_fin_line_spec	EpcExtFinLineSpec	content/shop/finance/epc_erp_external_reports_build.php	erp_js	8497	gap	devin-erp
epc_ext_ifrs18_applies	EpcExtIfrs18Applies	content/shop/finance/epc_erp_external_reports_build.php	erp_php	8497	gap	devin-erp
epc_ext_ifrs_explain	EpcExtIfrsExplain	content/shop/finance/epc_erp_external_reports_build.php	erp_php	8497	gap	devin-erp
epc_ext_import_template_csv	EpcExtImportTemplateCsv	content/shop/finance/epc_erp_external_reports_build.php	erp_php	8497	gap	devin-erp
epc_ext_import_template_sheets	EpcExtImportTemplateSheets	content/shop/finance/epc_erp_external_reports_build.php	erp_js	8497	gap	devin-erp
epc_ext_import_template_xlsx	EpcExtImportTemplateXlsx	content/shop/finance/epc_erp_external_reports_build.php	erp_js	8497	gap	devin-erp
epc_ext_intake_compliance	EpcExtIntakeCompliance	content/shop/finance/epc_erp_external_reports_build.php	erp_js	8497	gap	devin-erp
epc_ext_intake_legal	EpcExtIntakeLegal	content/shop/finance/epc_erp_external_reports_build.php	erp_js	8497	gap	devin-erp
epc_ext_intake_merge	EpcExtIntakeMerge	content/shop/finance/epc_erp_external_reports_build.php	erp_js	8497	gap	devin-erp
epc_ext_intake_request_rows	EpcExtIntakeRequestRows	content/shop/finance/epc_erp_external_reports_build.php	erp_js	8497	gap	devin-erp
epc_ext_intake_review	EpcExtIntakeReview	content/shop/finance/epc_erp_external_reports_build.php	erp_js	8497	gap	devin-erp
epc_ext_intake_schedules	EpcExtIntakeSchedules	content/shop/finance/epc_erp_external_reports_build.php	erp_js	8497	gap	devin-erp
epc_ext_inv_lines	EpcExtInvLines	content/shop/finance/epc_erp_external_reports_build.php	erp_php	8497	gap	devin-erp
epc_ext_locate_bin	EpcExtLocateBin	content/shop/finance/epc_erp_external_reports_build.php	erp_js	8497	gap	devin-erp
epc_ext_m	EpcExtM	content/shop/finance/epc_erp_external_reports_build.php	erp_php	8497	gap	devin-erp
epc_ext_parse_all_rows	EpcExtParseAllRows	content/shop/finance/epc_erp_external_reports_build.php	erp_js	8497	gap	devin-erp
epc_ext_parse_table	EpcExtParseTable	content/shop/finance/epc_erp_external_reports_build.php	erp_js	8497	gap	devin-erp
epc_ext_parse_xlsx	EpcExtParseXlsx	content/shop/finance/epc_erp_external_reports_build.php	erp_js	8497	gap	devin-erp
epc_ext_parse_xlsx_all	EpcExtParseXlsxAll	content/shop/finance/epc_erp_external_reports_build.php	erp_js	8497	gap	devin-erp
epc_ext_pdf_gs_text	EpcExtPdfGsText	content/shop/finance/epc_erp_external_reports_build.php	erp_js	8497	gap	devin-erp
epc_ext_pdf_ocr	EpcExtPdfOcr	content/shop/finance/epc_erp_external_reports_build.php	erp_js	8497	gap	devin-erp
epc_ext_pdf_scan	EpcExtPdfScan	content/shop/finance/epc_erp_external_reports_build.php	erp_js	8497	gap	devin-erp
epc_ext_pdf_to_text	EpcExtPdfToText	content/shop/finance/epc_erp_external_reports_build.php	erp_js	8497	gap	devin-erp
epc_ext_pdf_year	EpcExtPdfYear	content/shop/finance/epc_erp_external_reports_build.php	erp_js	8497	gap	devin-erp
epc_ext_period_sample	EpcExtPeriodSample	content/shop/finance/epc_erp_external_reports_build.php	erp_php	8497	gap	devin-erp
epc_ext_print_css	EpcExtPrintCss	content/shop/finance/epc_erp_external_reports_build.php	erp_php	8497	gap	devin-erp
epc_ext_print_ctx_js	EpcExtPrintCtxJs	content/shop/finance/epc_erp_external_reports_build.php	erp_php	8497	gap	devin-erp
epc_ext_print_fn_js	EpcExtPrintFnJs	content/shop/finance/epc_erp_external_reports_build.php	erp_php	8497	gap	devin-erp
epc_ext_staff_rows	EpcExtStaffRows	content/shop/finance/epc_erp_external_reports_build.php	erp_php	8497	gap	devin-erp
epc_ext_staff_salary	EpcExtStaffSalary	content/shop/finance/epc_erp_external_reports_build.php	erp_php	8497	gap	devin-erp
epc_ext_standards_index	EpcExtStandardsIndex	content/shop/finance/epc_erp_external_reports_build.php	erp_php	8497	gap	devin-erp
epc_ext_std_block	EpcExtStdBlock	content/shop/finance/epc_erp_external_reports_build.php	erp_php	8497	gap	devin-erp
epc_ext_uae_report_schedule	EpcExtUaeReportSchedule	content/shop/finance/epc_erp_external_reports_build.php	erp_php	8497	gap	devin-erp
epc_ext_vat_box	EpcExtVatBox	content/shop/finance/epc_erp_external_reports_build.php	erp_php	8497	gap	devin-erp
epc_ext_vat_compliance	EpcExtVatCompliance	content/shop/finance/epc_erp_external_reports_build.php	erp_php	8497	gap	devin-erp
epc_ext_vat_group_data	EpcExtVatGroupData	content/shop/finance/epc_erp_external_reports_build.php	erp_php	8497	gap	devin-erp
epc_ext_vat_group_html	EpcExtVatGroupHtml	content/shop/finance/epc_erp_external_reports_build.php	erp_php	8497	gap	devin-erp
epc_ext_vat_guide_rows	EpcExtVatGuideRows	content/shop/finance/epc_erp_external_reports_build.php	erp_php	8497	gap	devin-erp
epc_ext_vat_header_row	EpcExtVatHeaderRow	content/shop/finance/epc_erp_external_reports_build.php	erp_php	8497	gap	devin-erp
epc_ext_vat_sample_supply_lines	EpcExtVatSampleSupplyLines	content/shop/finance/epc_erp_external_reports_build.php	erp_php	8497	gap	devin-erp
epc_ext_vat_schedule_data	EpcExtVatScheduleData	content/shop/finance/epc_erp_external_reports_build.php	erp_php	8497	gap	devin-erp
epc_ext_vat_schedules_html	EpcExtVatSchedulesHtml	content/shop/finance/epc_erp_external_reports_build.php	erp_php	8497	gap	devin-erp
epc_ext_vat_schemes_html	EpcExtVatSchemesHtml	content/shop/finance/epc_erp_external_reports_build.php	erp_php	8497	gap	devin-erp
epc_ext_vat_treatment_catalog	EpcExtVatTreatmentCatalog	content/shop/finance/epc_erp_external_reports_build.php	erp_php	8497	gap	devin-erp
epc_ext_xlsx_col_index	EpcExtXlsxColIndex	content/shop/finance/epc_erp_external_reports_build.php	erp_js	8497	gap	devin-erp
epc_ext_xlsx_col_letter	EpcExtXlsxColLetter	content/shop/finance/epc_erp_external_reports_build.php	erp_php	8497	gap	devin-erp
epc_fin_accruals	EpcFinAccruals	content/shop/finance/epc_erp_fin_advanced.php	erp_php	451	gap	devin-erp
epc_fin_adv_ensure_schema	EpcFinAdvEnsureSchema	content/shop/finance/epc_erp_fin_advanced.php	erp_php	451	gap	devin-erp
epc_fin_adv_summary	EpcFinAdvSummary	content/shop/finance/epc_erp_fin_advanced.php	erp_php	451	gap	devin-erp
epc_fin_alloc_rules	EpcFinAllocRules	content/shop/finance/epc_erp_fin_advanced.php	erp_php	451	gap	devin-erp
epc_fin_fx_runs	EpcFinFxRuns	content/shop/finance/epc_erp_fin_advanced.php	erp_php	451	gap	devin-erp
epc_fin_period_dates	EpcFinPeriodDates	content/shop/finance/epc_erp_fin_advanced.php	erp_php	451	gap	devin-erp
epc_fin_period_for_date	EpcFinPeriodForDate	content/shop/finance/epc_erp_fin_advanced.php	erp_php	451	gap	devin-erp
epc_fin_periods_list	EpcFinPeriodsList	content/shop/finance/epc_erp_fin_advanced.php	erp_php	451	gap	devin-erp
epc_fin_posting_allowed	EpcFinPostingAllowed	content/shop/finance/epc_erp_fin_advanced.php	erp_php	451	gap	devin-erp
epc_fin_bank_auto_reconcile	EpcFinBankAutoReconcile	content/shop/finance/epc_erp_finance_suite.php	erp_php	433	gap	devin-erp
epc_fin_bank_match_score	EpcFinBankMatchScore	content/shop/finance/epc_erp_finance_suite.php	erp_php	433	gap	devin-erp
epc_fin_bank_recon_summary	EpcFinBankReconSummary	content/shop/finance/epc_erp_finance_suite.php	erp_php	433	gap	devin-erp
epc_fin_bank_set_match	EpcFinBankSetMatch	content/shop/finance/epc_erp_finance_suite.php	erp_php	433	gap	devin-erp
epc_fin_corporate_tax	EpcFinCorporateTax	content/shop/finance/epc_erp_finance_suite.php	erp_php	433	gap	devin-erp
epc_fin_report_center	EpcFinReportCenter	content/shop/finance/epc_erp_finance_suite.php	erp_php	433	gap	devin-erp
epc_fin_report_narrative	EpcFinReportNarrative	content/shop/finance/epc_erp_finance_suite.php	erp_php	433	gap	devin-erp
epc_fin_text_similarity	EpcFinTextSimilarity	content/shop/finance/epc_erp_finance_suite.php	erp_php	433	gap	devin-erp
epc_fin_vat_return	EpcFinVatReturn	content/shop/finance/epc_erp_finance_suite.php	erp_php	433	gap	devin-erp
epc_erp_fiscal_ensure_schema	EpcErpFiscalEnsureSchema	content/shop/finance/epc_erp_fiscal_periods.php	erp_php	69	gap	devin-erp
epc_erp_fiscal_is_locked	EpcErpFiscalIsLocked	content/shop/finance/epc_erp_fiscal_periods.php	erp_php	69	gap	devin-erp
epc_erp_fiscal_lock_date	EpcErpFiscalLockDate	content/shop/finance/epc_erp_fiscal_periods.php	erp_php	69	gap	devin-erp
epc_fix_unfix_ensure_schema	EpcFixUnfixEnsureSchema	content/shop/finance/epc_erp_fix_unfix.php	erp_php	109	gap	devin-erp
epc_fix_unfix_report	EpcFixUnfixReport	content/shop/finance/epc_erp_fix_unfix.php	erp_php	109	gap	devin-erp
epc_erp_fa_depreciation_methods	EpcErpFaDepreciationMethods	content/shop/finance/epc_erp_fixed_assets.php	erp_php	390	mentioned	devin-erp
epc_erp_fa_has_column	EpcErpFaHasColumn	content/shop/finance/epc_erp_fixed_assets.php	erp_php	390	mentioned	devin-erp
epc_erp_fa_list_assets	EpcErpFaListAssets	content/shop/finance/epc_erp_fixed_assets.php	erp_php	390	mentioned	devin-erp
epc_erp_fa_log_tracking	EpcErpFaLogTracking	content/shop/finance/epc_erp_fixed_assets.php	erp_php	390	mentioned	devin-erp
epc_erp_fa_refresh_book_value	EpcErpFaRefreshBookValue	content/shop/finance/epc_erp_fixed_assets.php	erp_php	390	mentioned	devin-erp
epc_erp_fa_seed_categories	EpcErpFaSeedCategories	content/shop/finance/epc_erp_fixed_assets.php	erp_php	390	mentioned	devin-erp
epc_erp_fa_summary	EpcErpFaSummary	content/shop/finance/epc_erp_fixed_assets.php	erp_php	390	mentioned	devin-erp
epc_erp_fulfilment_dashboard	EpcErpFulfilmentDashboard	content/shop/finance/epc_erp_fulfilment.php	erp_php	459	gap	devin-erp
epc_erp_fulfilment_derive_row_metrics	EpcErpFulfilmentDeriveRowMetrics	content/shop/finance/epc_erp_fulfilment.php	erp_php	459	gap	devin-erp
epc_erp_fulfilment_in_list	EpcErpFulfilmentInList	content/shop/finance/epc_erp_fulfilment.php	erp_php	459	gap	devin-erp
epc_erp_fulfilment_item_refs	EpcErpFulfilmentItemRefs	content/shop/finance/epc_erp_fulfilment.php	erp_php	459	gap	devin-erp
epc_erp_fulfilment_order_metrics	EpcErpFulfilmentOrderMetrics	content/shop/finance/epc_erp_fulfilment.php	erp_php	459	gap	devin-erp
epc_erp_fulfilment_orders_batch	EpcErpFulfilmentOrdersBatch	content/shop/finance/epc_erp_fulfilment.php	erp_php	459	gap	devin-erp
epc_erp_fulfilment_pay_badge	EpcErpFulfilmentPayBadge	content/shop/finance/epc_erp_fulfilment.php	erp_php	459	gap	devin-erp
epc_erp_fulfilment_pipeline_labels	EpcErpFulfilmentPipelineLabels	content/shop/finance/epc_erp_fulfilment.php	erp_php	459	gap	devin-erp
epc_erp_fulfilment_returns	EpcErpFulfilmentReturns	content/shop/finance/epc_erp_fulfilment.php	erp_php	459	gap	devin-erp
epc_erp_fulfilment_stock_movements	EpcErpFulfilmentStockMovements	content/shop/finance/epc_erp_fulfilment.php	erp_php	459	gap	devin-erp
epc_erp_full_ensure_schema	EpcErpFullEnsureSchema	content/shop/finance/epc_erp_gl.php	erp_php	1077	mentioned	devin-erp
epc_erp_gl_account_types	EpcErpGlAccountTypes	content/shop/finance/epc_erp_gl.php	erp_php	1077	mentioned	devin-erp
epc_erp_gl_add_column_if_missing	EpcErpGlAddColumnIfMissing	content/shop/finance/epc_erp_gl.php	erp_php	1077	mentioned	devin-erp
epc_erp_gl_add_index_if_missing	EpcErpGlAddIndexIfMissing	content/shop/finance/epc_erp_gl.php	erp_php	1077	mentioned	devin-erp
epc_erp_gl_all_coa_activity	EpcErpGlAllCoaActivity	content/shop/finance/epc_erp_gl.php	erp_php	1077	mentioned	devin-erp
epc_erp_gl_balance_sheet	EpcErpGlBalanceSheet	content/shop/finance/epc_erp_gl.php	erp_php	1077	mentioned	devin-erp
epc_erp_gl_coa_activity	EpcErpGlCoaActivity	content/shop/finance/epc_erp_gl.php	erp_php	1077	mentioned	devin-erp
epc_erp_gl_coa_balance	EpcErpGlCoaBalance	content/shop/finance/epc_erp_gl.php	erp_php	1077	mentioned	devin-erp
epc_erp_gl_coa_by_code	EpcErpGlCoaByCode	content/shop/finance/epc_erp_gl.php	erp_php	1077	mentioned	devin-erp
epc_erp_gl_journal_lines	EpcErpGlJournalLines	content/shop/finance/epc_erp_gl.php	erp_php	1077	mentioned	devin-erp
epc_erp_gl_list_coa	EpcErpGlListCoa	content/shop/finance/epc_erp_gl.php	erp_php	1077	mentioned	devin-erp
epc_erp_gl_next_journal_no	EpcErpGlNextJournalNo	content/shop/finance/epc_erp_gl.php	erp_php	1077	mentioned	devin-erp
epc_erp_gl_post_ar_settlement	EpcErpGlPostArSettlement	content/shop/finance/epc_erp_gl.php	erp_php	1077	mentioned	devin-erp
epc_erp_gl_signed_balance	EpcErpGlSignedBalance	content/shop/finance/epc_erp_gl.php	erp_php	1077	mentioned	devin-erp
epc_erp_gl_trial_balance	EpcErpGlTrialBalance	content/shop/finance/epc_erp_gl.php	erp_php	1077	mentioned	devin-erp
epc_gold_rate_ensure_schema	EpcGoldRateEnsureSchema	content/shop/finance/epc_erp_gold_rate.php	erp_php	127	gap	devin-erp
epc_gold_rate_fetch_api	EpcGoldRateFetchApi	content/shop/finance/epc_erp_gold_rate.php	erp_php	127	gap	devin-erp
epc_gold_rate_get_today	EpcGoldRateGetToday	content/shop/finance/epc_erp_gold_rate.php	erp_php	127	gap	devin-erp
epc_gold_rate_history	EpcGoldRateHistory	content/shop/finance/epc_erp_gold_rate.php	erp_php	127	gap	devin-erp
epc_gold_scheme_check_maturity	EpcGoldSchemeCheckMaturity	content/shop/finance/epc_erp_gold_scheme.php	erp_php	125	gap	devin-erp
epc_gold_scheme_ensure_schema	EpcGoldSchemeEnsureSchema	content/shop/finance/epc_erp_gold_scheme.php	erp_php	125	gap	devin-erp
epc_gov_assign_role	EpcGovAssignRole	content/shop/finance/epc_erp_governance.php	erp_php	272	gap	devin-erp
epc_gov_can	EpcGovCan	content/shop/finance/epc_erp_governance.php	erp_php	272	gap	devin-erp
epc_gov_ensure_schema	EpcGovEnsureSchema	content/shop/finance/epc_erp_governance.php	erp_php	272	gap	devin-erp
epc_gov_role_save	EpcGovRoleSave	content/shop/finance/epc_erp_governance.php	erp_php	272	gap	devin-erp
epc_gov_user_permissions	EpcGovUserPermissions	content/shop/finance/epc_erp_governance.php	erp_php	272	gap	devin-erp
epc_ntf_broadcast	EpcNtfBroadcast	content/shop/finance/epc_erp_governance.php	erp_php	272	gap	devin-erp
epc_ntf_mark_all_read	EpcNtfMarkAllRead	content/shop/finance/epc_erp_governance.php	erp_php	272	gap	devin-erp
epc_ntf_mark_read	EpcNtfMarkRead	content/shop/finance/epc_erp_governance.php	erp_php	272	gap	devin-erp
epc_ntf_push	EpcNtfPush	content/shop/finance/epc_erp_governance.php	erp_php	272	gap	devin-erp
epc_ntf_unread_count	EpcNtfUnreadCount	content/shop/finance/epc_erp_governance.php	erp_php	272	gap	devin-erp
epc_qn_save	EpcQnSave	content/shop/finance/epc_erp_governance.php	erp_php	272	gap	devin-erp
epc_qn_submit	EpcQnSubmit	content/shop/finance/epc_erp_governance.php	erp_php	272	gap	devin-erp
epc_qn_summary	EpcQnSummary	content/shop/finance/epc_erp_governance.php	erp_php	272	gap	devin-erp
epc_guide_entry	EpcGuideEntry	content/shop/finance/epc_erp_guide_content.php	erp_php	969	gap	devin-erp
epc_guide_for_entitlements	EpcGuideForEntitlements	content/shop/finance/epc_erp_guide_content.php	erp_php	969	gap	devin-erp
epc_erp_accounting_code_id	EpcErpAccountingCodeId	content/shop/finance/epc_erp_helpers.php	erp_php	1343	mentioned	devin-erp
epc_erp_cash_bank_total	EpcErpCashBankTotal	content/shop/finance/epc_erp_helpers.php	erp_php	1343	mentioned	devin-erp
epc_erp_customer_statement	EpcErpCustomerStatement	content/shop/finance/epc_erp_helpers.php	erp_php	1343	mentioned	devin-erp
epc_erp_guide_snapshot	EpcErpGuideSnapshot	content/shop/finance/epc_erp_helpers.php	erp_php	1343	mentioned	devin-erp
epc_erp_h	EpcErpH	content/shop/finance/epc_erp_helpers.php	erp_php	1343	mentioned	devin-erp
epc_erp_list_cash_entries	EpcErpListCashEntries	content/shop/finance/epc_erp_helpers.php	erp_php	1343	mentioned	devin-erp
epc_erp_money	EpcErpMoney	content/shop/finance/epc_erp_helpers.php	erp_php	1343	mentioned	devin-erp
epc_erp_order_complete_sql	EpcErpOrderCompleteSql	content/shop/finance/epc_erp_helpers.php	erp_php	1343	mentioned	devin-erp
epc_erp_order_status_name_sql	EpcErpOrderStatusNameSql	content/shop/finance/epc_erp_helpers.php	erp_php	1343	mentioned	devin-erp
epc_erp_order_status_refs	EpcErpOrderStatusRefs	content/shop/finance/epc_erp_helpers.php	erp_php	1343	mentioned	devin-erp
epc_erp_revenue_report	EpcErpRevenueReport	content/shop/finance/epc_erp_helpers.php	erp_php	1343	mentioned	devin-erp
epc_erp_revenue_report_apply_customer_vat	EpcErpRevenueReportApplyCustomerVat	content/shop/finance/epc_erp_helpers.php	erp_php	1343	mentioned	devin-erp
epc_erp_supplier_balance_sql	EpcErpSupplierBalanceSql	content/shop/finance/epc_erp_helpers.php	erp_php	1343	mentioned	devin-erp
epc_erp_supplier_entry_kind_label	EpcErpSupplierEntryKindLabel	content/shop/finance/epc_erp_helpers.php	erp_php	1343	mentioned	devin-erp
epc_erp_supplier_statement	EpcErpSupplierStatement	content/shop/finance/epc_erp_helpers.php	erp_php	1343	mentioned	devin-erp
epc_hr_attendance_list	EpcHrAttendanceList	content/shop/finance/epc_erp_hr.php	erp_php	555	mentioned	devin-erp
epc_hr_budget_set	EpcHrBudgetSet	content/shop/finance/epc_erp_hr.php	erp_php	555	mentioned	devin-erp
epc_hr_budget_variance	EpcHrBudgetVariance	content/shop/finance/epc_erp_hr.php	erp_php	555	mentioned	devin-erp
epc_hr_compute_payslip	EpcHrComputePayslip	content/shop/finance/epc_erp_hr.php	erp_php	555	mentioned	devin-erp
epc_hr_employees_list	EpcHrEmployeesList	content/shop/finance/epc_erp_hr.php	erp_php	555	mentioned	devin-erp
epc_hr_expenses_list	EpcHrExpensesList	content/shop/finance/epc_erp_hr.php	erp_php	555	mentioned	devin-erp
epc_hr_gratuity_uae	EpcHrGratuityUae	content/shop/finance/epc_erp_hr.php	erp_php	555	mentioned	devin-erp
epc_hr_has_column	EpcHrHasColumn	content/shop/finance/epc_erp_hr.php	erp_php	555	mentioned	devin-erp
epc_hr_leave_balance	EpcHrLeaveBalance	content/shop/finance/epc_erp_hr.php	erp_php	555	mentioned	devin-erp
epc_hr_leave_list	EpcHrLeaveList	content/shop/finance/epc_erp_hr.php	erp_php	555	mentioned	devin-erp
epc_hr_ops_summary	EpcHrOpsSummary	content/shop/finance/epc_erp_hr.php	erp_php	555	mentioned	devin-erp
epc_hr_payroll_journal	EpcHrPayrollJournal	content/shop/finance/epc_erp_hr.php	erp_php	555	mentioned	devin-erp
epc_hr_compliance_worst_severity	EpcHrComplianceWorstSeverity	content/shop/finance/epc_erp_hr_law.php	erp_php	711	gap	devin-erp
epc_hr_law_ae_versions	EpcHrLawAeVersions	content/shop/finance/epc_erp_hr_law.php	erp_php	711	gap	devin-erp
epc_hr_law_countries	EpcHrLawCountries	content/shop/finance/epc_erp_hr_law.php	erp_php	711	gap	devin-erp
epc_hr_leave_entitlement	EpcHrLeaveEntitlement	content/shop/finance/epc_erp_hr_law.php	erp_php	711	gap	devin-erp
epc_hr_leave_salary	EpcHrLeaveSalary	content/shop/finance/epc_erp_hr_law.php	erp_php	711	gap	devin-erp
epc_hr_overtime	EpcHrOvertime	content/shop/finance/epc_erp_hr_law.php	erp_php	711	gap	devin-erp
epc_hr_policy	EpcHrPolicy	content/shop/finance/epc_erp_hr_law.php	erp_php	711	gap	devin-erp
epc_hr_resolve_rule_version	EpcHrResolveRuleVersion	content/shop/finance/epc_erp_hr_law.php	erp_php	711	gap	devin-erp
epc_hr_service_years	EpcHrServiceYears	content/shop/finance/epc_erp_hr_law.php	erp_php	711	gap	devin-erp
epc_hrt_applicant_get	EpcHrtApplicantGet	content/shop/finance/epc_erp_hr_talent.php	erp_php	388	mentioned	devin-erp
epc_hrt_applicant_stages	EpcHrtApplicantStages	content/shop/finance/epc_erp_hr_talent.php	erp_php	388	mentioned	devin-erp
epc_hrt_applicants	EpcHrtApplicants	content/shop/finance/epc_erp_hr_talent.php	erp_php	388	mentioned	devin-erp
epc_hrt_goals	EpcHrtGoals	content/shop/finance/epc_erp_hr_talent.php	erp_php	388	mentioned	devin-erp
epc_hrt_job_get	EpcHrtJobGet	content/shop/finance/epc_erp_hr_talent.php	erp_php	388	mentioned	devin-erp
epc_hrt_job_set_status	EpcHrtJobSetStatus	content/shop/finance/epc_erp_hr_talent.php	erp_php	388	mentioned	devin-erp
epc_hrt_jobs	EpcHrtJobs	content/shop/finance/epc_erp_hr_talent.php	erp_php	388	mentioned	devin-erp
epc_hrt_review_get	EpcHrtReviewGet	content/shop/finance/epc_erp_hr_talent.php	erp_php	388	mentioned	devin-erp
epc_hrt_review_weighted_rating	EpcHrtReviewWeightedRating	content/shop/finance/epc_erp_hr_talent.php	erp_php	388	mentioned	devin-erp
epc_hrt_reviews	EpcHrtReviews	content/shop/finance/epc_erp_hr_talent.php	erp_php	388	mentioned	devin-erp
epc_hrt_summary	EpcHrtSummary	content/shop/finance/epc_erp_hr_talent.php	erp_php	388	mentioned	devin-erp
epc_erp_industry_apply	EpcErpIndustryApply	content/shop/finance/epc_erp_industry.php	erp_php	400	gap	devin-erp
epc_erp_industry_blueprint	EpcErpIndustryBlueprint	content/shop/finance/epc_erp_industry.php	erp_php	400	gap	devin-erp
epc_erp_industry_catalog	EpcErpIndustryCatalog	content/shop/finance/epc_erp_industry.php	erp_php	400	gap	devin-erp
epc_erp_industry_current	EpcErpIndustryCurrent	content/shop/finance/epc_erp_industry.php	erp_php	400	gap	devin-erp
epc_erp_industry_ensure_schema	EpcErpIndustryEnsureSchema	content/shop/finance/epc_erp_industry.php	erp_php	400	gap	devin-erp
epc_erp_industry_keys	EpcErpIndustryKeys	content/shop/finance/epc_erp_industry.php	erp_php	400	gap	devin-erp
epc_erp_costing_for_industry	EpcErpCostingForIndustry	content/shop/finance/epc_erp_industry_packs.php	erp_php	604	gap	devin-erp
epc_erp_industry_pack	EpcErpIndustryPack	content/shop/finance/epc_erp_industry_packs.php	erp_php	604	gap	devin-erp
epc_erp_industry_pack_keys	EpcErpIndustryPackKeys	content/shop/finance/epc_erp_industry_packs.php	erp_php	604	gap	devin-erp
epc_erp_industry_packs	EpcErpIndustryPacks	content/shop/finance/epc_erp_industry_packs.php	erp_php	604	gap	devin-erp
epc_erp_pack_apply_fields	EpcErpPackApplyFields	content/shop/finance/epc_erp_industry_packs.php	erp_php	604	gap	devin-erp
epc_erp_pack_inventory_fields	EpcErpPackInventoryFields	content/shop/finance/epc_erp_industry_packs.php	erp_php	604	gap	devin-erp
epc_erp_resolve_pack_from_consolidation	EpcErpResolvePackFromConsolidation	content/shop/finance/epc_erp_industry_packs.php	erp_php	604	gap	devin-erp
epc_ind_construction_progress_bill	EpcIndConstructionProgressBill	content/shop/finance/epc_erp_industry_packs.php	erp_php	604	gap	devin-erp
epc_ind_costing_methods	EpcIndCostingMethods	content/shop/finance/epc_erp_industry_packs.php	erp_php	604	gap	devin-erp
epc_ind_jewellery_value	EpcIndJewelleryValue	content/shop/finance/epc_erp_industry_packs.php	erp_php	604	gap	devin-erp
epc_ind_oilgas_jv_split	EpcIndOilgasJvSplit	content/shop/finance/epc_erp_industry_packs.php	erp_php	604	gap	devin-erp
epc_ind_pos_shift_reconcile	EpcIndPosShiftReconcile	content/shop/finance/epc_erp_industry_packs.php	erp_php	604	gap	devin-erp
epc_ind_rental_accrual	EpcIndRentalAccrual	content/shop/finance/epc_erp_industry_packs.php	erp_php	604	gap	devin-erp
epc_ins_claim_statuses	EpcInsClaimStatuses	content/shop/finance/epc_erp_insurance.php	erp_php	474	mentioned	devin-erp
epc_ins_claims	EpcInsClaims	content/shop/finance/epc_erp_insurance.php	erp_php	474	mentioned	devin-erp
epc_ins_class_label	EpcInsClassLabel	content/shop/finance/epc_erp_insurance.php	erp_php	474	mentioned	devin-erp
epc_ins_classes	EpcInsClasses	content/shop/finance/epc_erp_insurance.php	erp_php	474	mentioned	devin-erp
epc_ins_country_recommended	EpcInsCountryRecommended	content/shop/finance/epc_erp_insurance.php	erp_php	474	mentioned	devin-erp
epc_ins_docs	EpcInsDocs	content/shop/finance/epc_erp_insurance.php	erp_php	474	mentioned	devin-erp
epc_ins_ensure_schema	EpcInsEnsureSchema	content/shop/finance/epc_erp_insurance.php	erp_php	474	mentioned	devin-erp
epc_ins_get	EpcInsGet	content/shop/finance/epc_erp_insurance.php	erp_php	474	mentioned	devin-erp
epc_ins_list	EpcInsList	content/shop/finance/epc_erp_insurance.php	erp_php	474	mentioned	devin-erp
epc_ins_policy_status	EpcInsPolicyStatus	content/shop/finance/epc_erp_insurance.php	erp_php	474	mentioned	devin-erp
epc_ins_summary	EpcInsSummary	content/shop/finance/epc_erp_insurance.php	erp_php	474	mentioned	devin-erp
epc_ins_sync_expiry	EpcInsSyncExpiry	content/shop/finance/epc_erp_insurance.php	erp_php	474	mentioned	devin-erp
epc_int_api_key_create	EpcIntApiKeyCreate	content/shop/finance/epc_erp_integration.php	erp_php	700	gap	devin-erp
epc_int_api_log	EpcIntApiLog	content/shop/finance/epc_erp_integration.php	erp_php	700	gap	devin-erp
epc_int_api_revoke	EpcIntApiRevoke	content/shop/finance/epc_erp_integration.php	erp_php	700	gap	devin-erp
epc_int_api_verify	EpcIntApiVerify	content/shop/finance/epc_erp_integration.php	erp_php	700	gap	devin-erp
epc_int_connector_save	EpcIntConnectorSave	content/shop/finance/epc_erp_integration.php	erp_php	700	gap	devin-erp
epc_int_due_deliveries	EpcIntDueDeliveries	content/shop/finance/epc_erp_integration.php	erp_php	700	gap	devin-erp
epc_int_emit	EpcIntEmit	content/shop/finance/epc_erp_integration.php	erp_php	700	gap	devin-erp
epc_int_enqueue	EpcIntEnqueue	content/shop/finance/epc_erp_integration.php	erp_php	700	gap	devin-erp
epc_int_ensure_schema	EpcIntEnsureSchema	content/shop/finance/epc_erp_integration.php	erp_php	700	gap	devin-erp
epc_int_mark_delivered	EpcIntMarkDelivered	content/shop/finance/epc_erp_integration.php	erp_php	700	gap	devin-erp
epc_int_mark_failed	EpcIntMarkFailed	content/shop/finance/epc_erp_integration.php	erp_php	700	gap	devin-erp
epc_int_on	EpcIntOn	content/shop/finance/epc_erp_integration.php	erp_php	700	gap	devin-erp
epc_int_sign_payload	EpcIntSignPayload	content/shop/finance/epc_erp_integration.php	erp_php	700	gap	devin-erp
epc_intg_ensure_schema	EpcIntgEnsureSchema	content/shop/finance/epc_erp_integration.php	erp_php	700	gap	devin-erp
epc_intg_entities	EpcIntgEntities	content/shop/finance/epc_erp_integration.php	erp_php	700	gap	devin-erp
epc_intg_entity_get	EpcIntgEntityGet	content/shop/finance/epc_erp_integration.php	erp_php	700	gap	devin-erp
epc_intg_entity_query	EpcIntgEntityQuery	content/shop/finance/epc_erp_integration.php	erp_php	700	gap	devin-erp
epc_intg_event_catalog	EpcIntgEventCatalog	content/shop/finance/epc_erp_integration.php	erp_php	700	gap	devin-erp
epc_intg_event_match	EpcIntgEventMatch	content/shop/finance/epc_erp_integration.php	erp_php	700	gap	devin-erp
epc_intg_odata_parse	EpcIntgOdataParse	content/shop/finance/epc_erp_integration.php	erp_php	700	gap	devin-erp
epc_intg_subs	EpcIntgSubs	content/shop/finance/epc_erp_integration.php	erp_php	700	gap	devin-erp
epc_intg_summary	EpcIntgSummary	content/shop/finance/epc_erp_integration.php	erp_php	700	gap	devin-erp
epc_erp_inv_field_defs_all	EpcErpInvFieldDefsAll	content/shop/finance/epc_erp_inventory.php	erp_php	1351	gap	devin-erp
epc_erp_inv_field_set_active	EpcErpInvFieldSetActive	content/shop/finance/epc_erp_inventory.php	erp_php	1351	gap	devin-erp
epc_erp_inv_field_set_role	EpcErpInvFieldSetRole	content/shop/finance/epc_erp_inventory.php	erp_php	1351	gap	devin-erp
epc_erp_inv_field_upsert	EpcErpInvFieldUpsert	content/shop/finance/epc_erp_inventory.php	erp_php	1351	gap	devin-erp
epc_erp_inventory_apply_weighted_average	EpcErpInventoryApplyWeightedAverage	content/shop/finance/epc_erp_inventory.php	erp_php	1351	gap	devin-erp
epc_erp_inventory_create_item	EpcErpInventoryCreateItem	content/shop/finance/epc_erp_inventory.php	erp_php	1351	gap	devin-erp
epc_erp_inventory_create_warehouse	EpcErpInventoryCreateWarehouse	content/shop/finance/epc_erp_inventory.php	erp_php	1351	gap	devin-erp
epc_erp_inventory_csv_template	EpcErpInventoryCsvTemplate	content/shop/finance/epc_erp_inventory.php	erp_php	1351	gap	devin-erp
epc_erp_inventory_find_by_barcode	EpcErpInventoryFindByBarcode	content/shop/finance/epc_erp_inventory.php	erp_php	1351	gap	devin-erp
epc_erp_inventory_get_item_by_sku	EpcErpInventoryGetItemBySku	content/shop/finance/epc_erp_inventory.php	erp_php	1351	gap	devin-erp
epc_erp_inventory_get_stock_row	EpcErpInventoryGetStockRow	content/shop/finance/epc_erp_inventory.php	erp_php	1351	gap	devin-erp
epc_erp_inventory_has_column	EpcErpInventoryHasColumn	content/shop/finance/epc_erp_inventory.php	erp_php	1351	gap	devin-erp
epc_erp_inventory_import_csv	EpcErpInventoryImportCsv	content/shop/finance/epc_erp_inventory.php	erp_php	1351	gap	devin-erp
epc_erp_inventory_list_items	EpcErpInventoryListItems	content/shop/finance/epc_erp_inventory.php	erp_php	1351	gap	devin-erp
epc_erp_inventory_low_stock_lines	EpcErpInventoryLowStockLines	content/shop/finance/epc_erp_inventory.php	erp_php	1351	gap	devin-erp
epc_erp_inventory_on_hand_as_of	EpcErpInventoryOnHandAsOf	content/shop/finance/epc_erp_inventory.php	erp_php	1351	gap	devin-erp
epc_erp_inventory_parse_csv_text	EpcErpInventoryParseCsvText	content/shop/finance/epc_erp_inventory.php	erp_php	1351	gap	devin-erp
epc_erp_inventory_parse_receipt_lines	EpcErpInventoryParseReceiptLines	content/shop/finance/epc_erp_inventory.php	erp_php	1351	gap	devin-erp
epc_erp_inventory_record_movement	EpcErpInventoryRecordMovement	content/shop/finance/epc_erp_inventory.php	erp_php	1351	gap	devin-erp
epc_erp_inventory_register_serial	EpcErpInventoryRegisterSerial	content/shop/finance/epc_erp_inventory.php	erp_php	1351	gap	devin-erp
epc_erp_inventory_resolve_item_id	EpcErpInventoryResolveItemId	content/shop/finance/epc_erp_inventory.php	erp_php	1351	gap	devin-erp
epc_erp_inventory_run_closing	EpcErpInventoryRunClosing	content/shop/finance/epc_erp_inventory.php	erp_php	1351	gap	devin-erp
epc_erp_inventory_seed_field_defs	EpcErpInventorySeedFieldDefs	content/shop/finance/epc_erp_inventory.php	erp_php	1351	gap	devin-erp
epc_erp_inventory_serials	EpcErpInventorySerials	content/shop/finance/epc_erp_inventory.php	erp_php	1351	gap	devin-erp
epc_erp_inventory_set_reorder_level	EpcErpInventorySetReorderLevel	content/shop/finance/epc_erp_inventory.php	erp_php	1351	gap	devin-erp
epc_erp_inventory_sync_warehouses	EpcErpInventorySyncWarehouses	content/shop/finance/epc_erp_inventory.php	erp_php	1351	gap	devin-erp
epc_erp_inventory_transfer	EpcErpInventoryTransfer	content/shop/finance/epc_erp_inventory.php	erp_php	1351	gap	devin-erp
epc_erp_inventory_upsert_stock	EpcErpInventoryUpsertStock	content/shop/finance/epc_erp_inventory.php	erp_php	1351	gap	devin-erp
epc_erp_inventory_valuation_total	EpcErpInventoryValuationTotal	content/shop/finance/epc_erp_inventory.php	erp_php	1351	gap	devin-erp
epc_erp_inventory_warehouse_by_storage	EpcErpInventoryWarehouseByStorage	content/shop/finance/epc_erp_inventory.php	erp_php	1351	gap	devin-erp
epc_erp_inventory_warehouse_resolve	EpcErpInventoryWarehouseResolve	content/shop/finance/epc_erp_inventory.php	erp_php	1351	gap	devin-erp
epc_inv_report_abc_analysis	EpcInvReportAbcAnalysis	content/shop/finance/epc_erp_inventory_report.php	erp_php	110	gap	devin-erp
epc_inv_report_aging	EpcInvReportAging	content/shop/finance/epc_erp_inventory_report.php	erp_php	110	gap	devin-erp
epc_inv_report_by_category	EpcInvReportByCategory	content/shop/finance/epc_erp_inventory_report.php	erp_php	110	gap	devin-erp
epc_inv_report_by_sku	EpcInvReportBySku	content/shop/finance/epc_erp_inventory_report.php	erp_php	110	gap	devin-erp
epc_inv_report_ensure_schema	EpcInvReportEnsureSchema	content/shop/finance/epc_erp_inventory_report.php	erp_php	110	gap	devin-erp
epc_erp_handle_document_export_get	EpcErpHandleDocumentExportGet	content/shop/finance/epc_erp_invoices.php	erp_php	574	mentioned	devin-erp
epc_erp_invoice_build_manual	EpcErpInvoiceBuildManual	content/shop/finance/epc_erp_invoices.php	erp_php	574	mentioned	devin-erp
epc_erp_invoice_kpis	EpcErpInvoiceKpis	content/shop/finance/epc_erp_invoices.php	erp_php	574	mentioned	devin-erp
epc_erp_invoice_parse_lines_from_post	EpcErpInvoiceParseLinesFromPost	content/shop/finance/epc_erp_invoices.php	erp_php	574	mentioned	devin-erp
epc_erp_invoice_peppol_json	EpcErpInvoicePeppolJson	content/shop/finance/epc_erp_invoices.php	erp_php	574	mentioned	devin-erp
epc_erp_invoice_update	EpcErpInvoiceUpdate	content/shop/finance/epc_erp_invoices.php	erp_php	574	mentioned	devin-erp
epc_erp_invoices_table_names	EpcErpInvoicesTableNames	content/shop/finance/epc_erp_invoices.php	erp_php	574	mentioned	devin-erp
epc_jewel_barcode_list	EpcJewelBarcodeList	content/shop/finance/epc_erp_jewellery.php	erp_php	1732	gap	devin-erp
epc_jewel_color_stone_list	EpcJewelColorStoneList	content/shop/finance/epc_erp_jewellery.php	erp_php	1732	gap	devin-erp
epc_jewel_currency_list	EpcJewelCurrencyList	content/shop/finance/epc_erp_jewellery.php	erp_php	1732	gap	devin-erp
epc_jewel_currency_seed	EpcJewelCurrencySeed	content/shop/finance/epc_erp_jewellery.php	erp_php	1732	gap	devin-erp
epc_jewel_design_list	EpcJewelDesignList	content/shop/finance/epc_erp_jewellery.php	erp_php	1732	gap	devin-erp
epc_jewel_diamond_list	EpcJewelDiamondList	content/shop/finance/epc_erp_jewellery.php	erp_php	1732	gap	devin-erp
epc_jewel_divisions	EpcJewelDivisions	content/shop/finance/epc_erp_jewellery.php	erp_php	1732	gap	devin-erp
epc_jewel_ensure_schema	EpcJewelEnsureSchema	content/shop/finance/epc_erp_jewellery.php	erp_php	1732	gap	devin-erp
epc_jewel_gold_valuation	EpcJewelGoldValuation	content/shop/finance/epc_erp_jewellery.php	erp_php	1732	gap	devin-erp
epc_jewel_handle_ajax	EpcJewelHandleAjax	content/shop/finance/epc_erp_jewellery.php	erp_php	1732	gap	devin-erp
epc_jewel_karat_list	EpcJewelKaratList	content/shop/finance/epc_erp_jewellery.php	erp_php	1732	gap	devin-erp
epc_jewel_karat_seed	EpcJewelKaratSeed	content/shop/finance/epc_erp_jewellery.php	erp_php	1732	gap	devin-erp
epc_jewel_metal_stock_get	EpcJewelMetalStockGet	content/shop/finance/epc_erp_jewellery.php	erp_php	1732	gap	devin-erp
epc_jewel_metal_stock_list	EpcJewelMetalStockList	content/shop/finance/epc_erp_jewellery.php	erp_php	1732	gap	devin-erp
epc_jewel_pearl_list	EpcJewelPearlList	content/shop/finance/epc_erp_jewellery.php	erp_php	1732	gap	devin-erp
epc_jewel_rate_type_list	EpcJewelRateTypeList	content/shop/finance/epc_erp_jewellery.php	erp_php	1732	gap	devin-erp
epc_jewel_rate_type_seed	EpcJewelRateTypeSeed	content/shop/finance/epc_erp_jewellery.php	erp_php	1732	gap	devin-erp
epc_jewel_repair_delivery_save	EpcJewelRepairDeliverySave	content/shop/finance/epc_erp_jewellery.php	erp_php	1732	gap	devin-erp
epc_jewel_repair_next_no	EpcJewelRepairNextNo	content/shop/finance/epc_erp_jewellery.php	erp_php	1732	gap	devin-erp
epc_jewel_repair_pending_jobs	EpcJewelRepairPendingJobs	content/shop/finance/epc_erp_jewellery.php	erp_php	1732	gap	devin-erp
epc_jewel_repair_save	EpcJewelRepairSave	content/shop/finance/epc_erp_jewellery.php	erp_php	1732	gap	devin-erp
epc_jewel_repair_transfer_save	EpcJewelRepairTransferSave	content/shop/finance/epc_erp_jewellery.php	erp_php	1732	gap	devin-erp
epc_jewel_stock_verify_save	EpcJewelStockVerifySave	content/shop/finance/epc_erp_jewellery.php	erp_php	1732	gap	devin-erp
epc_jewel_voc_get	EpcJewelVocGet	content/shop/finance/epc_erp_jewellery.php	erp_php	1732	gap	devin-erp
epc_jewel_voc_list	EpcJewelVocList	content/shop/finance/epc_erp_jewellery.php	erp_php	1732	gap	devin-erp
epc_jewel_voc_next_no	EpcJewelVocNextNo	content/shop/finance/epc_erp_jewellery.php	erp_php	1732	gap	devin-erp
epc_jewel_voc_types	EpcJewelVocTypes	content/shop/finance/epc_erp_jewellery.php	erp_php	1732	gap	devin-erp
epc_jewel_workshop_receive_save	EpcJewelWorkshopReceiveSave	content/shop/finance/epc_erp_jewellery.php	erp_php	1732	gap	devin-erp
epc_jw_dashboard_kpis	EpcJwDashboardKpis	content/shop/finance/epc_erp_jewellery_integration.php	erp_php	913	gap	devin-erp
epc_jw_inventory_item_fields_html	EpcJwInventoryItemFieldsHtml	content/shop/finance/epc_erp_jewellery_integration.php	erp_php	913	gap	devin-erp
epc_jw_inventory_stock_columns_header	EpcJwInventoryStockColumnsHeader	content/shop/finance/epc_erp_jewellery_integration.php	erp_php	913	gap	devin-erp
epc_jw_inventory_stock_columns_row	EpcJwInventoryStockColumnsRow	content/shop/finance/epc_erp_jewellery_integration.php	erp_php	913	gap	devin-erp
epc_jw_po_columns_header	EpcJwPoColumnsHeader	content/shop/finance/epc_erp_jewellery_integration.php	erp_php	913	gap	devin-erp
epc_jw_po_columns_row	EpcJwPoColumnsRow	content/shop/finance/epc_erp_jewellery_integration.php	erp_php	913	gap	devin-erp
epc_jw_purchase_order_fields_html	EpcJwPurchaseOrderFieldsHtml	content/shop/finance/epc_erp_jewellery_integration.php	erp_php	913	gap	devin-erp
epc_jw_repair_list	EpcJwRepairList	content/shop/finance/epc_erp_jewellery_integration.php	erp_php	913	gap	devin-erp
epc_jw_repair_save	EpcJwRepairSave	content/shop/finance/epc_erp_jewellery_integration.php	erp_php	913	gap	devin-erp
epc_jw_sales_order_line_fields_html	EpcJwSalesOrderLineFieldsHtml	content/shop/finance/epc_erp_jewellery_integration.php	erp_php	913	gap	devin-erp
epc_jw_value_trial_balance	EpcJwValueTrialBalance	content/shop/finance/epc_erp_jewellery_integration.php	erp_php	913	gap	devin-erp
epc_jw_weight_trial_balance	EpcJwWeightTrialBalance	content/shop/finance/epc_erp_jewellery_integration.php	erp_php	913	gap	devin-erp
epc_jw_tag_ensure_schema	EpcJwTagEnsureSchema	content/shop/finance/epc_erp_jewellery_tag.php	erp_php	129	gap	devin-erp
epc_jw_tag_generate_no	EpcJwTagGenerateNo	content/shop/finance/epc_erp_jewellery_tag.php	erp_php	129	gap	devin-erp
epc_jw_tag_search	EpcJwTagSearch	content/shop/finance/epc_erp_jewellery_tag.php	erp_php	129	gap	devin-erp
epc_landed_cost_v2_calculate	EpcLandedCostV2Calculate	content/shop/finance/epc_erp_landed_cost_v2.php	erp_php	134	mentioned	devin-erp
epc_landed_cost_v2_ensure_schema	EpcLandedCostV2EnsureSchema	content/shop/finance/epc_erp_landed_cost_v2.php	erp_php	134	mentioned	devin-erp
epc_landed_cost_v2_list	EpcLandedCostV2List	content/shop/finance/epc_erp_landed_cost_v2.php	erp_php	134	mentioned	devin-erp
epc_landed_cost_v2_post	EpcLandedCostV2Post	content/shop/finance/epc_erp_landed_cost_v2.php	erp_php	134	mentioned	devin-erp
epc_loc_dir	EpcLocDir	content/shop/finance/epc_erp_localization.php	erp_php	258	gap	devin-erp
epc_loc_fiscal_year	EpcLocFiscalYear	content/shop/finance/epc_erp_localization.php	erp_php	258	gap	devin-erp
epc_loc_hr_country	EpcLocHrCountry	content/shop/finance/epc_erp_localization.php	erp_php	258	gap	devin-erp
epc_loc_tax_amount	EpcLocTaxAmount	content/shop/finance/epc_erp_localization.php	erp_php	258	gap	devin-erp
epc_localize_tenant	EpcLocalizeTenant	content/shop/finance/epc_erp_localization.php	erp_php	258	gap	devin-erp
epc_mfg_bom_lines_get	EpcMfgBomLinesGet	content/shop/finance/epc_erp_manufacturing.php	erp_php	380	mentioned	devin-erp
epc_mfg_bom_list	EpcMfgBomList	content/shop/finance/epc_erp_manufacturing.php	erp_php	380	mentioned	devin-erp
epc_mfg_bom_requirements	EpcMfgBomRequirements	content/shop/finance/epc_erp_manufacturing.php	erp_php	380	mentioned	devin-erp
epc_mfg_ensure_schema	EpcMfgEnsureSchema	content/shop/finance/epc_erp_manufacturing.php	erp_php	380	mentioned	devin-erp
epc_mfg_item_cost	EpcMfgItemCost	content/shop/finance/epc_erp_manufacturing.php	erp_php	380	mentioned	devin-erp
epc_mfg_summary	EpcMfgSummary	content/shop/finance/epc_erp_manufacturing.php	erp_php	380	mentioned	devin-erp
epc_mfg_wo_complete	EpcMfgWoComplete	content/shop/finance/epc_erp_manufacturing.php	erp_php	380	mentioned	devin-erp
epc_mfg_wo_get	EpcMfgWoGet	content/shop/finance/epc_erp_manufacturing.php	erp_php	380	mentioned	devin-erp
epc_mfg_wo_issue_materials	EpcMfgWoIssueMaterials	content/shop/finance/epc_erp_manufacturing.php	erp_php	380	mentioned	devin-erp
epc_mfg_wo_list	EpcMfgWoList	content/shop/finance/epc_erp_manufacturing.php	erp_php	380	mentioned	devin-erp
epc_erp_menu_link_balance_matches	EpcErpMenuLinkBalanceMatches	content/shop/finance/epc_erp_menu_link.php	erp_php	194	gap	devin-erp
epc_erp_menu_link_ensure	EpcErpMenuLinkEnsure	content/shop/finance/epc_erp_menu_link.php	erp_php	194	gap	devin-erp
epc_erp_menu_link_item	EpcErpMenuLinkItem	content/shop/finance/epc_erp_menu_link.php	erp_php	194	gap	devin-erp
epc_erp_menu_link_lang	EpcErpMenuLinkLang	content/shop/finance/epc_erp_menu_link.php	erp_php	194	gap	devin-erp
epc_erp_menu_link_matches	EpcErpMenuLinkMatches	content/shop/finance/epc_erp_menu_link.php	erp_php	194	gap	devin-erp
epc_erp_menu_link_remove	EpcErpMenuLinkRemove	content/shop/finance/epc_erp_menu_link.php	erp_php	194	gap	devin-erp
epc_erp_menu_link_target_ids	EpcErpMenuLinkTargetIds	content/shop/finance/epc_erp_menu_link.php	erp_php	194	gap	devin-erp
epc_mfgr_bom_for_item	EpcMfgrBomForItem	content/shop/finance/epc_erp_mfg_routing.php	erp_php	448	gap	devin-erp
epc_mfgr_db_bom_resolver	EpcMfgrDbBomResolver	content/shop/finance/epc_erp_mfg_routing.php	erp_php	448	gap	devin-erp
epc_mfgr_ensure_schema	EpcMfgrEnsureSchema	content/shop/finance/epc_erp_mfg_routing.php	erp_php	448	gap	devin-erp
epc_mfgr_mrp_net_explode	EpcMfgrMrpNetExplode	content/shop/finance/epc_erp_mfg_routing.php	erp_php	448	gap	devin-erp
epc_mfgr_op_load_min	EpcMfgrOpLoadMin	content/shop/finance/epc_erp_mfg_routing.php	erp_php	448	gap	devin-erp
epc_mfgr_planned_list	EpcMfgrPlannedList	content/shop/finance/epc_erp_mfg_routing.php	erp_php	448	gap	devin-erp
epc_mfgr_route_for_item	EpcMfgrRouteForItem	content/shop/finance/epc_erp_mfg_routing.php	erp_php	448	gap	devin-erp
epc_mfgr_route_ops	EpcMfgrRouteOps	content/shop/finance/epc_erp_mfg_routing.php	erp_php	448	gap	devin-erp
epc_mfgr_routes	EpcMfgrRoutes	content/shop/finance/epc_erp_mfg_routing.php	erp_php	448	gap	devin-erp
epc_mfgr_schedule	EpcMfgrSchedule	content/shop/finance/epc_erp_mfg_routing.php	erp_php	448	gap	devin-erp
epc_mfgr_schedule_route	EpcMfgrScheduleRoute	content/shop/finance/epc_erp_mfg_routing.php	erp_php	448	gap	devin-erp
epc_mfgr_summary	EpcMfgrSummary	content/shop/finance/epc_erp_mfg_routing.php	erp_php	448	gap	devin-erp
epc_mfgr_wc_get	EpcMfgrWcGet	content/shop/finance/epc_erp_mfg_routing.php	erp_php	448	gap	devin-erp
epc_mfgr_wc_list	EpcMfgrWcList	content/shop/finance/epc_erp_mfg_routing.php	erp_php	448	gap	devin-erp
epc_mig_apply_mapping	EpcMigApplyMapping	content/shop/finance/epc_erp_migration.php	erp_php	271	gap	devin-erp
epc_mig_batch_commit	EpcMigBatchCommit	content/shop/finance/epc_erp_migration.php	erp_php	271	gap	devin-erp
epc_mig_batch_create	EpcMigBatchCreate	content/shop/finance/epc_erp_migration.php	erp_php	271	gap	devin-erp
epc_mig_batch_rollback	EpcMigBatchRollback	content/shop/finance/epc_erp_migration.php	erp_php	271	gap	devin-erp
epc_mig_ensure_schema	EpcMigEnsureSchema	content/shop/finance/epc_erp_migration.php	erp_php	271	gap	devin-erp
epc_mig_opening_balance_check	EpcMigOpeningBalanceCheck	content/shop/finance/epc_erp_migration.php	erp_php	271	gap	devin-erp
epc_mig_save_mapping	EpcMigSaveMapping	content/shop/finance/epc_erp_migration.php	erp_php	271	gap	devin-erp
epc_mig_validate_rows	EpcMigValidateRows	content/shop/finance/epc_erp_migration.php	erp_php	271	gap	devin-erp
epc_mod_apply_bundle	EpcModApplyBundle	content/shop/finance/epc_erp_modules.php	erp_php	282	gap	devin-erp
epc_mod_bundles	EpcModBundles	content/shop/finance/epc_erp_modules.php	erp_php	282	gap	devin-erp
epc_mod_enabled	EpcModEnabled	content/shop/finance/epc_erp_modules.php	erp_php	282	gap	devin-erp
epc_mod_enabled_list	EpcModEnabledList	content/shop/finance/epc_erp_modules.php	erp_php	282	gap	devin-erp
epc_mod_ensure_schema	EpcModEnsureSchema	content/shop/finance/epc_erp_modules.php	erp_php	282	gap	devin-erp
epc_mod_registry	EpcModRegistry	content/shop/finance/epc_erp_modules.php	erp_php	282	gap	devin-erp
epc_mod_resolve_bundle	EpcModResolveBundle	content/shop/finance/epc_erp_modules.php	erp_php	282	gap	devin-erp
epc_mod_resolve_deps	EpcModResolveDeps	content/shop/finance/epc_erp_modules.php	erp_php	282	gap	devin-erp
epc_mod_set	EpcModSet	content/shop/finance/epc_erp_modules.php	erp_php	282	gap	devin-erp
epc_erp_modules_ajax_handler	EpcErpModulesAjaxHandler	content/shop/finance/epc_erp_modules_ajax.php	erp_php	237	gap	devin-erp
epc_erp_opening_ensure_schema	EpcErpOpeningEnsureSchema	content/shop/finance/epc_erp_opening.php	erp_php	157	gap	devin-erp
epc_erp_opening_list_batches	EpcErpOpeningListBatches	content/shop/finance/epc_erp_opening.php	erp_php	157	gap	devin-erp
epc_erp_opening_post_batch	EpcErpOpeningPostBatch	content/shop/finance/epc_erp_opening.php	erp_php	157	gap	devin-erp
epc_erp_order_fulfillment_auto_post	EpcErpOrderFulfillmentAutoPost	content/shop/finance/epc_erp_order_fulfillment.php	erp_php	1005	mentioned	devin-erp
epc_erp_order_fulfillment_create_po_for_supplier	EpcErpOrderFulfillmentCreatePoForSupplier	content/shop/finance/epc_erp_order_fulfillment.php	erp_php	1005	mentioned	devin-erp
epc_erp_order_fulfillment_create_sales_order	EpcErpOrderFulfillmentCreateSalesOrder	content/shop/finance/epc_erp_order_fulfillment.php	erp_php	1005	mentioned	devin-erp
epc_erp_order_fulfillment_find_sales_order	EpcErpOrderFulfillmentFindSalesOrder	content/shop/finance/epc_erp_order_fulfillment.php	erp_php	1005	mentioned	devin-erp
epc_erp_order_fulfillment_item_received_qty	EpcErpOrderFulfillmentItemReceivedQty	content/shop/finance/epc_erp_order_fulfillment.php	erp_php	1005	mentioned	devin-erp
epc_erp_order_fulfillment_load_items	EpcErpOrderFulfillmentLoadItems	content/shop/finance/epc_erp_order_fulfillment.php	erp_php	1005	mentioned	devin-erp
epc_erp_order_fulfillment_load_order	EpcErpOrderFulfillmentLoadOrder	content/shop/finance/epc_erp_order_fulfillment.php	erp_php	1005	mentioned	devin-erp
epc_erp_order_fulfillment_pf_sync	EpcErpOrderFulfillmentPfSync	content/shop/finance/epc_erp_order_fulfillment.php	erp_php	1005	mentioned	devin-erp
epc_erp_order_fulfillment_post_po_invoice	EpcErpOrderFulfillmentPostPoInvoice	content/shop/finance/epc_erp_order_fulfillment.php	erp_php	1005	mentioned	devin-erp
epc_erp_order_fulfillment_resolve_line_supplier	EpcErpOrderFulfillmentResolveLineSupplier	content/shop/finance/epc_erp_order_fulfillment.php	erp_php	1005	mentioned	devin-erp
epc_erp_order_fulfillment_status	EpcErpOrderFulfillmentStatus	content/shop/finance/epc_erp_order_fulfillment.php	erp_php	1005	mentioned	devin-erp
epc_erp_order_fulfillment_swap_line_supplier	EpcErpOrderFulfillmentSwapLineSupplier	content/shop/finance/epc_erp_order_fulfillment.php	erp_php	1005	mentioned	devin-erp
epc_erp_order_fulfillment_sync_po_statuses	EpcErpOrderFulfillmentSyncPoStatuses	content/shop/finance/epc_erp_order_fulfillment.php	erp_php	1005	mentioned	devin-erp
epc_erp_order_fulfillment_sync_received_qty	EpcErpOrderFulfillmentSyncReceivedQty	content/shop/finance/epc_erp_order_fulfillment.php	erp_php	1005	mentioned	devin-erp
epc_erp_order_fulfillment_sync_sales_status	EpcErpOrderFulfillmentSyncSalesStatus	content/shop/finance/epc_erp_order_fulfillment.php	erp_php	1005	mentioned	devin-erp
epc_opl_abc_xyz	EpcOplAbcXyz	content/shop/finance/epc_erp_order_planning.php	erp_php	896	gap	devin-erp
epc_opl_classify_demand	EpcOplClassifyDemand	content/shop/finance/epc_erp_order_planning.php	erp_php	896	gap	devin-erp
epc_opl_demand_series	EpcOplDemandSeries	content/shop/finance/epc_erp_order_planning.php	erp_php	896	gap	devin-erp
epc_opl_ensure_schema	EpcOplEnsureSchema	content/shop/finance/epc_erp_order_planning.php	erp_php	896	gap	devin-erp
epc_opl_exceptions	EpcOplExceptions	content/shop/finance/epc_erp_order_planning.php	erp_php	896	gap	devin-erp
epc_opl_kpis	EpcOplKpis	content/shop/finance/epc_erp_order_planning.php	erp_php	896	gap	devin-erp
epc_opl_params_get	EpcOplParamsGet	content/shop/finance/epc_erp_order_planning.php	erp_php	896	gap	devin-erp
epc_opl_recommendations	EpcOplRecommendations	content/shop/finance/epc_erp_order_planning.php	erp_php	896	gap	devin-erp
epc_opl_redistribution	EpcOplRedistribution	content/shop/finance/epc_erp_order_planning.php	erp_php	896	gap	devin-erp
epc_opl_round_to_multiple	EpcOplRoundToMultiple	content/shop/finance/epc_erp_order_planning.php	erp_php	896	gap	devin-erp
epc_opl_summary	EpcOplSummary	content/shop/finance/epc_erp_order_planning.php	erp_php	896	gap	devin-erp
epc_opl_z_factor	EpcOplZFactor	content/shop/finance/epc_erp_order_planning.php	erp_php	896	gap	devin-erp
epc_org_branch_tree	EpcOrgBranchTree	content/shop/finance/epc_erp_org.php	erp_php	259	gap	devin-erp
epc_org_company_save	EpcOrgCompanySave	content/shop/finance/epc_erp_org.php	erp_php	259	gap	devin-erp
epc_org_ensure_schema	EpcOrgEnsureSchema	content/shop/finance/epc_erp_org.php	erp_php	259	gap	devin-erp
epc_org_next_voucher	EpcOrgNextVoucher	content/shop/finance/epc_erp_org.php	erp_php	259	gap	devin-erp
epc_org_sequence_config	EpcOrgSequenceConfig	content/shop/finance/epc_erp_org.php	erp_php	259	gap	devin-erp
epc_org_unit_save	EpcOrgUnitSave	content/shop/finance/epc_erp_org.php	erp_php	259	gap	devin-erp
epc_org_units	EpcOrgUnits	content/shop/finance/epc_erp_org.php	erp_php	259	gap	devin-erp
epc_oa_add_working_days	EpcOaAddWorkingDays	content/shop/finance/epc_erp_orgadmin.php	erp_php	375	mentioned	devin-erp
epc_oa_addresses	EpcOaAddresses	content/shop/finance/epc_erp_orgadmin.php	erp_php	375	mentioned	devin-erp
epc_oa_calendars	EpcOaCalendars	content/shop/finance/epc_erp_orgadmin.php	erp_php	375	mentioned	devin-erp
epc_oa_contacts	EpcOaContacts	content/shop/finance/epc_erp_orgadmin.php	erp_php	375	mentioned	devin-erp
epc_oa_ensure_schema	EpcOaEnsureSchema	content/shop/finance/epc_erp_orgadmin.php	erp_php	375	mentioned	devin-erp
epc_oa_holiday_dates	EpcOaHolidayDates	content/shop/finance/epc_erp_orgadmin.php	erp_php	375	mentioned	devin-erp
epc_oa_holidays	EpcOaHolidays	content/shop/finance/epc_erp_orgadmin.php	erp_php	375	mentioned	devin-erp
epc_oa_is_working_day	EpcOaIsWorkingDay	content/shop/finance/epc_erp_orgadmin.php	erp_php	375	mentioned	devin-erp
epc_oa_parties	EpcOaParties	content/shop/finance/epc_erp_orgadmin.php	erp_php	375	mentioned	devin-erp
epc_oa_summary	EpcOaSummary	content/shop/finance/epc_erp_orgadmin.php	erp_php	375	mentioned	devin-erp
epc_oa_working_days_between	EpcOaWorkingDaysBetween	content/shop/finance/epc_erp_orgadmin.php	erp_php	375	mentioned	devin-erp
epc_oa_working_set	EpcOaWorkingSet	content/shop/finance/epc_erp_orgadmin.php	erp_php	375	mentioned	devin-erp
epc_erp_payroll_apply_demo_days	EpcErpPayrollApplyDemoDays	content/shop/finance/epc_erp_payroll.php	erp_php	448	gap	devin-erp
epc_erp_payroll_default_deduction_rate	EpcErpPayrollDefaultDeductionRate	content/shop/finance/epc_erp_payroll.php	erp_php	448	gap	devin-erp
epc_erp_payroll_demo_days_map	EpcErpPayrollDemoDaysMap	content/shop/finance/epc_erp_payroll.php	erp_php	448	gap	devin-erp
epc_erp_payroll_demo_report	EpcErpPayrollDemoReport	content/shop/finance/epc_erp_payroll.php	erp_php	448	gap	devin-erp
epc_erp_payroll_ensure_schema	EpcErpPayrollEnsureSchema	content/shop/finance/epc_erp_payroll.php	erp_php	448	gap	devin-erp
epc_erp_payroll_list_runs	EpcErpPayrollListRuns	content/shop/finance/epc_erp_payroll.php	erp_php	448	gap	devin-erp
epc_erp_payroll_post_gl	EpcErpPayrollPostGl	content/shop/finance/epc_erp_payroll.php	erp_php	448	gap	devin-erp
epc_erp_payroll_recalc_run_totals	EpcErpPayrollRecalcRunTotals	content/shop/finance/epc_erp_payroll.php	erp_php	448	gap	devin-erp
epc_erp_payroll_report	EpcErpPayrollReport	content/shop/finance/epc_erp_payroll.php	erp_php	448	gap	devin-erp
epc_erp_payroll_run_lines	EpcErpPayrollRunLines	content/shop/finance/epc_erp_payroll.php	erp_php	448	gap	devin-erp
epc_erp_payroll_seed_demo	EpcErpPayrollSeedDemo	content/shop/finance/epc_erp_payroll.php	erp_php	448	gap	devin-erp
epc_erp_payroll_standard_days	EpcErpPayrollStandardDays	content/shop/finance/epc_erp_payroll.php	erp_php	448	gap	devin-erp
epc_erp_pm_budgets_list	EpcErpPmBudgetsList	content/shop/finance/epc_erp_pdf_modules.php	erp_php	418	mentioned	devin-erp
epc_erp_pm_cheques_list	EpcErpPmChequesList	content/shop/finance/epc_erp_pdf_modules.php	erp_php	418	mentioned	devin-erp
epc_erp_pm_ensure_schema	EpcErpPmEnsureSchema	content/shop/finance/epc_erp_pdf_modules.php	erp_php	418	mentioned	devin-erp
epc_erp_pm_list	EpcErpPmList	content/shop/finance/epc_erp_pdf_modules.php	erp_php	418	mentioned	devin-erp
epc_erp_pm_listings_list	EpcErpPmListingsList	content/shop/finance/epc_erp_pdf_modules.php	erp_php	418	mentioned	devin-erp
epc_erp_pm_registry	EpcErpPmRegistry	content/shop/finance/epc_erp_pdf_modules.php	erp_php	418	mentioned	devin-erp
epc_erp_pm_seed_defaults	EpcErpPmSeedDefaults	content/shop/finance/epc_erp_pdf_modules.php	erp_php	418	mentioned	devin-erp
epc_erp_gl_assert_period_open	EpcErpGlAssertPeriodOpen	content/shop/finance/epc_erp_period_close.php	erp_php	577	gap	devin-erp
epc_erp_gl_bulk_lock_before	EpcErpGlBulkLockBefore	content/shop/finance/epc_erp_period_close.php	erp_php	577	gap	devin-erp
epc_erp_gl_lock_period	EpcErpGlLockPeriod	content/shop/finance/epc_erp_period_close.php	erp_php	577	gap	devin-erp
epc_erp_gl_unlock_period	EpcErpGlUnlockPeriod	content/shop/finance/epc_erp_period_close.php	erp_php	577	gap	devin-erp
epc_erp_period_close_ensure_schema	EpcErpPeriodCloseEnsureSchema	content/shop/finance/epc_erp_period_close.php	erp_php	577	gap	devin-erp
epc_erp_period_ensure	EpcErpPeriodEnsure	content/shop/finance/epc_erp_period_close.php	erp_php	577	gap	devin-erp
epc_erp_period_posting_allowed	EpcErpPeriodPostingAllowed	content/shop/finance/epc_erp_period_close.php	erp_php	577	gap	devin-erp
epc_erp_bank_statement_import	EpcErpBankStatementImport	content/shop/finance/epc_erp_phase8.php	erp_php	910	gap	devin-erp
epc_erp_bank_unmatched_entries	EpcErpBankUnmatchedEntries	content/shop/finance/epc_erp_phase8.php	erp_php	910	gap	devin-erp
epc_erp_bank_unmatched_lines	EpcErpBankUnmatchedLines	content/shop/finance/epc_erp_phase8.php	erp_php	910	gap	devin-erp
epc_erp_contacts_list	EpcErpContactsList	content/shop/finance/epc_erp_phase8.php	erp_php	910	gap	devin-erp
epc_erp_csv_output	EpcErpCsvOutput	content/shop/finance/epc_erp_phase8.php	erp_php	910	gap	devin-erp
epc_erp_dashboard_dept_widgets	EpcErpDashboardDeptWidgets	content/shop/finance/epc_erp_phase8.php	erp_php	910	gap	devin-erp
epc_erp_delivery_note_create	EpcErpDeliveryNoteCreate	content/shop/finance/epc_erp_phase8.php	erp_php	910	gap	devin-erp
epc_erp_delivery_note_pdf_path	EpcErpDeliveryNotePdfPath	content/shop/finance/epc_erp_phase8.php	erp_php	910	gap	devin-erp
epc_erp_delivery_notes_list	EpcErpDeliveryNotesList	content/shop/finance/epc_erp_phase8.php	erp_php	910	gap	devin-erp
epc_erp_documents_list	EpcErpDocumentsList	content/shop/finance/epc_erp_phase8.php	erp_php	910	gap	devin-erp
epc_erp_expense_reports_list	EpcErpExpenseReportsList	content/shop/finance/epc_erp_phase8.php	erp_php	910	gap	devin-erp
epc_erp_phase8_next_no	EpcErpPhase8NextNo	content/shop/finance/epc_erp_phase8.php	erp_php	910	gap	devin-erp
epc_erp_reports_export	EpcErpReportsExport	content/shop/finance/epc_erp_phase8.php	erp_php	910	gap	devin-erp
epc_erp_rfq_list	EpcErpRfqList	content/shop/finance/epc_erp_phase8.php	erp_php	910	gap	devin-erp
epc_erp_rfq_save	EpcErpRfqSave	content/shop/finance/epc_erp_phase8.php	erp_php	910	gap	devin-erp
epc_erp_sales_orders_list	EpcErpSalesOrdersList	content/shop/finance/epc_erp_phase8.php	erp_php	910	gap	devin-erp
epc_pm_calibration_due	EpcPmCalibrationDue	content/shop/finance/epc_erp_plant_maintenance.php	erp_php	489	gap	devin-erp
epc_pm_calibration_save	EpcPmCalibrationSave	content/shop/finance/epc_erp_plant_maintenance.php	erp_php	489	gap	devin-erp
epc_pm_dashboard	EpcPmDashboard	content/shop/finance/epc_erp_plant_maintenance.php	erp_php	489	gap	devin-erp
epc_pm_downtime_end	EpcPmDowntimeEnd	content/shop/finance/epc_erp_plant_maintenance.php	erp_php	489	gap	devin-erp
epc_pm_downtime_log	EpcPmDowntimeLog	content/shop/finance/epc_erp_plant_maintenance.php	erp_php	489	gap	devin-erp
epc_pm_ensure_depth_schema	EpcPmEnsureDepthSchema	content/shop/finance/epc_erp_plant_maintenance.php	erp_php	489	gap	devin-erp
epc_pm_ensure_schema	EpcPmEnsureSchema	content/shop/finance/epc_erp_plant_maintenance.php	erp_php	489	gap	devin-erp
epc_pm_equipment_cost_history	EpcPmEquipmentCostHistory	content/shop/finance/epc_erp_plant_maintenance.php	erp_php	489	gap	devin-erp
epc_pm_equipment_hierarchy	EpcPmEquipmentHierarchy	content/shop/finance/epc_erp_plant_maintenance.php	erp_php	489	gap	devin-erp
epc_pm_equipment_list	EpcPmEquipmentList	content/shop/finance/epc_erp_plant_maintenance.php	erp_php	489	gap	devin-erp
epc_pm_equipment_save	EpcPmEquipmentSave	content/shop/finance/epc_erp_plant_maintenance.php	erp_php	489	gap	devin-erp
epc_pm_failure_code_save	EpcPmFailureCodeSave	content/shop/finance/epc_erp_plant_maintenance.php	erp_php	489	gap	devin-erp
epc_pm_generate_preventive_wo	EpcPmGeneratePreventiveWo	content/shop/finance/epc_erp_plant_maintenance.php	erp_php	489	gap	devin-erp
epc_pm_meter_history	EpcPmMeterHistory	content/shop/finance/epc_erp_plant_maintenance.php	erp_php	489	gap	devin-erp
epc_pm_meter_record	EpcPmMeterRecord	content/shop/finance/epc_erp_plant_maintenance.php	erp_php	489	gap	devin-erp
epc_pm_reliability_metrics	EpcPmReliabilityMetrics	content/shop/finance/epc_erp_plant_maintenance.php	erp_php	489	gap	devin-erp
epc_pm_schedule_save	EpcPmScheduleSave	content/shop/finance/epc_erp_plant_maintenance.php	erp_php	489	gap	devin-erp
epc_pm_spare_part_link	EpcPmSparePartLink	content/shop/finance/epc_erp_plant_maintenance.php	erp_php	489	gap	devin-erp
epc_pm_warranty_claim_save	EpcPmWarrantyClaimSave	content/shop/finance/epc_erp_plant_maintenance.php	erp_php	489	gap	devin-erp
epc_pm_wo_complete	EpcPmWoComplete	content/shop/finance/epc_erp_plant_maintenance.php	erp_php	489	gap	devin-erp
epc_pm_wo_list	EpcPmWoList	content/shop/finance/epc_erp_plant_maintenance.php	erp_php	489	gap	devin-erp
epc_pm_wo_material_add	EpcPmWoMaterialAdd	content/shop/finance/epc_erp_plant_maintenance.php	erp_php	489	gap	devin-erp
epc_pm_wo_material_issue	EpcPmWoMaterialIssue	content/shop/finance/epc_erp_plant_maintenance.php	erp_php	489	gap	devin-erp
epc_pm_wo_save	EpcPmWoSave	content/shop/finance/epc_erp_plant_maintenance.php	erp_php	489	gap	devin-erp
epc_plt_batch_jobs	EpcPltBatchJobs	content/shop/finance/epc_erp_platform.php	erp_php	253	gap	devin-erp
epc_plt_batch_runs	EpcPltBatchRuns	content/shop/finance/epc_erp_platform.php	erp_php	253	gap	devin-erp
epc_plt_batch_statuses	EpcPltBatchStatuses	content/shop/finance/epc_erp_platform.php	erp_php	253	gap	devin-erp
epc_plt_ensure_schema	EpcPltEnsureSchema	content/shop/finance/epc_erp_platform.php	erp_php	253	gap	devin-erp
epc_plt_feature_enabled	EpcPltFeatureEnabled	content/shop/finance/epc_erp_platform.php	erp_php	253	gap	devin-erp
epc_plt_feature_toggle	EpcPltFeatureToggle	content/shop/finance/epc_erp_platform.php	erp_php	253	gap	devin-erp
epc_plt_features	EpcPltFeatures	content/shop/finance/epc_erp_platform.php	erp_php	253	gap	devin-erp
epc_plt_is_due	EpcPltIsDue	content/shop/finance/epc_erp_platform.php	erp_php	253	gap	devin-erp
epc_plt_summary	EpcPltSummary	content/shop/finance/epc_erp_platform.php	erp_php	253	gap	devin-erp
epc_plm_bom_active	EpcPlmBomActive	content/shop/finance/epc_erp_plm.php	erp_php	397	gap	devin-erp
epc_plm_bom_line_add	EpcPlmBomLineAdd	content/shop/finance/epc_erp_plm.php	erp_php	397	gap	devin-erp
epc_plm_bom_version_create	EpcPlmBomVersionCreate	content/shop/finance/epc_erp_plm.php	erp_php	397	gap	devin-erp
epc_plm_cert_renew	EpcPlmCertRenew	content/shop/finance/epc_erp_plm.php	erp_php	397	gap	devin-erp
epc_plm_cert_save	EpcPlmCertSave	content/shop/finance/epc_erp_plm.php	erp_php	397	gap	devin-erp
epc_plm_competitor_save	EpcPlmCompetitorSave	content/shop/finance/epc_erp_plm.php	erp_php	397	gap	devin-erp
epc_plm_dashboard	EpcPlmDashboard	content/shop/finance/epc_erp_plm.php	erp_php	397	gap	devin-erp
epc_plm_document_list	EpcPlmDocumentList	content/shop/finance/epc_erp_plm.php	erp_php	397	gap	devin-erp
epc_plm_document_save	EpcPlmDocumentSave	content/shop/finance/epc_erp_plm.php	erp_php	397	gap	devin-erp
epc_plm_eco_approval_decide	EpcPlmEcoApprovalDecide	content/shop/finance/epc_erp_plm.php	erp_php	397	gap	devin-erp
epc_plm_eco_approval_request	EpcPlmEcoApprovalRequest	content/shop/finance/epc_erp_plm.php	erp_php	397	gap	devin-erp
epc_plm_eco_implement	EpcPlmEcoImplement	content/shop/finance/epc_erp_plm.php	erp_php	397	gap	devin-erp
epc_plm_eco_list	EpcPlmEcoList	content/shop/finance/epc_erp_plm.php	erp_php	397	gap	devin-erp
epc_plm_eco_save	EpcPlmEcoSave	content/shop/finance/epc_erp_plm.php	erp_php	397	gap	devin-erp
epc_plm_ensure_depth_schema	EpcPlmEnsureDepthSchema	content/shop/finance/epc_erp_plm.php	erp_php	397	gap	devin-erp
epc_plm_ensure_schema	EpcPlmEnsureSchema	content/shop/finance/epc_erp_plm.php	erp_php	397	gap	devin-erp
epc_plm_phase_advance	EpcPlmPhaseAdvance	content/shop/finance/epc_erp_plm.php	erp_php	397	gap	devin-erp
epc_plm_product_list	EpcPlmProductList	content/shop/finance/epc_erp_plm.php	erp_php	397	gap	devin-erp
epc_plm_product_save	EpcPlmProductSave	content/shop/finance/epc_erp_plm.php	erp_php	397	gap	devin-erp
epc_plm_quality_gate_decide	EpcPlmQualityGateDecide	content/shop/finance/epc_erp_plm.php	erp_php	397	gap	devin-erp
epc_plm_quality_gate_save	EpcPlmQualityGateSave	content/shop/finance/epc_erp_plm.php	erp_php	397	gap	devin-erp
epc_erp_portal_base_origin	EpcErpPortalBaseOrigin	content/shop/finance/epc_erp_portal_router.php	erp_php	629	gap	devin-erp
epc_erp_portal_block_consultancy_commerce_path	EpcErpPortalBlockConsultancyCommercePath	content/shop/finance/epc_erp_portal_router.php	erp_php	629	gap	devin-erp
epc_erp_portal_block_storefront_path	EpcErpPortalBlockStorefrontPath	content/shop/finance/epc_erp_portal_router.php	erp_php	629	gap	devin-erp
epc_erp_portal_bootstrap_pdo	EpcErpPortalBootstrapPdo	content/shop/finance/epc_erp_portal_router.php	erp_php	629	gap	devin-erp
epc_erp_portal_canonical_base	EpcErpPortalCanonicalBase	content/shop/finance/epc_erp_portal_router.php	erp_php	629	gap	devin-erp
epc_erp_portal_handle_ajax	EpcErpPortalHandleAjax	content/shop/finance/epc_erp_portal_router.php	erp_php	629	gap	devin-erp
epc_erp_portal_is_platform_marketing_root	EpcErpPortalIsPlatformMarketingRoot	content/shop/finance/epc_erp_portal_router.php	erp_php	629	gap	devin-erp
epc_erp_portal_maybe_redirect_home	EpcErpPortalMaybeRedirectHome	content/shop/finance/epc_erp_portal_router.php	erp_php	629	gap	devin-erp
epc_erp_portal_render_page	EpcErpPortalRenderPage	content/shop/finance/epc_erp_portal_router.php	erp_php	629	gap	devin-erp
epc_erp_portal_render_shell	EpcErpPortalRenderShell	content/shop/finance/epc_erp_portal_router.php	erp_php	629	gap	devin-erp
epc_erp_portal_try_document_export	EpcErpPortalTryDocumentExport	content/shop/finance/epc_erp_portal_router.php	erp_php	629	gap	devin-erp
epc_erp_portal_try_route	EpcErpPortalTryRoute	content/shop/finance/epc_erp_portal_router.php	erp_php	629	gap	devin-erp
epc_loy_balance	EpcLoyBalance	content/shop/finance/epc_erp_pricing.php	erp_php	246	gap	devin-erp
epc_loy_earn	EpcLoyEarn	content/shop/finance/epc_erp_pricing.php	erp_php	246	gap	devin-erp
epc_loy_redeem	EpcLoyRedeem	content/shop/finance/epc_erp_pricing.php	erp_php	246	gap	devin-erp
epc_pl_list_save	EpcPlListSave	content/shop/finance/epc_erp_pricing.php	erp_php	246	gap	devin-erp
epc_pl_price_set	EpcPlPriceSet	content/shop/finance/epc_erp_pricing.php	erp_php	246	gap	devin-erp
epc_pl_resolve_price	EpcPlResolvePrice	content/shop/finance/epc_erp_pricing.php	erp_php	246	gap	devin-erp
epc_price_ensure_schema	EpcPriceEnsureSchema	content/shop/finance/epc_erp_pricing.php	erp_php	246	gap	devin-erp
epc_erp_print_designer_ensure_schema	EpcErpPrintDesignerEnsureSchema	content/shop/finance/epc_erp_print_designer.php	erp_php	476	gap	devin-erp
epc_erp_print_designer_seed_defaults	EpcErpPrintDesignerSeedDefaults	content/shop/finance/epc_erp_print_designer.php	erp_php	476	gap	devin-erp
epc_erp_print_doc_types	EpcErpPrintDocTypes	content/shop/finance/epc_erp_print_designer.php	erp_php	476	gap	devin-erp
epc_erp_print_merge_fields	EpcErpPrintMergeFields	content/shop/finance/epc_erp_print_designer.php	erp_php	476	gap	devin-erp
epc_erp_print_render	EpcErpPrintRender	content/shop/finance/epc_erp_print_designer.php	erp_php	476	gap	devin-erp
epc_erp_print_template_get	EpcErpPrintTemplateGet	content/shop/finance/epc_erp_print_designer.php	erp_php	476	gap	devin-erp
epc_erp_print_template_get_default	EpcErpPrintTemplateGetDefault	content/shop/finance/epc_erp_print_designer.php	erp_php	476	gap	devin-erp
epc_erp_print_templates_list	EpcErpPrintTemplatesList	content/shop/finance/epc_erp_print_designer.php	erp_php	476	gap	devin-erp
epc_flow_describe	EpcFlowDescribe	content/shop/finance/epc_erp_process_flows.php	erp_php	354	gap	devin-erp
epc_flow_doc_catalog	EpcFlowDocCatalog	content/shop/finance/epc_erp_process_flows.php	erp_php	354	gap	devin-erp
epc_flow_ensure_schema	EpcFlowEnsureSchema	content/shop/finance/epc_erp_process_flows.php	erp_php	354	gap	devin-erp
epc_flow_for_industry	EpcFlowForIndustry	content/shop/finance/epc_erp_process_flows.php	erp_php	354	gap	devin-erp
epc_flow_next_expected	EpcFlowNextExpected	content/shop/finance/epc_erp_process_flows.php	erp_php	354	gap	devin-erp
epc_flow_progress	EpcFlowProgress	content/shop/finance/epc_erp_process_flows.php	erp_php	354	gap	devin-erp
epc_flow_record_document	EpcFlowRecordDocument	content/shop/finance/epc_erp_process_flows.php	erp_php	354	gap	devin-erp
epc_flow_start	EpcFlowStart	content/shop/finance/epc_erp_process_flows.php	erp_php	354	gap	devin-erp
epc_flow_step	EpcFlowStep	content/shop/finance/epc_erp_process_flows.php	erp_php	354	gap	devin-erp
epc_pf_assign_types	EpcPfAssignTypes	content/shop/finance/epc_erp_processflow.php	erp_php	1941	mentioned	devin-erp
epc_pf_avatar_url	EpcPfAvatarUrl	content/shop/finance/epc_erp_processflow.php	erp_php	1941	mentioned	devin-erp
epc_pf_bu_for_dept	EpcPfBuForDept	content/shop/finance/epc_erp_processflow.php	erp_php	1941	mentioned	devin-erp
epc_pf_case_documents	EpcPfCaseDocuments	content/shop/finance/epc_erp_processflow.php	erp_php	1941	mentioned	devin-erp
epc_pf_case_get	EpcPfCaseGet	content/shop/finance/epc_erp_processflow.php	erp_php	1941	mentioned	devin-erp
epc_pf_case_timeline	EpcPfCaseTimeline	content/shop/finance/epc_erp_processflow.php	erp_php	1941	mentioned	devin-erp
epc_pf_demo_locations	EpcPfDemoLocations	content/shop/finance/epc_erp_processflow.php	erp_php	1941	mentioned	devin-erp
epc_pf_ensure_exp_process	EpcPfEnsureExpProcess	content/shop/finance/epc_erp_processflow.php	erp_php	1941	mentioned	devin-erp
epc_pf_ensure_order_process	EpcPfEnsureOrderProcess	content/shop/finance/epc_erp_processflow.php	erp_php	1941	mentioned	devin-erp
epc_pf_ensure_pay_process	EpcPfEnsurePayProcess	content/shop/finance/epc_erp_processflow.php	erp_php	1941	mentioned	devin-erp
epc_pf_ensure_po_process	EpcPfEnsurePoProcess	content/shop/finance/epc_erp_processflow.php	erp_php	1941	mentioned	devin-erp
epc_pf_exp_facts	EpcPfExpFacts	content/shop/finance/epc_erp_processflow.php	erp_php	1941	mentioned	devin-erp
epc_pf_exp_target_stage	EpcPfExpTargetStage	content/shop/finance/epc_erp_processflow.php	erp_php	1941	mentioned	devin-erp
epc_pf_legal_entity_for_location	EpcPfLegalEntityForLocation	content/shop/finance/epc_erp_processflow.php	erp_php	1941	mentioned	devin-erp
epc_pf_locations	EpcPfLocations	content/shop/finance/epc_erp_processflow.php	erp_php	1941	mentioned	devin-erp
epc_pf_monitor_summary	EpcPfMonitorSummary	content/shop/finance/epc_erp_processflow.php	erp_php	1941	mentioned	devin-erp
epc_pf_order_facts	EpcPfOrderFacts	content/shop/finance/epc_erp_processflow.php	erp_php	1941	mentioned	devin-erp
epc_pf_order_target_stage	EpcPfOrderTargetStage	content/shop/finance/epc_erp_processflow.php	erp_php	1941	mentioned	devin-erp
epc_pf_orgmap_data	EpcPfOrgmapData	content/shop/finance/epc_erp_processflow.php	erp_php	1941	mentioned	devin-erp
epc_pf_pay_facts	EpcPfPayFacts	content/shop/finance/epc_erp_processflow.php	erp_php	1941	mentioned	devin-erp
epc_pf_pay_target_stage	EpcPfPayTargetStage	content/shop/finance/epc_erp_processflow.php	erp_php	1941	mentioned	devin-erp
epc_pf_po_facts	EpcPfPoFacts	content/shop/finance/epc_erp_processflow.php	erp_php	1941	mentioned	devin-erp
epc_pf_po_target_stage	EpcPfPoTargetStage	content/shop/finance/epc_erp_processflow.php	erp_php	1941	mentioned	devin-erp
epc_pf_process_steps	EpcPfProcessSteps	content/shop/finance/epc_erp_processflow.php	erp_php	1941	mentioned	devin-erp
epc_pf_sync_all_exp_cases	EpcPfSyncAllExpCases	content/shop/finance/epc_erp_processflow.php	erp_php	1941	mentioned	devin-erp
epc_pf_sync_all_order_cases	EpcPfSyncAllOrderCases	content/shop/finance/epc_erp_processflow.php	erp_php	1941	mentioned	devin-erp
epc_pf_sync_all_pay_cases	EpcPfSyncAllPayCases	content/shop/finance/epc_erp_processflow.php	erp_php	1941	mentioned	devin-erp
epc_pf_sync_all_po_cases	EpcPfSyncAllPoCases	content/shop/finance/epc_erp_processflow.php	erp_php	1941	mentioned	devin-erp
epc_pf_user_location	EpcPfUserLocation	content/shop/finance/epc_erp_processflow.php	erp_php	1941	mentioned	devin-erp
epc_pf_user_name	EpcPfUserName	content/shop/finance/epc_erp_processflow.php	erp_php	1941	mentioned	devin-erp
epc_pf_user_photo	EpcPfUserPhoto	content/shop/finance/epc_erp_processflow.php	erp_php	1941	mentioned	devin-erp
epc_pf_workforce_data	EpcPfWorkforceData	content/shop/finance/epc_erp_processflow.php	erp_php	1941	mentioned	devin-erp
epc_proc_categories	EpcProcCategories	content/shop/finance/epc_erp_procurement.php	erp_php	436	gap	devin-erp
epc_proc_category_get	EpcProcCategoryGet	content/shop/finance/epc_erp_procurement.php	erp_php	436	gap	devin-erp
epc_proc_ensure_schema	EpcProcEnsureSchema	content/shop/finance/epc_erp_procurement.php	erp_php	436	gap	devin-erp
epc_proc_policies	EpcProcPolicies	content/shop/finance/epc_erp_procurement.php	erp_php	436	gap	devin-erp
epc_proc_policy_for_category	EpcProcPolicyForCategory	content/shop/finance/epc_erp_procurement.php	erp_php	436	gap	devin-erp
epc_proc_req_get	EpcProcReqGet	content/shop/finance/epc_erp_procurement.php	erp_php	436	gap	devin-erp
epc_proc_req_lines	EpcProcReqLines	content/shop/finance/epc_erp_procurement.php	erp_php	436	gap	devin-erp
epc_proc_req_next_number	EpcProcReqNextNumber	content/shop/finance/epc_erp_procurement.php	erp_php	436	gap	devin-erp
epc_proc_req_statuses	EpcProcReqStatuses	content/shop/finance/epc_erp_procurement.php	erp_php	436	gap	devin-erp
epc_proc_reqs	EpcProcReqs	content/shop/finance/epc_erp_procurement.php	erp_php	436	gap	devin-erp
epc_proc_summary	EpcProcSummary	content/shop/finance/epc_erp_procurement.php	erp_php	436	gap	devin-erp
epc_erp_prod_dim_group_default	EpcErpProdDimGroupDefault	content/shop/finance/epc_erp_product_structure.php	erp_php	429	gap	devin-erp
epc_erp_prod_dim_group_get	EpcErpProdDimGroupGet	content/shop/finance/epc_erp_product_structure.php	erp_php	429	gap	devin-erp
epc_erp_prod_dim_group_save	EpcErpProdDimGroupSave	content/shop/finance/epc_erp_product_structure.php	erp_php	429	gap	devin-erp
epc_erp_prod_dim_value_add	EpcErpProdDimValueAdd	content/shop/finance/epc_erp_product_structure.php	erp_php	429	gap	devin-erp
epc_erp_prod_dim_value_delete	EpcErpProdDimValueDelete	content/shop/finance/epc_erp_product_structure.php	erp_php	429	gap	devin-erp
epc_erp_prod_dim_values_list	EpcErpProdDimValuesList	content/shop/finance/epc_erp_product_structure.php	erp_php	429	gap	devin-erp
epc_erp_prod_dimension_catalog	EpcErpProdDimensionCatalog	content/shop/finance/epc_erp_product_structure.php	erp_php	429	gap	devin-erp
epc_erp_prod_dimension_label	EpcErpProdDimensionLabel	content/shop/finance/epc_erp_product_structure.php	erp_php	429	gap	devin-erp
epc_erp_prod_product_dim_keys	EpcErpProdProductDimKeys	content/shop/finance/epc_erp_product_structure.php	erp_php	429	gap	devin-erp
epc_erp_prod_structure_ensure_schema	EpcErpProdStructureEnsureSchema	content/shop/finance/epc_erp_product_structure.php	erp_php	429	gap	devin-erp
epc_erp_prod_variants_for_item	EpcErpProdVariantsForItem	content/shop/finance/epc_erp_product_structure.php	erp_php	429	gap	devin-erp
epc_erp_prod_variants_generate	EpcErpProdVariantsGenerate	content/shop/finance/epc_erp_product_structure.php	erp_php	429	gap	devin-erp
epc_erp_variant_code_token	EpcErpVariantCodeToken	content/shop/finance/epc_erp_product_structure.php	erp_php	429	gap	devin-erp
epc_erp_variant_label	EpcErpVariantLabel	content/shop/finance/epc_erp_product_structure.php	erp_php	429	gap	devin-erp
epc_erp_variant_matrix	EpcErpVariantMatrix	content/shop/finance/epc_erp_product_structure.php	erp_php	429	gap	devin-erp
epc_erp_variant_sku	EpcErpVariantSku	content/shop/finance/epc_erp_product_structure.php	erp_php	429	gap	devin-erp
epc_prja_actuals	EpcPrjaActuals	content/shop/finance/epc_erp_project_accounting.php	erp_php	319	mentioned	devin-erp
epc_prja_budget_totals	EpcPrjaBudgetTotals	content/shop/finance/epc_erp_project_accounting.php	erp_php	319	mentioned	devin-erp
epc_prja_budgets	EpcPrjaBudgets	content/shop/finance/epc_erp_project_accounting.php	erp_php	319	mentioned	devin-erp
epc_prja_ensure_schema	EpcPrjaEnsureSchema	content/shop/finance/epc_erp_project_accounting.php	erp_php	319	mentioned	devin-erp
epc_prja_pct_complete	EpcPrjaPctComplete	content/shop/finance/epc_erp_project_accounting.php	erp_php	319	mentioned	devin-erp
epc_prja_pnl	EpcPrjaPnl	content/shop/finance/epc_erp_project_accounting.php	erp_php	319	mentioned	devin-erp
epc_prja_recognition_run	EpcPrjaRecognitionRun	content/shop/finance/epc_erp_project_accounting.php	erp_php	319	mentioned	devin-erp
epc_prja_recognitions	EpcPrjaRecognitions	content/shop/finance/epc_erp_project_accounting.php	erp_php	319	mentioned	devin-erp
epc_prja_recognize	EpcPrjaRecognize	content/shop/finance/epc_erp_project_accounting.php	erp_php	319	mentioned	devin-erp
epc_prja_summary	EpcPrjaSummary	content/shop/finance/epc_erp_project_accounting.php	erp_php	319	mentioned	devin-erp
epc_prja_txn_types	EpcPrjaTxnTypes	content/shop/finance/epc_erp_project_accounting.php	erp_php	319	mentioned	devin-erp
epc_prja_txns	EpcPrjaTxns	content/shop/finance/epc_erp_project_accounting.php	erp_php	319	mentioned	devin-erp
epc_con_expiring	EpcConExpiring	content/shop/finance/epc_erp_projects.php	erp_php	320	gap	devin-erp
epc_con_save	EpcConSave	content/shop/finance/epc_erp_projects.php	erp_php	320	gap	devin-erp
epc_prj_ensure_schema	EpcPrjEnsureSchema	content/shop/finance/epc_erp_projects.php	erp_php	320	gap	devin-erp
epc_prj_get	EpcPrjGet	content/shop/finance/epc_erp_projects.php	erp_php	320	gap	devin-erp
epc_prj_list	EpcPrjList	content/shop/finance/epc_erp_projects.php	erp_php	320	gap	devin-erp
epc_prj_portfolio	EpcPrjPortfolio	content/shop/finance/epc_erp_projects.php	erp_php	320	gap	devin-erp
epc_prj_summary	EpcPrjSummary	content/shop/finance/epc_erp_projects.php	erp_php	320	gap	devin-erp
epc_prj_tasks_list	EpcPrjTasksList	content/shop/finance/epc_erp_projects.php	erp_php	320	gap	devin-erp
epc_prj_timesheets_list	EpcPrjTimesheetsList	content/shop/finance/epc_erp_projects.php	erp_php	320	gap	devin-erp
epc_qc_inspect	EpcQcInspect	content/shop/finance/epc_erp_projects.php	erp_php	320	gap	devin-erp
epc_qm_ensure_schema	EpcQmEnsureSchema	content/shop/finance/epc_erp_quality.php	erp_php	383	gap	devin-erp
epc_qm_eval_test	EpcQmEvalTest	content/shop/finance/epc_erp_quality.php	erp_php	383	gap	devin-erp
epc_qm_ncrs	EpcQmNcrs	content/shop/finance/epc_erp_quality.php	erp_php	383	gap	devin-erp
epc_qm_order_create	EpcQmOrderCreate	content/shop/finance/epc_erp_quality.php	erp_php	383	gap	devin-erp
epc_qm_order_results	EpcQmOrderResults	content/shop/finance/epc_erp_quality.php	erp_php	383	gap	devin-erp
epc_qm_orders	EpcQmOrders	content/shop/finance/epc_erp_quality.php	erp_php	383	gap	devin-erp
epc_qm_plan_tests	EpcQmPlanTests	content/shop/finance/epc_erp_quality.php	erp_php	383	gap	devin-erp
epc_qm_plans	EpcQmPlans	content/shop/finance/epc_erp_quality.php	erp_php	383	gap	devin-erp
epc_qm_summary	EpcQmSummary	content/shop/finance/epc_erp_quality.php	erp_php	383	gap	devin-erp
epc_qm_verdict	EpcQmVerdict	content/shop/finance/epc_erp_quality.php	erp_php	383	gap	devin-erp
epc_rbac_access_rank	EpcRbacAccessRank	content/shop/finance/epc_erp_rbac.php	erp_php	390	mentioned	devin-erp
epc_rbac_can	EpcRbacCan	content/shop/finance/epc_erp_rbac.php	erp_php	390	mentioned	devin-erp
epc_rbac_duties	EpcRbacDuties	content/shop/finance/epc_erp_rbac.php	erp_php	390	mentioned	devin-erp
epc_rbac_duty_privileges	EpcRbacDutyPrivileges	content/shop/finance/epc_erp_rbac.php	erp_php	390	mentioned	devin-erp
epc_rbac_effective	EpcRbacEffective	content/shop/finance/epc_erp_rbac.php	erp_php	390	mentioned	devin-erp
epc_rbac_ensure_schema	EpcRbacEnsureSchema	content/shop/finance/epc_erp_rbac.php	erp_php	390	mentioned	devin-erp
epc_rbac_levels	EpcRbacLevels	content/shop/finance/epc_erp_rbac.php	erp_php	390	mentioned	devin-erp
epc_rbac_privileges	EpcRbacPrivileges	content/shop/finance/epc_erp_rbac.php	erp_php	390	mentioned	devin-erp
epc_rbac_role_duties	EpcRbacRoleDuties	content/shop/finance/epc_erp_rbac.php	erp_php	390	mentioned	devin-erp
epc_rbac_roles	EpcRbacRoles	content/shop/finance/epc_erp_rbac.php	erp_php	390	mentioned	devin-erp
epc_rbac_summary	EpcRbacSummary	content/shop/finance/epc_erp_rbac.php	erp_php	390	mentioned	devin-erp
epc_rbac_user_privileges	EpcRbacUserPrivileges	content/shop/finance/epc_erp_rbac.php	erp_php	390	mentioned	devin-erp
epc_rbac_user_roles	EpcRbacUserRoles	content/shop/finance/epc_erp_rbac.php	erp_php	390	mentioned	devin-erp
epc_re_dashboard	EpcReDashboard	content/shop/finance/epc_erp_real_estate.php	erp_php	482	gap	devin-erp
epc_re_ensure_depth_schema	EpcReEnsureDepthSchema	content/shop/finance/epc_erp_real_estate.php	erp_php	482	gap	devin-erp
epc_re_ensure_schema	EpcReEnsureSchema	content/shop/finance/epc_erp_real_estate.php	erp_php	482	gap	devin-erp
epc_re_escalation_process	EpcReEscalationProcess	content/shop/finance/epc_erp_real_estate.php	erp_php	482	gap	devin-erp
epc_re_ifrs16_calculate	EpcReIfrs16Calculate	content/shop/finance/epc_erp_real_estate.php	erp_php	482	gap	devin-erp
epc_re_insurance_save	EpcReInsuranceSave	content/shop/finance/epc_erp_real_estate.php	erp_php	482	gap	devin-erp
epc_re_lease_expiry_alerts	EpcReLeaseExpiryAlerts	content/shop/finance/epc_erp_real_estate.php	erp_php	482	gap	devin-erp
epc_re_lease_generate_schedule	EpcReLeaseGenerateSchedule	content/shop/finance/epc_erp_real_estate.php	erp_php	482	gap	devin-erp
epc_re_lease_list	EpcReLeaseList	content/shop/finance/epc_erp_real_estate.php	erp_php	482	gap	devin-erp
epc_re_lease_modify	EpcReLeaseModify	content/shop/finance/epc_erp_real_estate.php	erp_php	482	gap	devin-erp
epc_re_lease_save	EpcReLeaseSave	content/shop/finance/epc_erp_real_estate.php	erp_php	482	gap	devin-erp
epc_re_lease_schedule	EpcReLeaseSchedule	content/shop/finance/epc_erp_real_estate.php	erp_php	482	gap	devin-erp
epc_re_maintenance_complete	EpcReMaintenanceComplete	content/shop/finance/epc_erp_real_estate.php	erp_php	482	gap	devin-erp
epc_re_maintenance_save	EpcReMaintenanceSave	content/shop/finance/epc_erp_real_estate.php	erp_php	482	gap	devin-erp
epc_re_occupancy_cost	EpcReOccupancyCost	content/shop/finance/epc_erp_real_estate.php	erp_php	482	gap	devin-erp
epc_re_portfolio_summary	EpcRePortfolioSummary	content/shop/finance/epc_erp_real_estate.php	erp_php	482	gap	devin-erp
epc_re_property_list	EpcRePropertyList	content/shop/finance/epc_erp_real_estate.php	erp_php	482	gap	devin-erp
epc_re_property_save	EpcRePropertySave	content/shop/finance/epc_erp_real_estate.php	erp_php	482	gap	devin-erp
epc_re_revenue_save	EpcReRevenueSave	content/shop/finance/epc_erp_real_estate.php	erp_php	482	gap	devin-erp
epc_re_schedule_mark_paid	EpcReScheduleMarkPaid	content/shop/finance/epc_erp_real_estate.php	erp_php	482	gap	devin-erp
epc_re_valuation_save	EpcReValuationSave	content/shop/finance/epc_erp_real_estate.php	erp_php	482	gap	devin-erp
epc_rc_report_get	EpcRcReportGet	content/shop/finance/epc_erp_report_center.php	erp_php	325	mentioned	devin-erp
epc_rc_reports_for	EpcRcReportsFor	content/shop/finance/epc_erp_report_center.php	erp_php	325	mentioned	devin-erp
epc_rc_run	EpcRcRun	content/shop/finance/epc_erp_report_center.php	erp_php	325	mentioned	devin-erp
epc_rc_safe_rows	EpcRcSafeRows	content/shop/finance/epc_erp_report_center.php	erp_php	325	mentioned	devin-erp
epc_rc_table_rows	EpcRcTableRows	content/shop/finance/epc_erp_report_center.php	erp_php	325	mentioned	devin-erp
epc_report_sched_ensure_schema	EpcReportSchedEnsureSchema	content/shop/finance/epc_erp_report_scheduler.php	erp_php	109	gap	devin-erp
epc_report_sched_get_due	EpcReportSchedGetDue	content/shop/finance/epc_erp_report_scheduler.php	erp_php	109	gap	devin-erp
epc_report_sched_list	EpcReportSchedList	content/shop/finance/epc_erp_report_scheduler.php	erp_php	109	gap	devin-erp
epc_report_sched_send	EpcReportSchedSend	content/shop/finance/epc_erp_report_scheduler.php	erp_php	109	gap	devin-erp
epc_rtl_active_discounts	EpcRtlActiveDiscounts	content/shop/finance/epc_erp_retail.php	erp_php	426	mentioned	devin-erp
epc_rtl_assortments	EpcRtlAssortments	content/shop/finance/epc_erp_retail.php	erp_php	426	mentioned	devin-erp
epc_rtl_channels	EpcRtlChannels	content/shop/finance/epc_erp_retail.php	erp_php	426	mentioned	devin-erp
epc_rtl_discounts	EpcRtlDiscounts	content/shop/finance/epc_erp_retail.php	erp_php	426	mentioned	devin-erp
epc_rtl_ensure_schema	EpcRtlEnsureSchema	content/shop/finance/epc_erp_retail.php	erp_php	426	mentioned	devin-erp
epc_rtl_in_assortment	EpcRtlInAssortment	content/shop/finance/epc_erp_retail.php	erp_php	426	mentioned	devin-erp
epc_rtl_statement	EpcRtlStatement	content/shop/finance/epc_erp_retail.php	erp_php	426	mentioned	devin-erp
epc_rtl_statement_totals	EpcRtlStatementTotals	content/shop/finance/epc_erp_retail.php	erp_php	426	mentioned	devin-erp
epc_rtl_summary	EpcRtlSummary	content/shop/finance/epc_erp_retail.php	erp_php	426	mentioned	devin-erp
epc_rtl_transactions	EpcRtlTransactions	content/shop/finance/epc_erp_retail.php	erp_php	426	mentioned	devin-erp
epc_rfid_ensure_schema	EpcRfidEnsureSchema	content/shop/finance/epc_erp_rfid.php	erp_php	142	gap	devin-erp
epc_rfid_list_tags	EpcRfidListTags	content/shop/finance/epc_erp_rfid.php	erp_php	142	gap	devin-erp
epc_erp_seed_defaults	EpcErpSeedDefaults	content/shop/finance/epc_erp_schema.php	erp_php	187	gap	devin-erp
epc_scm_carrier_save	EpcScmCarrierSave	content/shop/finance/epc_erp_scm.php	erp_php	1026	gap	devin-erp
epc_scm_carrier_tracking_url	EpcScmCarrierTrackingUrl	content/shop/finance/epc_erp_scm.php	erp_php	1026	gap	devin-erp
epc_scm_demand_stats	EpcScmDemandStats	content/shop/finance/epc_erp_scm.php	erp_php	1026	gap	devin-erp
epc_scm_ensure_schema	EpcScmEnsureSchema	content/shop/finance/epc_erp_scm.php	erp_php	1026	gap	devin-erp
epc_scm_forecast	EpcScmForecast	content/shop/finance/epc_erp_scm.php	erp_php	1026	gap	devin-erp
epc_scm_landed_cost_allocate	EpcScmLandedCostAllocate	content/shop/finance/epc_erp_scm.php	erp_php	1026	gap	devin-erp
epc_scm_landed_cost_apply	EpcScmLandedCostApply	content/shop/finance/epc_erp_scm.php	erp_php	1026	gap	devin-erp
epc_scm_landed_cost_save	EpcScmLandedCostSave	content/shop/finance/epc_erp_scm.php	erp_php	1026	gap	devin-erp
epc_scm_logistics_dashboard	EpcScmLogisticsDashboard	content/shop/finance/epc_erp_scm.php	erp_js	1026	gap	devin-erp
epc_scm_next_no	EpcScmNextNo	content/shop/finance/epc_erp_scm.php	erp_php	1026	gap	devin-erp
epc_scm_planning_set	EpcScmPlanningSet	content/shop/finance/epc_erp_scm.php	erp_php	1026	gap	devin-erp
epc_scm_planning_suggestions	EpcScmPlanningSuggestions	content/shop/finance/epc_erp_scm.php	erp_php	1026	gap	devin-erp
epc_scm_reorder_point	EpcScmReorderPoint	content/shop/finance/epc_erp_scm.php	erp_php	1026	gap	devin-erp
epc_scm_rfq_compare	EpcScmRfqCompare	content/shop/finance/epc_erp_scm.php	erp_php	1026	gap	devin-erp
epc_scm_rfq_save	EpcScmRfqSave	content/shop/finance/epc_erp_scm.php	erp_php	1026	gap	devin-erp
epc_scm_shipment_receive	EpcScmShipmentReceive	content/shop/finance/epc_erp_scm.php	erp_js	1026	gap	devin-erp
epc_scm_shipment_save	EpcScmShipmentSave	content/shop/finance/epc_erp_scm.php	erp_php	1026	gap	devin-erp
epc_scm_shipment_set_status	EpcScmShipmentSetStatus	content/shop/finance/epc_erp_scm.php	erp_php	1026	gap	devin-erp
epc_erp_send_security_headers	EpcErpSendSecurityHeaders	content/shop/finance/epc_erp_security.php	erp_php	52	gap	devin-erp
epc_erp_settlement_admin_id	EpcErpSettlementAdminId	content/shop/finance/epc_erp_settlement.php	erp_php	250	mentioned	devin-erp
epc_erp_settlement_ensure_schema	EpcErpSettlementEnsureSchema	content/shop/finance/epc_erp_settlement.php	erp_php	250	mentioned	devin-erp
epc_shortcuts_add	EpcShortcutsAdd	content/shop/finance/epc_erp_shortcut_icons.php	erp_php	377	mentioned	devin-erp
epc_shortcuts_catalog_cp	EpcShortcutsCatalogCp	content/shop/finance/epc_erp_shortcut_icons.php	erp_php	377	mentioned	devin-erp
epc_shortcuts_catalog_erp	EpcShortcutsCatalogErp	content/shop/finance/epc_erp_shortcut_icons.php	erp_php	377	mentioned	devin-erp
epc_shortcuts_delete	EpcShortcutsDelete	content/shop/finance/epc_erp_shortcut_icons.php	erp_php	377	mentioned	devin-erp
epc_shortcuts_delete_by_key	EpcShortcutsDeleteByKey	content/shop/finance/epc_erp_shortcut_icons.php	erp_php	377	mentioned	devin-erp
epc_shortcuts_ensure_schema	EpcShortcutsEnsureSchema	content/shop/finance/epc_erp_shortcut_icons.php	erp_php	377	mentioned	devin-erp
epc_shortcuts_reorder	EpcShortcutsReorder	content/shop/finance/epc_erp_shortcut_icons.php	erp_php	377	mentioned	devin-erp
epc_shortcuts_reset	EpcShortcutsReset	content/shop/finance/epc_erp_shortcut_icons.php	erp_php	377	mentioned	devin-erp
epc_shortcuts_seed_defaults	EpcShortcutsSeedDefaults	content/shop/finance/epc_erp_shortcut_icons.php	erp_php	377	mentioned	devin-erp
epc_shortcuts_user_id	EpcShortcutsUserId	content/shop/finance/epc_erp_shortcut_icons.php	erp_php	377	mentioned	devin-erp
epc_sla_check_compliance	EpcSlaCheckCompliance	content/shop/finance/epc_erp_sla.php	erp_php	97	gap	devin-erp
epc_sla_ensure_schema	EpcSlaEnsureSchema	content/shop/finance/epc_erp_sla.php	erp_php	97	gap	devin-erp
epc_sla_list	EpcSlaList	content/shop/finance/epc_erp_sla.php	erp_php	97	gap	devin-erp
epc_erp_departments_config	EpcErpDepartmentsConfig	content/shop/finance/epc_erp_staff.php	erp_php	851	gap	devin-erp
epc_erp_hr_list	EpcErpHrList	content/shop/finance/epc_erp_staff.php	erp_php	851	gap	devin-erp
epc_erp_marketing_list	EpcErpMarketingList	content/shop/finance/epc_erp_staff.php	erp_php	851	gap	devin-erp
epc_erp_staff_all_tabs	EpcErpStaffAllTabs	content/shop/finance/epc_erp_staff.php	erp_php	851	gap	devin-erp
epc_erp_staff_allowed_tabs	EpcErpStaffAllowedTabs	content/shop/finance/epc_erp_staff.php	erp_php	851	gap	devin-erp
epc_erp_staff_create_user	EpcErpStaffCreateUser	content/shop/finance/epc_erp_staff.php	erp_php	851	gap	devin-erp
epc_erp_staff_dashboard	EpcErpStaffDashboard	content/shop/finance/epc_erp_staff.php	erp_php	851	gap	devin-erp
epc_erp_staff_demo_report	EpcErpStaffDemoReport	content/shop/finance/epc_erp_staff.php	erp_php	851	gap	devin-erp
epc_erp_staff_department_name	EpcErpStaffDepartmentName	content/shop/finance/epc_erp_staff.php	erp_php	851	gap	devin-erp
epc_erp_staff_ensure_group	EpcErpStaffEnsureGroup	content/shop/finance/epc_erp_staff.php	erp_php	851	gap	devin-erp
epc_erp_staff_ensure_schema	EpcErpStaffEnsureSchema	content/shop/finance/epc_erp_staff.php	erp_php	851	gap	devin-erp
epc_erp_staff_group_id	EpcErpStaffGroupId	content/shop/finance/epc_erp_staff.php	erp_php	851	gap	devin-erp
epc_erp_staff_lang	EpcErpStaffLang	content/shop/finance/epc_erp_staff.php	erp_php	851	gap	devin-erp
epc_erp_staff_list	EpcErpStaffList	content/shop/finance/epc_erp_staff.php	erp_php	851	gap	devin-erp
epc_erp_staff_primary_department	EpcErpStaffPrimaryDepartment	content/shop/finance/epc_erp_staff.php	erp_php	851	gap	devin-erp
epc_erp_staff_seed_demo	EpcErpStaffSeedDemo	content/shop/finance/epc_erp_staff.php	erp_php	851	gap	devin-erp
epc_erp_staff_seed_departments	EpcErpStaffSeedDepartments	content/shop/finance/epc_erp_staff.php	erp_php	851	gap	devin-erp
epc_erp_staff_user_is_full_admin	EpcErpStaffUserIsFullAdmin	content/shop/finance/epc_erp_staff.php	erp_php	851	gap	devin-erp
epc_erp_workflow_list	EpcErpWorkflowList	content/shop/finance/epc_erp_staff.php	erp_php	851	gap	devin-erp
epc_sub_billed_total	EpcSubBilledTotal	content/shop/finance/epc_erp_subscriptions.php	erp_php	252	mentioned	devin-erp
epc_sub_cycle_months	EpcSubCycleMonths	content/shop/finance/epc_erp_subscriptions.php	erp_php	252	mentioned	devin-erp
epc_sub_get	EpcSubGet	content/shop/finance/epc_erp_subscriptions.php	erp_php	252	mentioned	devin-erp
epc_sub_invoices_list	EpcSubInvoicesList	content/shop/finance/epc_erp_subscriptions.php	erp_php	252	mentioned	devin-erp
epc_sub_list	EpcSubList	content/shop/finance/epc_erp_subscriptions.php	erp_php	252	mentioned	devin-erp
epc_sub_mrr	EpcSubMrr	content/shop/finance/epc_erp_subscriptions.php	erp_php	252	mentioned	devin-erp
epc_sub_revenue_recognized	EpcSubRevenueRecognized	content/shop/finance/epc_erp_subscriptions.php	erp_php	252	mentioned	devin-erp
epc_sub_summary	EpcSubSummary	content/shop/finance/epc_erp_subscriptions.php	erp_php	252	mentioned	devin-erp
epc_sp_safe_query	EpcSpSafeQuery	content/shop/finance/epc_erp_supplier_portal.php	erp_php	158	gap	devin-erp
epc_sp_scorecards	EpcSpScorecards	content/shop/finance/epc_erp_supplier_portal.php	erp_php	158	gap	devin-erp
epc_sp_supplier_detail	EpcSpSupplierDetail	content/shop/finance/epc_erp_supplier_portal.php	erp_php	158	gap	devin-erp
epc_theme_css_vars	EpcThemeCssVars	content/shop/finance/epc_erp_theme.php	erp_php	261	gap	devin-erp
epc_theme_default	EpcThemeDefault	content/shop/finance/epc_erp_theme.php	erp_php	261	gap	devin-erp
epc_theme_for_surface	EpcThemeForSurface	content/shop/finance/epc_erp_theme.php	erp_php	261	gap	devin-erp
epc_theme_get	EpcThemeGet	content/shop/finance/epc_erp_theme.php	erp_php	261	gap	devin-erp
epc_theme_presets	EpcThemePresets	content/shop/finance/epc_erp_theme.php	erp_php	261	gap	devin-erp
epc_theme_resolve_setting	EpcThemeResolveSetting	content/shop/finance/epc_erp_theme.php	erp_php	261	gap	devin-erp
epc_theme_style_tag	EpcThemeStyleTag	content/shop/finance/epc_erp_theme.php	erp_php	261	gap	devin-erp
epc_theme_style_tag_for_surface	EpcThemeStyleTagForSurface	content/shop/finance/epc_erp_theme.php	erp_php	261	gap	devin-erp
epc_theme_surface_map	EpcThemeSurfaceMap	content/shop/finance/epc_erp_theme.php	erp_php	261	gap	devin-erp
epc_theme_swatch_html	EpcThemeSwatchHtml	content/shop/finance/epc_erp_theme.php	erp_php	261	gap	devin-erp
epc_tickets_ensure_schema	EpcTicketsEnsureSchema	content/shop/finance/epc_erp_tickets.php	erp_php	173	mentioned	devin-erp
epc_tickets_generate_no	EpcTicketsGenerateNo	content/shop/finance/epc_erp_tickets.php	erp_php	173	mentioned	devin-erp
epc_tickets_list	EpcTicketsList	content/shop/finance/epc_erp_tickets.php	erp_php	173	mentioned	devin-erp
epc_tickets_stats	EpcTicketsStats	content/shop/finance/epc_erp_tickets.php	erp_php	173	mentioned	devin-erp
epc_tickets_update	EpcTicketsUpdate	content/shop/finance/epc_erp_tickets.php	erp_php	173	mentioned	devin-erp
epc_erp_topbar_brand_context	EpcErpTopbarBrandContext	content/shop/finance/epc_erp_topbar_brand.php	erp_php	240	gap	devin-erp
epc_erp_topbar_brand_img	EpcErpTopbarBrandImg	content/shop/finance/epc_erp_topbar_brand.php	erp_php	240	gap	devin-erp
epc_erp_topbar_brand_initials	EpcErpTopbarBrandInitials	content/shop/finance/epc_erp_topbar_brand.php	erp_php	240	gap	devin-erp
epc_erp_topbar_brand_markup	EpcErpTopbarBrandMarkup	content/shop/finance/epc_erp_topbar_brand.php	erp_php	240	gap	devin-erp
epc_tourist_refund_ensure_schema	EpcTouristRefundEnsureSchema	content/shop/finance/epc_erp_tourist_refund.php	erp_php	94	gap	devin-erp
epc_tourist_refund_generate_barcode	EpcTouristRefundGenerateBarcode	content/shop/finance/epc_erp_tourist_refund.php	erp_php	94	gap	devin-erp
epc_tms_carrier_list	EpcTmsCarrierList	content/shop/finance/epc_erp_transport.php	erp_php	507	gap	devin-erp
epc_tms_carrier_performance	EpcTmsCarrierPerformance	content/shop/finance/epc_erp_transport.php	erp_php	507	gap	devin-erp
epc_tms_carrier_save	EpcTmsCarrierSave	content/shop/finance/epc_erp_transport.php	erp_php	507	gap	devin-erp
epc_tms_claim_save	EpcTmsClaimSave	content/shop/finance/epc_erp_transport.php	erp_php	507	gap	devin-erp
epc_tms_consolidate_shipments	EpcTmsConsolidateShipments	content/shop/finance/epc_erp_transport.php	erp_php	507	gap	devin-erp
epc_tms_dashboard	EpcTmsDashboard	content/shop/finance/epc_erp_transport.php	erp_php	507	gap	devin-erp
epc_tms_ensure_depth_schema	EpcTmsEnsureDepthSchema	content/shop/finance/epc_erp_transport.php	erp_php	507	gap	devin-erp
epc_tms_ensure_schema	EpcTmsEnsureSchema	content/shop/finance/epc_erp_transport.php	erp_php	507	gap	devin-erp
epc_tms_freight_gl_post	EpcTmsFreightGlPost	content/shop/finance/epc_erp_transport.php	erp_php	507	gap	devin-erp
epc_tms_freight_invoice_approve	EpcTmsFreightInvoiceApprove	content/shop/finance/epc_erp_transport.php	erp_php	507	gap	devin-erp
epc_tms_freight_invoice_save	EpcTmsFreightInvoiceSave	content/shop/finance/epc_erp_transport.php	erp_php	507	gap	devin-erp
epc_tms_load_plan_create	EpcTmsLoadPlanCreate	content/shop/finance/epc_erp_transport.php	erp_php	507	gap	devin-erp
epc_tms_load_plan_optimize	EpcTmsLoadPlanOptimize	content/shop/finance/epc_erp_transport.php	erp_php	507	gap	devin-erp
epc_tms_rate_calculate	EpcTmsRateCalculate	content/shop/finance/epc_erp_transport.php	erp_php	507	gap	devin-erp
epc_tms_rate_find	EpcTmsRateFind	content/shop/finance/epc_erp_transport.php	erp_php	507	gap	devin-erp
epc_tms_rate_save	EpcTmsRateSave	content/shop/finance/epc_erp_transport.php	erp_php	507	gap	devin-erp
epc_tms_shipment_deliver	EpcTmsShipmentDeliver	content/shop/finance/epc_erp_transport.php	erp_php	507	gap	devin-erp
epc_tms_shipment_dispatch	EpcTmsShipmentDispatch	content/shop/finance/epc_erp_transport.php	erp_php	507	gap	devin-erp
epc_tms_shipment_event_add	EpcTmsShipmentEventAdd	content/shop/finance/epc_erp_transport.php	erp_php	507	gap	devin-erp
epc_tms_shipment_events	EpcTmsShipmentEvents	content/shop/finance/epc_erp_transport.php	erp_php	507	gap	devin-erp
epc_tms_shipment_line_add	EpcTmsShipmentLineAdd	content/shop/finance/epc_erp_transport.php	erp_php	507	gap	devin-erp
epc_tms_shipment_list	EpcTmsShipmentList	content/shop/finance/epc_erp_transport.php	erp_php	507	gap	devin-erp
epc_tms_shipment_save	EpcTmsShipmentSave	content/shop/finance/epc_erp_transport.php	erp_php	507	gap	devin-erp
epc_tms_tender_award	EpcTmsTenderAward	content/shop/finance/epc_erp_transport.php	erp_php	507	gap	devin-erp
epc_tms_tender_bid_submit	EpcTmsTenderBidSubmit	content/shop/finance/epc_erp_transport.php	erp_php	507	gap	devin-erp
epc_tms_tender_save	EpcTmsTenderSave	content/shop/finance/epc_erp_transport.php	erp_php	507	gap	devin-erp
epc_trez_classify_statement	EpcTrezClassifyStatement	content/shop/finance/epc_erp_treasury.php	erp_php	206	gap	devin-erp
epc_trez_crosscheck	EpcTrezCrosscheck	content/shop/finance/epc_erp_treasury.php	erp_php	206	gap	devin-erp
epc_trez_daily_cash	EpcTrezDailyCash	content/shop/finance/epc_erp_treasury.php	erp_php	206	gap	devin-erp
epc_trez_monitor	EpcTrezMonitor	content/shop/finance/epc_erp_treasury.php	erp_php	206	gap	devin-erp
epc_erp_all_tabs_config	EpcErpAllTabsConfig	content/shop/finance/epc_erp_ui.php	erp_php	702	gap	devin-erp
epc_erp_dashboard_quick_links	EpcErpDashboardQuickLinks	content/shop/finance/epc_erp_ui.php	erp_php	702	gap	devin-erp
epc_erp_render_dashboard_quick_actions	EpcErpRenderDashboardQuickActions	content/shop/finance/epc_erp_ui.php	erp_php	702	gap	devin-erp
epc_erp_render_tab_nav	EpcErpRenderTabNav	content/shop/finance/epc_erp_ui.php	erp_php	702	gap	devin-erp
epc_erp_tab_groups_config	EpcErpTabGroupsConfig	content/shop/finance/epc_erp_ui.php	erp_php	702	gap	devin-erp
epc_erp_tab_label	EpcErpTabLabel	content/shop/finance/epc_erp_ui.php	erp_php	702	gap	devin-erp
erp_action_pane	ErpActionPane	content/shop/finance/epc_erp_ui.php	erp_php	702	gap	devin-erp
erp_d365_assets	ErpD365Assets	content/shop/finance/epc_erp_ui.php	erp_php	702	gap	devin-erp
erp_empty_state	ErpEmptyState	content/shop/finance/epc_erp_ui.php	erp_php	702	gap	devin-erp
erp_factbox_close	ErpFactboxClose	content/shop/finance/epc_erp_ui.php	erp_php	702	gap	devin-erp
erp_factbox_open	ErpFactboxOpen	content/shop/finance/epc_erp_ui.php	erp_php	702	gap	devin-erp
erp_factbox_rows	ErpFactboxRows	content/shop/finance/epc_erp_ui.php	erp_php	702	gap	devin-erp
erp_fasttab_close	ErpFasttabClose	content/shop/finance/epc_erp_ui.php	erp_php	702	gap	devin-erp
erp_fasttab_open	ErpFasttabOpen	content/shop/finance/epc_erp_ui.php	erp_php	702	gap	devin-erp
erp_filter_bar	ErpFilterBar	content/shop/finance/epc_erp_ui.php	erp_php	702	gap	devin-erp
erp_list_toolbar	ErpListToolbar	content/shop/finance/epc_erp_ui.php	erp_php	702	gap	devin-erp
erp_section_card	ErpSectionCard	content/shop/finance/epc_erp_ui.php	erp_php	702	gap	devin-erp
erp_stat_cards	ErpStatCards	content/shop/finance/epc_erp_ui.php	erp_php	702	gap	devin-erp
erp_status_dot	ErpStatusDot	content/shop/finance/epc_erp_ui.php	erp_php	702	gap	devin-erp
erp_status_pill	ErpStatusPill	content/shop/finance/epc_erp_ui.php	erp_php	702	gap	devin-erp
erp_status_tone	ErpStatusTone	content/shop/finance/epc_erp_ui.php	erp_php	702	gap	devin-erp
erp_table_close	ErpTableClose	content/shop/finance/epc_erp_ui.php	erp_php	702	gap	devin-erp
erp_table_open	ErpTableOpen	content/shop/finance/epc_erp_ui.php	erp_php	702	gap	devin-erp
erp_tabpanel_close	ErpTabpanelClose	content/shop/finance/epc_erp_ui.php	erp_php	702	gap	devin-erp
erp_tabpanel_open	ErpTabpanelOpen	content/shop/finance/epc_erp_ui.php	erp_php	702	gap	devin-erp
erp_tabstrip	ErpTabstrip	content/shop/finance/epc_erp_ui.php	erp_php	702	gap	devin-erp
epc_vwh_ensure_schema	EpcVwhEnsureSchema	content/shop/finance/epc_erp_virtual_warehouse.php	erp_php	140	gap	devin-erp
epc_vwh_list_warehouses	EpcVwhListWarehouses	content/shop/finance/epc_erp_virtual_warehouse.php	erp_php	140	gap	devin-erp
epc_vwh_receive_transfer	EpcVwhReceiveTransfer	content/shop/finance/epc_erp_virtual_warehouse.php	erp_php	140	gap	devin-erp
epc_vwh_ship_transfer	EpcVwhShipTransfer	content/shop/finance/epc_erp_virtual_warehouse.php	erp_php	140	gap	devin-erp
epc_erp_commerce_tab_keys	EpcErpCommerceTabKeys	content/shop/finance/epc_erp_vouchers.php	erp_php	903	mentioned	devin-erp
epc_erp_customer_statement_aggregate	EpcErpCustomerStatementAggregate	content/shop/finance/epc_erp_vouchers.php	erp_php	903	mentioned	devin-erp
epc_erp_erp_only_dashboard_links	EpcErpErpOnlyDashboardLinks	content/shop/finance/epc_erp_vouchers.php	erp_php	903	mentioned	devin-erp
epc_erp_filter_commerce_tabs	EpcErpFilterCommerceTabs	content/shop/finance/epc_erp_vouchers.php	erp_php	903	mentioned	devin-erp
epc_erp_has_commerce_integration	EpcErpHasCommerceIntegration	content/shop/finance/epc_erp_vouchers.php	erp_php	903	mentioned	devin-erp
epc_erp_is_erp_only_context	EpcErpIsErpOnlyContext	content/shop/finance/epc_erp_vouchers.php	erp_php	903	mentioned	devin-erp
epc_erp_manual_sales_orders_list	EpcErpManualSalesOrdersList	content/shop/finance/epc_erp_vouchers.php	erp_php	903	mentioned	devin-erp
epc_erp_voucher_pad_for	EpcErpVoucherPadFor	content/shop/finance/epc_erp_vouchers.php	erp_php	903	mentioned	devin-erp
epc_erp_voucher_prefix_for	EpcErpVoucherPrefixFor	content/shop/finance/epc_erp_vouchers.php	erp_php	903	mentioned	devin-erp
epc_erp_voucher_prefix_map	EpcErpVoucherPrefixMap	content/shop/finance/epc_erp_vouchers.php	erp_php	903	mentioned	devin-erp
epc_erp_voucher_type_labels	EpcErpVoucherTypeLabels	content/shop/finance/epc_erp_vouchers.php	erp_php	903	mentioned	devin-erp
epc_wht_calc	EpcWhtCalc	content/shop/finance/epc_erp_withholding.php	erp_php	230	mentioned	devin-erp
epc_wht_code_get	EpcWhtCodeGet	content/shop/finance/epc_erp_withholding.php	erp_php	230	mentioned	devin-erp
epc_wht_codes	EpcWhtCodes	content/shop/finance/epc_erp_withholding.php	erp_php	230	mentioned	devin-erp
epc_wht_ensure_schema	EpcWhtEnsureSchema	content/shop/finance/epc_erp_withholding.php	erp_php	230	mentioned	devin-erp
epc_wht_summary	EpcWhtSummary	content/shop/finance/epc_erp_withholding.php	erp_php	230	mentioned	devin-erp
epc_wht_txn_get	EpcWhtTxnGet	content/shop/finance/epc_erp_withholding.php	erp_php	230	mentioned	devin-erp
epc_wht_txns	EpcWhtTxns	content/shop/finance/epc_erp_withholding.php	erp_php	230	mentioned	devin-erp
epc_wms_ensure_schema	EpcWmsEnsureSchema	content/shop/finance/epc_erp_wms.php	erp_php	570	gap	devin-erp
epc_wms_location_get	EpcWmsLocationGet	content/shop/finance/epc_erp_wms.php	erp_php	570	gap	devin-erp
epc_wms_location_types	EpcWmsLocationTypes	content/shop/finance/epc_erp_wms.php	erp_php	570	gap	devin-erp
epc_wms_locations	EpcWmsLocations	content/shop/finance/epc_erp_wms.php	erp_php	570	gap	devin-erp
epc_wms_lp_adjust	EpcWmsLpAdjust	content/shop/finance/epc_erp_wms.php	erp_php	570	gap	devin-erp
epc_wms_lp_get	EpcWmsLpGet	content/shop/finance/epc_erp_wms.php	erp_php	570	gap	devin-erp
epc_wms_lp_move	EpcWmsLpMove	content/shop/finance/epc_erp_wms.php	erp_php	570	gap	devin-erp
epc_wms_lp_upsert	EpcWmsLpUpsert	content/shop/finance/epc_erp_wms.php	erp_php	570	gap	devin-erp
epc_wms_lps	EpcWmsLps	content/shop/finance/epc_erp_wms.php	erp_php	570	gap	devin-erp
epc_wms_next_seq	EpcWmsNextSeq	content/shop/finance/epc_erp_wms.php	erp_php	570	gap	devin-erp
epc_wms_on_hand	EpcWmsOnHand	content/shop/finance/epc_erp_wms.php	erp_php	570	gap	devin-erp
epc_wms_summary	EpcWmsSummary	content/shop/finance/epc_erp_wms.php	erp_php	570	gap	devin-erp
epc_wms_wave_maybe_close	EpcWmsWaveMaybeClose	content/shop/finance/epc_erp_wms.php	erp_php	570	gap	devin-erp
epc_wms_waves	EpcWmsWaves	content/shop/finance/epc_erp_wms.php	erp_php	570	gap	devin-erp
epc_wms_work_create	EpcWmsWorkCreate	content/shop/finance/epc_erp_wms.php	erp_php	570	gap	devin-erp
epc_wms_work_get	EpcWmsWorkGet	content/shop/finance/epc_erp_wms.php	erp_php	570	gap	devin-erp
epc_wms_work_list	EpcWmsWorkList	content/shop/finance/epc_erp_wms.php	erp_php	570	gap	devin-erp
epc_wms_work_types	EpcWmsWorkTypes	content/shop/finance/epc_erp_wms.php	erp_php	570	gap	devin-erp
epc_fulfillment_assign	EpcFulfillmentAssign	content/shop/finance/epc_fulfillment_queue.php	erp_php	352	mentioned	devin-erp
epc_fulfillment_ensure_schema	EpcFulfillmentEnsureSchema	content/shop/finance/epc_fulfillment_queue.php	erp_php	352	mentioned	devin-erp
epc_fulfillment_fleet_stats	EpcFulfillmentFleetStats	content/shop/finance/epc_fulfillment_queue.php	erp_php	352	mentioned	devin-erp
epc_fulfillment_list	EpcFulfillmentList	content/shop/finance/epc_fulfillment_queue.php	erp_php	352	mentioned	devin-erp
epc_fulfillment_pack_item	EpcFulfillmentPackItem	content/shop/finance/epc_fulfillment_queue.php	erp_php	352	mentioned	devin-erp
epc_fulfillment_sla_breaches	EpcFulfillmentSlaBreaches	content/shop/finance/epc_fulfillment_queue.php	erp_php	352	mentioned	devin-erp
epc_i18n_country_lang	EpcI18nCountryLang	content/shop/finance/epc_i18n.php	erp_php	489	gap	devin-erp
epc_i18n_dictionaries	EpcI18nDictionaries	content/shop/finance/epc_i18n.php	erp_php	489	gap	devin-erp
epc_i18n_dir	EpcI18nDir	content/shop/finance/epc_i18n.php	erp_php	489	gap	devin-erp
epc_i18n_google_widget	EpcI18nGoogleWidget	content/shop/finance/epc_i18n.php	erp_php	489	gap	devin-erp
epc_i18n_has_builtin	EpcI18nHasBuiltin	content/shop/finance/epc_i18n.php	erp_php	489	gap	devin-erp
epc_i18n_html_attrs	EpcI18nHtmlAttrs	content/shop/finance/epc_i18n.php	erp_php	489	gap	devin-erp
epc_i18n_is_rtl	EpcI18nIsRtl	content/shop/finance/epc_i18n.php	erp_php	489	gap	devin-erp
epc_i18n_is_supported	EpcI18nIsSupported	content/shop/finance/epc_i18n.php	erp_php	489	gap	devin-erp
epc_i18n_languages	EpcI18nLanguages	content/shop/finance/epc_i18n.php	erp_php	489	gap	devin-erp
epc_i18n_resolve_lang	EpcI18nResolveLang	content/shop/finance/epc_i18n.php	erp_php	489	gap	devin-erp
epc_i18n_rtl_codes	EpcI18nRtlCodes	content/shop/finance/epc_i18n.php	erp_php	489	gap	devin-erp
epc_i18n_rtl_css	EpcI18nRtlCss	content/shop/finance/epc_i18n.php	erp_php	489	gap	devin-erp
epc_i18n_t	EpcI18nT	content/shop/finance/epc_i18n.php	erp_php	489	gap	devin-erp
epc_insights_card	EpcInsightsCard	content/shop/finance/epc_insights_suite.php	erp_php	775	gap	devin-erp
epc_insights_doc_root	EpcInsightsDocRoot	content/shop/finance/epc_insights_suite.php	erp_php	775	gap	devin-erp
epc_insights_format_value	EpcInsightsFormatValue	content/shop/finance/epc_insights_suite.php	erp_php	775	gap	devin-erp
epc_insights_suite_alerts	EpcInsightsSuiteAlerts	content/shop/finance/epc_insights_suite.php	erp_php	775	gap	devin-erp
epc_insights_suite_ar_overdue_pct	EpcInsightsSuiteArOverduePct	content/shop/finance/epc_insights_suite.php	erp_php	775	gap	devin-erp
epc_insights_suite_commerce_stats	EpcInsightsSuiteCommerceStats	content/shop/finance/epc_insights_suite.php	erp_php	775	gap	devin-erp
epc_insights_suite_css_href	EpcInsightsSuiteCssHref	content/shop/finance/epc_insights_suite.php	erp_php	775	gap	devin-erp
epc_insights_suite_urls	EpcInsightsSuiteUrls	content/shop/finance/epc_insights_suite.php	erp_php	775	gap	devin-erp
epc_forecast_abc_analysis	EpcForecastAbcAnalysis	content/shop/finance/epc_inventory_forecast.php	erp_php	288	mentioned	devin-erp
epc_forecast_avg_demand	EpcForecastAvgDemand	content/shop/finance/epc_inventory_forecast.php	erp_php	288	mentioned	devin-erp
epc_forecast_demand_trend	EpcForecastDemandTrend	content/shop/finance/epc_inventory_forecast.php	erp_php	288	mentioned	devin-erp
epc_forecast_ensure_schema	EpcForecastEnsureSchema	content/shop/finance/epc_inventory_forecast.php	erp_php	288	mentioned	devin-erp
epc_forecast_eoq	EpcForecastEoq	content/shop/finance/epc_inventory_forecast.php	erp_php	288	mentioned	devin-erp
epc_forecast_fleet_stats	EpcForecastFleetStats	content/shop/finance/epc_inventory_forecast.php	erp_php	288	mentioned	devin-erp
epc_forecast_purchase_suggestions	EpcForecastPurchaseSuggestions	content/shop/finance/epc_inventory_forecast.php	erp_php	288	mentioned	devin-erp
epc_forecast_record_demand	EpcForecastRecordDemand	content/shop/finance/epc_inventory_forecast.php	erp_php	288	mentioned	devin-erp
epc_forecast_reorder_point	EpcForecastReorderPoint	content/shop/finance/epc_inventory_forecast.php	erp_php	288	mentioned	devin-erp
epc_forecast_safety_stock	EpcForecastSafetyStock	content/shop/finance/epc_inventory_forecast.php	erp_php	288	mentioned	devin-erp
epc_forecast_upcoming_stockouts	EpcForecastUpcomingStockouts	content/shop/finance/epc_inventory_forecast.php	erp_php	288	mentioned	devin-erp
epc_mcgl_convert	EpcMcglConvert	content/shop/finance/epc_multi_currency_gl.php	erp_php	356	mentioned	devin-erp
epc_mcgl_ensure_schema	EpcMcglEnsureSchema	content/shop/finance/epc_multi_currency_gl.php	erp_php	356	mentioned	devin-erp
epc_mcgl_exposure	EpcMcglExposure	content/shop/finance/epc_multi_currency_gl.php	erp_php	356	mentioned	devin-erp
epc_mcgl_fleet_stats	EpcMcglFleetStats	content/shop/finance/epc_multi_currency_gl.php	erp_php	356	mentioned	devin-erp
epc_mcgl_get_rate	EpcMcglGetRate	content/shop/finance/epc_multi_currency_gl.php	erp_php	356	mentioned	devin-erp
epc_mcgl_journal_entry	EpcMcglJournalEntry	content/shop/finance/epc_multi_currency_gl.php	erp_php	356	mentioned	devin-erp
epc_mcgl_rate_history	EpcMcglRateHistory	content/shop/finance/epc_multi_currency_gl.php	erp_php	356	mentioned	devin-erp
epc_mcgl_revalue	EpcMcglRevalue	content/shop/finance/epc_multi_currency_gl.php	erp_php	356	mentioned	devin-erp
epc_mcgl_seed_rates	EpcMcglSeedRates	content/shop/finance/epc_multi_currency_gl.php	erp_php	356	mentioned	devin-erp
epc_mcgl_trial_balance	EpcMcglTrialBalance	content/shop/finance/epc_multi_currency_gl.php	erp_php	356	mentioned	devin-erp
epc_entity_ensure_schema	EpcEntityEnsureSchema	content/shop/finance/epc_multi_entity.php	erp_php	121	gap	devin-erp
epc_entity_fleet_stats	EpcEntityFleetStats	content/shop/finance/epc_multi_entity.php	erp_php	121	gap	devin-erp
epc_entity_group_list	EpcEntityGroupList	content/shop/finance/epc_multi_entity.php	erp_php	121	gap	devin-erp
epc_entity_group_members	EpcEntityGroupMembers	content/shop/finance/epc_multi_entity.php	erp_php	121	gap	devin-erp
epc_order_courier_charge	EpcOrderCourierCharge	content/shop/finance/epc_order_courier_vat.php	erp_php	334	gap	devin-erp
epc_order_destination_country	EpcOrderDestinationCountry	content/shop/finance/epc_order_courier_vat.php	erp_php	334	gap	devin-erp
epc_order_erp_document_map	EpcOrderErpDocumentMap	content/shop/finance/epc_order_courier_vat.php	erp_php	334	gap	devin-erp
epc_order_how_get_array	EpcOrderHowGetArray	content/shop/finance/epc_order_courier_vat.php	erp_php	334	gap	devin-erp
epc_order_set_courier_charge	EpcOrderSetCourierCharge	content/shop/finance/epc_order_courier_vat.php	erp_php	334	gap	devin-erp
epc_order_erp_ensure_schema	EpcOrderErpEnsureSchema	content/shop/finance/epc_order_erp_pipeline.php	erp_php	428	gap	devin-erp
epc_order_erp_fleet_stats	EpcOrderErpFleetStats	content/shop/finance/epc_order_erp_pipeline.php	erp_php	428	gap	devin-erp
epc_order_erp_pipeline_steps	EpcOrderErpPipelineSteps	content/shop/finance/epc_order_erp_pipeline.php	erp_php	428	gap	devin-erp
epc_order_erp_retry_failed	EpcOrderErpRetryFailed	content/shop/finance/epc_order_erp_pipeline.php	erp_php	428	gap	devin-erp
epc_order_erp_run	EpcOrderErpRun	content/shop/finance/epc_order_erp_pipeline.php	erp_php	428	gap	devin-erp
epc_order_erp_status	EpcOrderErpStatus	content/shop/finance/epc_order_erp_pipeline.php	erp_php	428	gap	devin-erp
epc_order_erp_step_credit	EpcOrderErpStepCredit	content/shop/finance/epc_order_erp_pipeline.php	erp_php	428	gap	devin-erp
epc_order_erp_step_gl_journal	EpcOrderErpStepGlJournal	content/shop/finance/epc_order_erp_pipeline.php	erp_php	428	gap	devin-erp
epc_order_erp_step_inventory	EpcOrderErpStepInventory	content/shop/finance/epc_order_erp_pipeline.php	erp_php	428	gap	devin-erp
epc_order_erp_step_invoice	EpcOrderErpStepInvoice	content/shop/finance/epc_order_erp_pipeline.php	erp_php	428	gap	devin-erp
epc_order_erp_step_notify	EpcOrderErpStepNotify	content/shop/finance/epc_order_erp_pipeline.php	erp_php	428	gap	devin-erp
epc_order_erp_step_tax	EpcOrderErpStepTax	content/shop/finance/epc_order_erp_pipeline.php	erp_php	428	gap	devin-erp
epc_order_erp_step_validate	EpcOrderErpStepValidate	content/shop/finance/epc_order_erp_pipeline.php	erp_php	428	gap	devin-erp
epc_order_erp_step_webhook	EpcOrderErpStepWebhook	content/shop/finance/epc_order_erp_pipeline.php	erp_php	428	gap	devin-erp
epc_order_item_effective_purchase	EpcOrderItemEffectivePurchase	content/shop/finance/epc_order_supplier_fulfillment.php	erp_php	369	gap	devin-erp
epc_order_supplier_fulfillment_advance	EpcOrderSupplierFulfillmentAdvance	content/shop/finance/epc_order_supplier_fulfillment.php	erp_php	369	gap	devin-erp
epc_order_supplier_fulfillment_bootstrap	EpcOrderSupplierFulfillmentBootstrap	content/shop/finance/epc_order_supplier_fulfillment.php	erp_php	369	gap	devin-erp
epc_order_supplier_fulfillment_ensure_schema	EpcOrderSupplierFulfillmentEnsureSchema	content/shop/finance/epc_order_supplier_fulfillment.php	erp_php	369	gap	devin-erp
epc_order_supplier_fulfillment_resolve_groups	EpcOrderSupplierFulfillmentResolveGroups	content/shop/finance/epc_order_supplier_fulfillment.php	erp_php	369	gap	devin-erp
epc_order_supplier_fulfillment_set_stage	EpcOrderSupplierFulfillmentSetStage	content/shop/finance/epc_order_supplier_fulfillment.php	erp_php	369	gap	devin-erp
epc_order_supplier_fulfillment_stage_index	EpcOrderSupplierFulfillmentStageIndex	content/shop/finance/epc_order_supplier_fulfillment.php	erp_php	369	gap	devin-erp
epc_order_supplier_fulfillment_stages	EpcOrderSupplierFulfillmentStages	content/shop/finance/epc_order_supplier_fulfillment.php	erp_php	369	gap	devin-erp
epc_order_supplier_fulfillment_status	EpcOrderSupplierFulfillmentStatus	content/shop/finance/epc_order_supplier_fulfillment.php	erp_php	369	gap	devin-erp
epc_po_approval_tiers	EpcPoApprovalTiers	content/shop/finance/epc_po_approval.php	erp_php	336	gap	devin-erp
epc_po_auto_approve_check	EpcPoAutoApproveCheck	content/shop/finance/epc_po_approval.php	erp_php	336	gap	devin-erp
epc_po_create	EpcPoCreate	content/shop/finance/epc_po_approval.php	erp_php	336	gap	devin-erp
epc_po_ensure_schema	EpcPoEnsureSchema	content/shop/finance/epc_po_approval.php	erp_php	336	gap	devin-erp
epc_po_fleet_stats	EpcPoFleetStats	content/shop/finance/epc_po_approval.php	erp_php	336	gap	devin-erp
epc_po_get	EpcPoGet	content/shop/finance/epc_po_approval.php	erp_php	336	gap	devin-erp
epc_po_list	EpcPoList	content/shop/finance/epc_po_approval.php	erp_php	336	gap	devin-erp
epc_po_pending_for_approver	EpcPoPendingForApprover	content/shop/finance/epc_po_approval.php	erp_php	336	gap	devin-erp
epc_po_required_tiers	EpcPoRequiredTiers	content/shop/finance/epc_po_approval.php	erp_php	336	gap	devin-erp
epc_capacitor_config	EpcCapacitorConfig	content/shop/finance/epc_pwa.php	erp_php	166	gap	devin-erp
epc_mobile_api_routes	EpcMobileApiRoutes	content/shop/finance/epc_pwa.php	erp_php	166	gap	devin-erp
epc_pwa_head_tags	EpcPwaHeadTags	content/shop/finance/epc_pwa.php	erp_php	166	gap	devin-erp
epc_pwa_manifest	EpcPwaManifest	content/shop/finance/epc_pwa.php	erp_php	166	gap	devin-erp
epc_pwa_service_worker	EpcPwaServiceWorker	content/shop/finance/epc_pwa.php	erp_php	166	gap	devin-erp
epc_billing_ensure_schema	EpcBillingEnsureSchema	content/shop/finance/epc_subscription_billing.php	erp_php	173	gap	devin-erp
epc_billing_fleet_stats	EpcBillingFleetStats	content/shop/finance/epc_subscription_billing.php	erp_php	173	gap	devin-erp
epc_billing_list_plans	EpcBillingListPlans	content/shop/finance/epc_subscription_billing.php	erp_php	173	gap	devin-erp
epc_billing_tenant_subscription	EpcBillingTenantSubscription	content/shop/finance/epc_subscription_billing.php	erp_php	173	gap	devin-erp
epc_tax_toolkit_assign_customer	EpcTaxToolkitAssignCustomer	content/shop/finance/epc_tax_toolkit.php	erp_php	997	gap	devin-erp
epc_tax_toolkit_calc_cit_estimate	EpcTaxToolkitCalcCitEstimate	content/shop/finance/epc_tax_toolkit.php	erp_php	997	gap	devin-erp
epc_tax_toolkit_calc_line	EpcTaxToolkitCalcLine	content/shop/finance/epc_tax_toolkit.php	erp_php	997	gap	devin-erp
epc_tax_toolkit_catalog_def_for_code	EpcTaxToolkitCatalogDefForCode	content/shop/finance/epc_tax_toolkit.php	erp_php	997	gap	devin-erp
epc_tax_toolkit_catalog_definitions	EpcTaxToolkitCatalogDefinitions	content/shop/finance/epc_tax_toolkit.php	erp_php	997	gap	devin-erp
epc_tax_toolkit_country_to_kit_code	EpcTaxToolkitCountryToKitCode	content/shop/finance/epc_tax_toolkit.php	erp_php	997	gap	devin-erp
epc_tax_toolkit_default_kit_code	EpcTaxToolkitDefaultKitCode	content/shop/finance/epc_tax_toolkit.php	erp_php	997	gap	devin-erp
epc_tax_toolkit_detect_tenant_country	EpcTaxToolkitDetectTenantCountry	content/shop/finance/epc_tax_toolkit.php	erp_php	997	gap	devin-erp
epc_tax_toolkit_ensure_schema	EpcTaxToolkitEnsureSchema	content/shop/finance/epc_tax_toolkit.php	erp_php	997	gap	devin-erp
epc_tax_toolkit_eu_country_codes	EpcTaxToolkitEuCountryCodes	content/shop/finance/epc_tax_toolkit.php	erp_php	997	gap	devin-erp
epc_tax_toolkit_get_kit	EpcTaxToolkitGetKit	content/shop/finance/epc_tax_toolkit.php	erp_php	997	gap	devin-erp
epc_tax_toolkit_get_profile	EpcTaxToolkitGetProfile	content/shop/finance/epc_tax_toolkit.php	erp_php	997	gap	devin-erp
epc_tax_toolkit_get_tenant_profile	EpcTaxToolkitGetTenantProfile	content/shop/finance/epc_tax_toolkit.php	erp_php	997	gap	devin-erp
epc_tax_toolkit_h	EpcTaxToolkitH	content/shop/finance/epc_tax_toolkit.php	erp_php	997	gap	devin-erp
epc_tax_toolkit_install_all_kits	EpcTaxToolkitInstallAllKits	content/shop/finance/epc_tax_toolkit.php	erp_php	997	gap	devin-erp
epc_tax_toolkit_install_defaults	EpcTaxToolkitInstallDefaults	content/shop/finance/epc_tax_toolkit.php	erp_php	997	gap	devin-erp
epc_tax_toolkit_known_tenant_countries	EpcTaxToolkitKnownTenantCountries	content/shop/finance/epc_tax_toolkit.php	erp_php	997	gap	devin-erp
epc_tax_toolkit_list_catalog	EpcTaxToolkitListCatalog	content/shop/finance/epc_tax_toolkit.php	erp_php	997	gap	devin-erp
epc_tax_toolkit_list_installed	EpcTaxToolkitListInstalled	content/shop/finance/epc_tax_toolkit.php	erp_php	997	gap	devin-erp
epc_tax_toolkit_list_updates	EpcTaxToolkitListUpdates	content/shop/finance/epc_tax_toolkit.php	erp_php	997	gap	devin-erp
epc_tax_toolkit_log_update	EpcTaxToolkitLogUpdate	content/shop/finance/epc_tax_toolkit.php	erp_php	997	gap	devin-erp
epc_tax_toolkit_migrate_customers	EpcTaxToolkitMigrateCustomers	content/shop/finance/epc_tax_toolkit.php	erp_php	997	gap	devin-erp
epc_tax_toolkit_migrate_tenant	EpcTaxToolkitMigrateTenant	content/shop/finance/epc_tax_toolkit.php	erp_php	997	gap	devin-erp
epc_tax_toolkit_profile_counts	EpcTaxToolkitProfileCounts	content/shop/finance/epc_tax_toolkit.php	erp_php	997	gap	devin-erp
epc_tax_toolkit_read_erp_company_country	EpcTaxToolkitReadErpCompanyCountry	content/shop/finance/epc_tax_toolkit.php	erp_php	997	gap	devin-erp
epc_tax_toolkit_read_erp_company_reg	EpcTaxToolkitReadErpCompanyReg	content/shop/finance/epc_tax_toolkit.php	erp_php	997	gap	devin-erp
epc_tax_toolkit_read_portal_country	EpcTaxToolkitReadPortalCountry	content/shop/finance/epc_tax_toolkit.php	erp_php	997	gap	devin-erp
epc_tax_toolkit_read_user_country	EpcTaxToolkitReadUserCountry	content/shop/finance/epc_tax_toolkit.php	erp_php	997	gap	devin-erp
epc_tax_toolkit_read_user_reg	EpcTaxToolkitReadUserReg	content/shop/finance/epc_tax_toolkit.php	erp_php	997	gap	devin-erp
epc_tax_toolkit_read_user_trade_type	EpcTaxToolkitReadUserTradeType	content/shop/finance/epc_tax_toolkit.php	erp_php	997	gap	devin-erp
epc_tax_toolkit_refresh_all_kits	EpcTaxToolkitRefreshAllKits	content/shop/finance/epc_tax_toolkit.php	erp_php	997	gap	devin-erp
epc_tax_toolkit_refresh_kit_rules	EpcTaxToolkitRefreshKitRules	content/shop/finance/epc_tax_toolkit.php	erp_php	997	gap	devin-erp
epc_tax_toolkit_sales_amounts	EpcTaxToolkitSalesAmounts	content/shop/finance/epc_tax_toolkit.php	erp_php	997	gap	devin-erp
epc_tax_toolkit_seed_kits	EpcTaxToolkitSeedKits	content/shop/finance/epc_tax_toolkit.php	erp_php	997	gap	devin-erp
epc_tax_toolkit_site_key_for_db	EpcTaxToolkitSiteKeyForDb	content/shop/finance/epc_tax_toolkit.php	erp_php	997	gap	devin-erp
epc_tax_toolkit_suggest_kit	EpcTaxToolkitSuggestKit	content/shop/finance/epc_tax_toolkit.php	erp_php	997	gap	devin-erp
epc_tax_toolkit_tenant_context	EpcTaxToolkitTenantContext	content/shop/finance/epc_tax_toolkit.php	erp_php	997	gap	devin-erp
epc_tax_toolkit_cp_install	EpcTaxToolkitCpInstall	content/shop/finance/epc_tax_toolkit_cp_install.php	erp_php	148	gap	devin-erp
epc_tax_toolkit_setup_connect	EpcTaxToolkitSetupConnect	content/shop/finance/epc_tax_toolkit_cp_install.php	erp_php	148	gap	devin-erp
epc_tax_toolkit_setup_lang	EpcTaxToolkitSetupLang	content/shop/finance/epc_tax_toolkit_cp_install.php	erp_php	148	gap	devin-erp
epc_tax_toolkit_build_comprehensive_rules	EpcTaxToolkitBuildComprehensiveRules	content/shop/finance/epc_tax_toolkit_world.php	erp_php	512	gap	devin-erp
epc_tax_toolkit_build_country_kit_def	EpcTaxToolkitBuildCountryKitDef	content/shop/finance/epc_tax_toolkit_world.php	erp_php	512	gap	devin-erp
epc_tax_toolkit_build_uae_comprehensive_rules	EpcTaxToolkitBuildUaeComprehensiveRules	content/shop/finance/epc_tax_toolkit_world.php	erp_php	512	gap	devin-erp
epc_tax_toolkit_country_name_to_iso	EpcTaxToolkitCountryNameToIso	content/shop/finance/epc_tax_toolkit_world.php	erp_php	512	gap	devin-erp
epc_tax_toolkit_country_slug	EpcTaxToolkitCountrySlug	content/shop/finance/epc_tax_toolkit_world.php	erp_php	512	gap	devin-erp
epc_tax_toolkit_eu_vat_rates	EpcTaxToolkitEuVatRates	content/shop/finance/epc_tax_toolkit_world.php	erp_php	512	gap	devin-erp
epc_tax_toolkit_kit_code_for_country	EpcTaxToolkitKitCodeForCountry	content/shop/finance/epc_tax_toolkit_world.php	erp_php	512	gap	devin-erp
epc_tax_toolkit_none_country_codes	EpcTaxToolkitNoneCountryCodes	content/shop/finance/epc_tax_toolkit_world.php	erp_php	512	gap	devin-erp
epc_tax_toolkit_type_suffix	EpcTaxToolkitTypeSuffix	content/shop/finance/epc_tax_toolkit_world.php	erp_php	512	gap	devin-erp
epc_tax_toolkit_world_catalog_definitions	EpcTaxToolkitWorldCatalogDefinitions	content/shop/finance/epc_tax_toolkit_world.php	erp_php	512	gap	devin-erp
epc_tax_toolkit_world_cit_for_country	EpcTaxToolkitWorldCitForCountry	content/shop/finance/epc_tax_toolkit_world.php	erp_php	512	gap	devin-erp
epc_tax_toolkit_world_cit_overrides	EpcTaxToolkitWorldCitOverrides	content/shop/finance/epc_tax_toolkit_world.php	erp_php	512	gap	devin-erp
epc_tax_toolkit_world_dtt_major_codes	EpcTaxToolkitWorldDttMajorCodes	content/shop/finance/epc_tax_toolkit_world.php	erp_php	512	gap	devin-erp
epc_tax_toolkit_world_import_duty_default	EpcTaxToolkitWorldImportDutyDefault	content/shop/finance/epc_tax_toolkit_world.php	erp_php	512	gap	devin-erp
epc_tax_toolkit_world_meta_for_country	EpcTaxToolkitWorldMetaForCountry	content/shop/finance/epc_tax_toolkit_world.php	erp_php	512	gap	devin-erp
epc_tax_toolkit_world_rate_overrides	EpcTaxToolkitWorldRateOverrides	content/shop/finance/epc_tax_toolkit_world.php	erp_php	512	gap	devin-erp
epc_uae_customer_vat_apply_display_price	EpcUaeCustomerVatApplyDisplayPrice	content/shop/finance/epc_uae_customer_vat.php	erp_php	444	gap	devin-erp
epc_uae_customer_vat_apply_product_row	EpcUaeCustomerVatApplyProductRow	content/shop/finance/epc_uae_customer_vat.php	erp_php	444	gap	devin-erp
epc_uae_customer_vat_display_mode	EpcUaeCustomerVatDisplayMode	content/shop/finance/epc_uae_customer_vat.php	erp_php	444	gap	devin-erp
epc_uae_customer_vat_gcc_codes	EpcUaeCustomerVatGccCodes	content/shop/finance/epc_uae_customer_vat.php	erp_php	444	gap	devin-erp
epc_uae_customer_vat_get_stored	EpcUaeCustomerVatGetStored	content/shop/finance/epc_uae_customer_vat.php	erp_php	444	gap	devin-erp
epc_uae_customer_vat_order_totals	EpcUaeCustomerVatOrderTotals	content/shop/finance/epc_uae_customer_vat.php	erp_php	444	gap	devin-erp
epc_uae_customer_vat_profile_key	EpcUaeCustomerVatProfileKey	content/shop/finance/epc_uae_customer_vat.php	erp_php	444	gap	devin-erp
epc_uae_customer_vat_resolve	EpcUaeCustomerVatResolve	content/shop/finance/epc_uae_customer_vat.php	erp_php	444	gap	devin-erp
epc_uae_customer_vat_save	EpcUaeCustomerVatSave	content/shop/finance/epc_uae_customer_vat.php	erp_php	444	gap	devin-erp
epc_uae_customer_vat_shop_order_totals	EpcUaeCustomerVatShopOrderTotals	content/shop/finance/epc_uae_customer_vat.php	erp_php	444	gap	devin-erp
epc_uae_customer_vat_styles	EpcUaeCustomerVatStyles	content/shop/finance/epc_uae_customer_vat.php	erp_php	444	gap	devin-erp
epc_uae_customer_vat_type_label	EpcUaeCustomerVatTypeLabel	content/shop/finance/epc_uae_customer_vat.php	erp_php	444	gap	devin-erp
epc_uae_customer_vat_types	EpcUaeCustomerVatTypes	content/shop/finance/epc_uae_customer_vat.php	erp_php	444	gap	devin-erp
epc_uae_corporate_tax_enabled	EpcUaeCorporateTaxEnabled	content/shop/finance/epc_uae_tax_compliance.php	erp_php	2943	gap	devin-erp
epc_uae_corporate_tax_rate_percent	EpcUaeCorporateTaxRatePercent	content/shop/finance/epc_uae_tax_compliance.php	erp_php	2943	gap	devin-erp
epc_uae_corporate_tax_report	EpcUaeCorporateTaxReport	content/shop/finance/epc_uae_tax_compliance.php	erp_php	2943	gap	devin-erp
epc_uae_corporate_tax_threshold	EpcUaeCorporateTaxThreshold	content/shop/finance/epc_uae_tax_compliance.php	erp_php	2943	gap	devin-erp
epc_uae_ct_adjustment_field_defs	EpcUaeCtAdjustmentFieldDefs	content/shop/finance/epc_uae_tax_compliance.php	erp_php	2943	gap	devin-erp
epc_uae_ct_get_adjustments	EpcUaeCtGetAdjustments	content/shop/finance/epc_uae_tax_compliance.php	erp_php	2943	gap	devin-erp
epc_uae_ct_period_key	EpcUaeCtPeriodKey	content/shop/finance/epc_uae_tax_compliance.php	erp_php	2943	gap	devin-erp
epc_uae_fta_cron_fetch_legislation	EpcUaeFtaCronFetchLegislation	content/shop/finance/epc_uae_tax_compliance.php	erp_php	2943	gap	devin-erp
epc_uae_fta_extract_form_fields	EpcUaeFtaExtractFormFields	content/shop/finance/epc_uae_tax_compliance.php	erp_php	2943	gap	devin-erp
epc_uae_fta_extract_text_from_pdf_binary	EpcUaeFtaExtractTextFromPdfBinary	content/shop/finance/epc_uae_tax_compliance.php	erp_php	2943	gap	devin-erp
epc_uae_fta_fetch_all_legislation_pages	EpcUaeFtaFetchAllLegislationPages	content/shop/finance/epc_uae_tax_compliance.php	erp_php	2943	gap	devin-erp
epc_uae_fta_fetch_pdf_text	EpcUaeFtaFetchPdfText	content/shop/finance/epc_uae_tax_compliance.php	erp_php	2943	gap	devin-erp
epc_uae_fta_get_cached_legislation	EpcUaeFtaGetCachedLegislation	content/shop/finance/epc_uae_tax_compliance.php	erp_php	2943	gap	devin-erp
epc_uae_fta_legislation_url	EpcUaeFtaLegislationUrl	content/shop/finance/epc_uae_tax_compliance.php	erp_php	2943	gap	devin-erp
epc_uae_fta_normalize_pdf_url	EpcUaeFtaNormalizePdfUrl	content/shop/finance/epc_uae_tax_compliance.php	erp_php	2943	gap	devin-erp
epc_uae_fta_parse_legislation_links	EpcUaeFtaParseLegislationLinks	content/shop/finance/epc_uae_tax_compliance.php	erp_php	2943	gap	devin-erp
epc_uae_fta_pdf_text_cache	EpcUaeFtaPdfTextCache	content/shop/finance/epc_uae_tax_compliance.php	erp_php	2943	gap	devin-erp
epc_uae_fta_trim_pdf_excerpt	EpcUaeFtaTrimPdfExcerpt	content/shop/finance/epc_uae_tax_compliance.php	erp_php	2943	gap	devin-erp
epc_uae_tax_compliance_ensure_schema	EpcUaeTaxComplianceEnsureSchema	content/shop/finance/epc_uae_tax_compliance.php	erp_php	2943	gap	devin-erp
epc_uae_tax_compliance_guide_sections	EpcUaeTaxComplianceGuideSections	content/shop/finance/epc_uae_tax_compliance.php	erp_php	2943	gap	devin-erp
epc_uae_tax_invoice_format_checklist	EpcUaeTaxInvoiceFormatChecklist	content/shop/finance/epc_uae_tax_compliance.php	erp_php	2943	gap	devin-erp
epc_uae_tax_invoice_format_groups	EpcUaeTaxInvoiceFormatGroups	content/shop/finance/epc_uae_tax_compliance.php	erp_php	2943	gap	devin-erp
epc_uae_tax_legislation_action_key	EpcUaeTaxLegislationActionKey	content/shop/finance/epc_uae_tax_compliance.php	erp_php	2943	gap	devin-erp
epc_uae_tax_legislation_build_compliance_actions	EpcUaeTaxLegislationBuildComplianceActions	content/shop/finance/epc_uae_tax_compliance.php	erp_php	2943	gap	devin-erp
epc_uae_tax_legislation_build_fetch_payload	EpcUaeTaxLegislationBuildFetchPayload	content/shop/finance/epc_uae_tax_compliance.php	erp_php	2943	gap	devin-erp
epc_uae_tax_legislation_build_summary	EpcUaeTaxLegislationBuildSummary	content/shop/finance/epc_uae_tax_compliance.php	erp_php	2943	gap	devin-erp
epc_uae_tax_legislation_catalog	EpcUaeTaxLegislationCatalog	content/shop/finance/epc_uae_tax_compliance.php	erp_php	2943	gap	devin-erp
epc_uae_tax_legislation_chart_stats	EpcUaeTaxLegislationChartStats	content/shop/finance/epc_uae_tax_compliance.php	erp_php	2943	gap	devin-erp
epc_uae_tax_legislation_checklist_status_map	EpcUaeTaxLegislationChecklistStatusMap	content/shop/finance/epc_uae_tax_compliance.php	erp_php	2943	gap	devin-erp
epc_uae_tax_legislation_checklist_with_status	EpcUaeTaxLegislationChecklistWithStatus	content/shop/finance/epc_uae_tax_compliance.php	erp_php	2943	gap	devin-erp
epc_uae_tax_legislation_erp_modules	EpcUaeTaxLegislationErpModules	content/shop/finance/epc_uae_tax_compliance.php	erp_php	2943	gap	devin-erp
epc_uae_tax_legislation_extract_bullets	EpcUaeTaxLegislationExtractBullets	content/shop/finance/epc_uae_tax_compliance.php	erp_php	2943	gap	devin-erp
epc_uae_tax_legislation_intent_boosts	EpcUaeTaxLegislationIntentBoosts	content/shop/finance/epc_uae_tax_compliance.php	erp_php	2943	gap	devin-erp
epc_uae_tax_legislation_load_search_items	EpcUaeTaxLegislationLoadSearchItems	content/shop/finance/epc_uae_tax_compliance.php	erp_php	2943	gap	devin-erp
epc_uae_tax_legislation_mark_diff_flags	EpcUaeTaxLegislationMarkDiffFlags	content/shop/finance/epc_uae_tax_compliance.php	erp_php	2943	gap	devin-erp
epc_uae_tax_legislation_match_pattern	EpcUaeTaxLegislationMatchPattern	content/shop/finance/epc_uae_tax_compliance.php	erp_php	2943	gap	devin-erp
epc_uae_tax_legislation_merge_catalog	EpcUaeTaxLegislationMergeCatalog	content/shop/finance/epc_uae_tax_compliance.php	erp_php	2943	gap	devin-erp
epc_uae_tax_legislation_qa_history_append	EpcUaeTaxLegislationQaHistoryAppend	content/shop/finance/epc_uae_tax_compliance.php	erp_php	2943	gap	devin-erp
epc_uae_tax_legislation_qa_history_get	EpcUaeTaxLegislationQaHistoryGet	content/shop/finance/epc_uae_tax_compliance.php	erp_php	2943	gap	devin-erp
epc_uae_tax_legislation_rehydrate_payload	EpcUaeTaxLegislationRehydratePayload	content/shop/finance/epc_uae_tax_compliance.php	erp_php	2943	gap	devin-erp
epc_uae_tax_legislation_score_item	EpcUaeTaxLegislationScoreItem	content/shop/finance/epc_uae_tax_compliance.php	erp_php	2943	gap	devin-erp
epc_uae_tax_legislation_stopwords	EpcUaeTaxLegislationStopwords	content/shop/finance/epc_uae_tax_compliance.php	erp_php	2943	gap	devin-erp
epc_uae_tax_legislation_summaries_need_regen	EpcUaeTaxLegislationSummariesNeedRegen	content/shop/finance/epc_uae_tax_compliance.php	erp_php	2943	gap	devin-erp
epc_uae_tax_legislation_sync_items	EpcUaeTaxLegislationSyncItems	content/shop/finance/epc_uae_tax_compliance.php	erp_php	2943	gap	devin-erp
epc_uae_tax_legislation_synthesize_answer	EpcUaeTaxLegislationSynthesizeAnswer	content/shop/finance/epc_uae_tax_compliance.php	erp_php	2943	gap	devin-erp
epc_uae_tax_legislation_topic_actions	EpcUaeTaxLegislationTopicActions	content/shop/finance/epc_uae_tax_compliance.php	erp_php	2943	gap	devin-erp
epc_uae_tax_legislation_topic_lead	EpcUaeTaxLegislationTopicLead	content/shop/finance/epc_uae_tax_compliance.php	erp_php	2943	gap	devin-erp
epc_uae_tax_overall_family_bullets	EpcUaeTaxOverallFamilyBullets	content/shop/finance/epc_uae_tax_compliance.php	erp_php	2943	gap	devin-erp
epc_uae_tax_overall_summaries	EpcUaeTaxOverallSummaries	content/shop/finance/epc_uae_tax_compliance.php	erp_php	2943	gap	devin-erp
epc_uae_tax_setting	EpcUaeTaxSetting	content/shop/finance/epc_uae_tax_compliance.php	erp_php	2943	gap	devin-erp
epc_uae_tax_table_exists	EpcUaeTaxTableExists	content/shop/finance/epc_uae_tax_compliance.php	erp_php	2943	gap	devin-erp
epc_uae_validate_trn	EpcUaeValidateTrn	content/shop/finance/epc_uae_tax_compliance.php	erp_php	2943	gap	devin-erp
epc_uae_vat_advance_period_summary	EpcUaeVatAdvancePeriodSummary	content/shop/finance/epc_uae_tax_compliance.php	erp_php	2943	gap	devin-erp
epc_uae_vat_advance_total_for_order	EpcUaeVatAdvanceTotalForOrder	content/shop/finance/epc_uae_tax_compliance.php	erp_php	2943	gap	devin-erp
epc_uae_vat_calc_expense_input	EpcUaeVatCalcExpenseInput	content/shop/finance/epc_uae_tax_compliance.php	erp_php	2943	gap	devin-erp
epc_uae_vat_expense_type_defs	EpcUaeVatExpenseTypeDefs	content/shop/finance/epc_uae_tax_compliance.php	erp_php	2943	gap	devin-erp
epc_uae_vat_input_expenses_report	EpcUaeVatInputExpensesReport	content/shop/finance/epc_uae_tax_compliance.php	erp_php	2943	gap	devin-erp
epc_uae_vat_resolve_expense_type	EpcUaeVatResolveExpenseType	content/shop/finance/epc_uae_tax_compliance.php	erp_php	2943	gap	devin-erp
epc_uae_vat_sync_order_payments	EpcUaeVatSyncOrderPayments	content/shop/finance/epc_uae_tax_compliance.php	erp_php	2943	gap	devin-erp
epc_uae_fta_portal_urls	EpcUaeFtaPortalUrls	content/shop/finance/epc_uae_tax_knowledge.php	erp_php	419	gap	devin-erp
epc_uae_tax_knowledge_by_type	EpcUaeTaxKnowledgeByType	content/shop/finance/epc_uae_tax_knowledge.php	erp_php	419	gap	devin-erp
epc_uae_tax_knowledge_catalog	EpcUaeTaxKnowledgeCatalog	content/shop/finance/epc_uae_tax_knowledge.php	erp_php	419	gap	devin-erp
epc_uae_tax_knowledge_render_article	EpcUaeTaxKnowledgeRenderArticle	content/shop/finance/epc_uae_tax_knowledge.php	erp_php	419	gap	devin-erp
epc_uae_tax_knowledge_seed_kb	EpcUaeTaxKnowledgeSeedKb	content/shop/finance/epc_uae_tax_knowledge.php	erp_php	419	gap	devin-erp
epc_uae_tax_knowledge_type_labels	EpcUaeTaxKnowledgeTypeLabels	content/shop/finance/epc_uae_tax_knowledge.php	erp_php	419	gap	devin-erp
epc_uae_tax_legislation_seed_kb	EpcUaeTaxLegislationSeedKb	content/shop/finance/epc_uae_tax_knowledge.php	erp_php	419	gap	devin-erp
epc_uae_company_profile	EpcUaeCompanyProfile	content/shop/finance/epc_uae_vat.php	erp_php	559	gap	devin-erp
epc_uae_company_save_profile	EpcUaeCompanySaveProfile	content/shop/finance/epc_uae_vat.php	erp_php	559	gap	devin-erp
epc_uae_company_sync_from_seller	EpcUaeCompanySyncFromSeller	content/shop/finance/epc_uae_vat.php	erp_php	559	gap	devin-erp
epc_uae_company_trn_valid	EpcUaeCompanyTrnValid	content/shop/finance/epc_uae_vat.php	erp_php	559	gap	devin-erp
epc_uae_fta_erp_banner_html	EpcUaeFtaErpBannerHtml	content/shop/finance/epc_uae_vat.php	erp_php	559	gap	devin-erp
epc_uae_vat_calc_on_exclusive	EpcUaeVatCalcOnExclusive	content/shop/finance/epc_uae_vat.php	erp_php	559	gap	devin-erp
epc_uae_vat_ensure_settings	EpcUaeVatEnsureSettings	content/shop/finance/epc_uae_vat.php	erp_php	559	gap	devin-erp
epc_uae_vat_filing_deadline	EpcUaeVatFilingDeadline	content/shop/finance/epc_uae_vat.php	erp_php	559	gap	devin-erp
epc_uae_vat_get_supplier	EpcUaeVatGetSupplier	content/shop/finance/epc_uae_vat.php	erp_php	559	gap	devin-erp
epc_uae_vat_invoice_totals	EpcUaeVatInvoiceTotals	content/shop/finance/epc_uae_vat.php	erp_php	559	gap	devin-erp
epc_uae_vat_is_uae_country	EpcUaeVatIsUaeCountry	content/shop/finance/epc_uae_vat.php	erp_php	559	gap	devin-erp
epc_uae_vat_law_pack	EpcUaeVatLawPack	content/shop/finance/epc_uae_vat.php	erp_php	559	gap	devin-erp
epc_uae_vat_multiplier	EpcUaeVatMultiplier	content/shop/finance/epc_uae_vat.php	erp_php	559	gap	devin-erp
epc_uae_vat_purchase_treatment	EpcUaeVatPurchaseTreatment	content/shop/finance/epc_uae_vat.php	erp_php	559	gap	devin-erp
epc_uae_vat_purchases_input_enabled	EpcUaeVatPurchasesInputEnabled	content/shop/finance/epc_uae_vat.php	erp_php	559	gap	devin-erp
epc_uae_vat_rate_decimal	EpcUaeVatRateDecimal	content/shop/finance/epc_uae_vat.php	erp_php	559	gap	devin-erp
epc_uae_vat_recalc_purchases	EpcUaeVatRecalcPurchases	content/shop/finance/epc_uae_vat.php	erp_php	559	gap	devin-erp
epc_uae_vat_return_report	EpcUaeVatReturnReport	content/shop/finance/epc_uae_vat.php	erp_php	559	gap	devin-erp
epc_uae_vat_uae_country_codes	EpcUaeVatUaeCountryCodes	content/shop/finance/epc_uae_vat.php	erp_php	559	gap	devin-erp
epc_rma_add_item	EpcRmaAddItem	content/shop/finance/epc_warranty_rma.php	erp_php	287	gap	devin-erp
epc_rma_assign	EpcRmaAssign	content/shop/finance/epc_warranty_rma.php	erp_php	287	gap	devin-erp
epc_rma_create	EpcRmaCreate	content/shop/finance/epc_warranty_rma.php	erp_php	287	gap	devin-erp
epc_rma_detail	EpcRmaDetail	content/shop/finance/epc_warranty_rma.php	erp_php	287	gap	devin-erp
epc_rma_list	EpcRmaList	content/shop/finance/epc_warranty_rma.php	erp_php	287	gap	devin-erp
epc_rma_stats	EpcRmaStats	content/shop/finance/epc_warranty_rma.php	erp_php	287	gap	devin-erp
epc_warranty_check	EpcWarrantyCheck	content/shop/finance/epc_warranty_rma.php	erp_php	287	gap	devin-erp
epc_warranty_check_valid	EpcWarrantyCheckValid	content/shop/finance/epc_warranty_rma.php	erp_php	287	gap	devin-erp
epc_warranty_ensure_schema	EpcWarrantyEnsureSchema	content/shop/finance/epc_warranty_rma.php	erp_php	287	gap	devin-erp
epc_warranty_extend	EpcWarrantyExtend	content/shop/finance/epc_warranty_rma.php	erp_php	287	gap	devin-erp
epc_warranty_fleet_stats	EpcWarrantyFleetStats	content/shop/finance/epc_warranty_rma.php	erp_php	287	gap	devin-erp
epc_warranty_list	EpcWarrantyList	content/shop/finance/epc_warranty_rma.php	erp_php	287	gap	devin-erp
epc_warranty_lookup	EpcWarrantyLookup	content/shop/finance/epc_warranty_rma.php	erp_php	287	gap	devin-erp
epc_warranty_void	EpcWarrantyVoid	content/shop/finance/epc_warranty_rma.php	erp_php	287	gap	devin-erp
epc_payroll_create_run	EpcPayrollCreateRun	content/shop/finance/epc_wps_payroll.php	erp_php	295	gap	devin-erp
epc_payroll_employee_list	EpcPayrollEmployeeList	content/shop/finance/epc_wps_payroll.php	erp_php	295	gap	devin-erp
epc_payroll_ensure_schema	EpcPayrollEnsureSchema	content/shop/finance/epc_wps_payroll.php	erp_php	295	gap	devin-erp
epc_payroll_fleet_stats	EpcPayrollFleetStats	content/shop/finance/epc_wps_payroll.php	erp_php	295	gap	devin-erp
epc_payroll_generate_sif	EpcPayrollGenerateSif	content/shop/finance/epc_wps_payroll.php	erp_php	295	gap	devin-erp
epc_payroll_run_details	EpcPayrollRunDetails	content/shop/finance/epc_wps_payroll.php	erp_php	295	gap	devin-erp
epc_payroll_run_list	EpcPayrollRunList	content/shop/finance/epc_wps_payroll.php	erp_php	295	gap	devin-erp
countUp	CountUp	content/shop/finance/erp_demo_dashboard.php	erp_js	144	mentioned	devin-erp
epcErpHidePreloader	EpcErpHidePreloader	content/shop/finance/erp_portal.php	erp_js	173	gap	devin-erp
onIncomeButtonClicked	OnIncomeButtonClicked	content/shop/finance/my_balance.php	erp_js	990	mentioned	devin-erp
validatePayment	ValidatePayment	content/shop/finance/payment_systems/cdekpay/callback.php	erp_php	87	gap	devin-erp
genHmacStr	GenHmacStr	content/shop/finance/payment_systems/promsvbank/genHmacStr.php	erp_php	34	gap	devin-erp
get_email_user	GetEmailUser	content/shop/finance/payment_systems/rbkmoney/go_to_pay.php	erp_php	142	mentioned	devin-erp
genHash	GenHash	content/shop/finance/payment_systems/tinkoff/include.php	erp_php	47	gap	devin-erp
addGeoNodeToDump	AddGeoNodeToDump	content/shop/geo/get_geo_tree.php	php	89	mentioned	partial-file
epc_cp_marketing_broadcast_menu_apply	EpcCpMarketingBroadcastMenuApply	content/shop/marketing/epc_marketing_broadcast_helpers.php	php	499	mentioned	partial-file
epc_mb_backend	EpcMbBackend	content/shop/marketing/epc_marketing_broadcast_helpers.php	php	499	mentioned	partial-file
epc_mb_csrf_token	EpcMbCsrfToken	content/shop/marketing/epc_marketing_broadcast_helpers.php	php	499	mentioned	partial-file
epc_mb_customer_vars	EpcMbCustomerVars	content/shop/marketing/epc_marketing_broadcast_helpers.php	php	499	mentioned	partial-file
epc_mb_h	EpcMbH	content/shop/marketing/epc_marketing_broadcast_helpers.php	php	499	mentioned	partial-file
epc_mb_hub_url	EpcMbHubUrl	content/shop/marketing/epc_marketing_broadcast_helpers.php	php	499	mentioned	partial-file
epc_mb_verify_csrf	EpcMbVerifyCsrf	content/shop/marketing/epc_marketing_broadcast_helpers.php	php	499	mentioned	partial-file
epc_marketing_strategies	EpcMarketingStrategies	content/shop/marketing/epc_marketing_strategies_data.php	php	503	gap	later
handleSpecialChars	HandleSpecialChars	content/shop/obtaining_modes/get_in_office/customer_interface.php	php	208	mentioned	partial-file
show_hide_timetable_map	ShowHideTimetableMap	content/shop/obtaining_modes/get_in_office/customer_interface.php	js	208	mentioned	browser-js
changeCountType2	ChangeCountType2	content/shop/order_process/ajax_change_count_need.php	php	626	mentioned	partial-file
changeCountType2__old	ChangeCountType2Old	content/shop/order_process/ajax_change_count_need.php	php	626	mentioned	partial-file
RefreschRecord	RefreschRecord	content/shop/order_process/cart.php	js	1036	mentioned	browser-js
add_bloknot	AddBloknot	content/shop/order_process/cart.php	js	1036	mentioned	browser-js
calculateSums	CalculateSums	content/shop/order_process/cart.php	js	1036	mentioned	browser-js
check_for_order	CheckForOrder	content/shop/order_process/cart.php	js	1036	mentioned	browser-js
getElementIndex	GetElementIndex	content/shop/order_process/cart.php	js	1036	mentioned	browser-js
refreshCartArea	RefreshCartArea	content/shop/order_process/cart.php	js	1036	mentioned	browser-js
show_add_bloknot	ShowAddBloknot	content/shop/order_process/cart.php	js	1036	mentioned	browser-js
cancel_order	CancelOrder	content/shop/order_process/my_order.php	js	1188	mentioned	browser-js
cancel_positions	CancelPositions	content/shop/order_process/my_order.php	js	1188	mentioned	browser-js
epc_order_money	EpcOrderMoney	content/shop/order_process/my_order.php	php	1188	mentioned	partial-file
epc_quote_money	EpcQuoteMoney	content/shop/order_process/my_quotes.php	php	255	mentioned	partial-file
epc_pay_accounts_decode_credentials	EpcPayAccountsDecodeCredentials	content/shop/payments/epc_payment_accounts.php	php	449	mentioned	partial-file
epc_pay_accounts_list	EpcPayAccountsList	content/shop/payments/epc_payment_accounts.php	php	449	mentioned	partial-file
epc_pay_accounts_list_offices	EpcPayAccountsListOffices	content/shop/payments/epc_payment_accounts.php	php	449	mentioned	partial-file
epc_pay_accounts_list_settlements	EpcPayAccountsListSettlements	content/shop/payments/epc_payment_accounts.php	php	449	mentioned	partial-file
epc_pay_accounts_list_vendors	EpcPayAccountsListVendors	content/shop/payments/epc_payment_accounts.php	php	449	mentioned	partial-file
epc_payment_base_params	EpcPaymentBaseParams	content/shop/payments/epc_payment_helpers.php	php	640	mentioned	partial-file
epc_payment_demo_report	EpcPaymentDemoReport	content/shop/payments/epc_payment_helpers.php	php	640	mentioned	partial-file
epc_payment_gateway_defs	EpcPaymentGatewayDefs	content/shop/payments/epc_payment_helpers.php	php	640	mentioned	partial-file
epc_payment_gateway_label	EpcPaymentGatewayLabel	content/shop/payments/epc_payment_helpers.php	php	640	mentioned	partial-file
epc_payment_h	EpcPaymentH	content/shop/payments/epc_payment_helpers.php	php	640	mentioned	partial-file
epc_payment_handler_region	EpcPaymentHandlerRegion	content/shop/payments/epc_payment_helpers.php	php	640	mentioned	partial-file
epc_payment_is_modern	EpcPaymentIsModern	content/shop/payments/epc_payment_helpers.php	php	640	mentioned	partial-file
epc_payment_is_uae	EpcPaymentIsUae	content/shop/payments/epc_payment_helpers.php	php	640	mentioned	partial-file
epc_payment_lang_seed	EpcPaymentLangSeed	content/shop/payments/epc_payment_helpers.php	php	640	mentioned	partial-file
epc_payment_money	EpcPaymentMoney	content/shop/payments/epc_payment_helpers.php	php	640	mentioned	partial-file
epc_payment_region_labels	EpcPaymentRegionLabels	content/shop/payments/epc_payment_helpers.php	php	640	mentioned	partial-file
epc_payment_resolve_handler	EpcPaymentResolveHandler	content/shop/payments/epc_payment_helpers.php	php	640	mentioned	partial-file
epc_payment_seed_all_gateways	EpcPaymentSeedAllGateways	content/shop/payments/epc_payment_helpers.php	php	640	mentioned	partial-file
epc_payment_seed_uae_gateways	EpcPaymentSeedUaeGateways	content/shop/payments/epc_payment_helpers.php	php	640	mentioned	partial-file
epc_payment_uae_gateway_defs	EpcPaymentUaeGatewayDefs	content/shop/payments/epc_payment_helpers.php	php	640	mentioned	partial-file
epc_payment_upsert_gateway	EpcPaymentUpsertGateway	content/shop/payments/epc_payment_helpers.php	php	640	mentioned	partial-file
epc_pos_close_session	EpcPosCloseSession	content/shop/pos/epc_pos_helpers.php	php	954	gap	later
epc_pos_ensure_schema	EpcPosEnsureSchema	content/shop/pos/epc_pos_helpers.php	php	954	gap	later
epc_pos_get_open_session	EpcPosGetOpenSession	content/shop/pos/epc_pos_helpers.php	php	954	gap	later
epc_pos_get_sale	EpcPosGetSale	content/shop/pos/epc_pos_helpers.php	php	954	gap	later
epc_pos_get_settings	EpcPosGetSettings	content/shop/pos/epc_pos_helpers.php	php	954	gap	later
epc_pos_h	EpcPosH	content/shop/pos/epc_pos_helpers.php	php	954	gap	later
epc_pos_next_sale_no	EpcPosNextSaleNo	content/shop/pos/epc_pos_helpers.php	php	954	gap	later
epc_pos_next_session_no	EpcPosNextSessionNo	content/shop/pos/epc_pos_helpers.php	php	954	gap	later
epc_pos_open_session	EpcPosOpenSession	content/shop/pos/epc_pos_helpers.php	php	954	gap	later
epc_pos_parse_cart_lines	EpcPosParseCartLines	content/shop/pos/epc_pos_helpers.php	php	954	gap	later
epc_pos_save_settings	EpcPosSaveSettings	content/shop/pos/epc_pos_helpers.php	php	954	gap	later
epc_pos_search_customers	EpcPosSearchCustomers	content/shop/pos/epc_pos_helpers.php	php	954	gap	later
epc_pos_search_products	EpcPosSearchProducts	content/shop/pos/epc_pos_helpers.php	php	954	gap	later
epc_pos_session_summary	EpcPosSessionSummary	content/shop/pos/epc_pos_helpers.php	php	954	gap	later
epc_apai_bg_active	EpcApaiBgActive	content/shop/price_engine/epc_apai_background_jobs.php	php	529	gap	later
epc_apai_bg_ensure_schema	EpcApaiBgEnsureSchema	content/shop/price_engine/epc_apai_background_jobs.php	php	529	gap	later
epc_apai_bg_get	EpcApaiBgGet	content/shop/price_engine/epc_apai_background_jobs.php	php	529	gap	later
epc_apai_bg_job_types	EpcApaiBgJobTypes	content/shop/price_engine/epc_apai_background_jobs.php	php	529	gap	later
epc_apai_bg_kick_async	EpcApaiBgKickAsync	content/shop/price_engine/epc_apai_background_jobs.php	php	529	gap	later
epc_apai_bg_process_pending	EpcApaiBgProcessPending	content/shop/price_engine/epc_apai_background_jobs.php	php	529	gap	later
epc_apai_bg_start	EpcApaiBgStart	content/shop/price_engine/epc_apai_background_jobs.php	php	529	gap	later
epc_apai_bg_status_payload	EpcApaiBgStatusPayload	content/shop/price_engine/epc_apai_background_jobs.php	php	529	gap	later
epc_apai_bg_tick	EpcApaiBgTick	content/shop/price_engine/epc_apai_background_jobs.php	php	529	gap	later
epc_apai_bg_tick_compare_refresh	EpcApaiBgTickCompareRefresh	content/shop/price_engine/epc_apai_background_jobs.php	php	529	gap	later
epc_apai_bg_tick_crawl	EpcApaiBgTickCrawl	content/shop/price_engine/epc_apai_background_jobs.php	php	529	gap	later
epc_apai_bg_tick_discover_seed	EpcApaiBgTickDiscoverSeed	content/shop/price_engine/epc_apai_background_jobs.php	php	529	gap	later
epc_apai_bg_tick_warehouse_match	EpcApaiBgTickWarehouseMatch	content/shop/price_engine/epc_apai_background_jobs.php	php	529	gap	later
epc_apai_bg_trigger_worker	EpcApaiBgTriggerWorker	content/shop/price_engine/epc_apai_background_jobs.php	php	529	gap	later
epc_apai_bg_update	EpcApaiBgUpdate	content/shop/price_engine/epc_apai_background_jobs.php	php	529	gap	later
epc_apai_country_search_site_filter	EpcApaiCountrySearchSiteFilter	content/shop/price_engine/epc_apai_country_sources.php	php	507	gap	later
epc_apai_country_source_pack	EpcApaiCountrySourcePack	content/shop/price_engine/epc_apai_country_sources.php	php	507	gap	later
epc_apai_country_source_sync_meta	EpcApaiCountrySourceSyncMeta	content/shop/price_engine/epc_apai_country_sources.php	php	507	gap	later
epc_apai_country_sources_for_tenant	EpcApaiCountrySourcesForTenant	content/shop/price_engine/epc_apai_country_sources.php	php	507	gap	later
epc_apai_discover_platform_sources	EpcApaiDiscoverPlatformSources	content/shop/price_engine/epc_apai_country_sources.php	php	507	gap	later
epc_apai_install_country_sources	EpcApaiInstallCountrySources	content/shop/price_engine/epc_apai_country_sources.php	php	507	gap	later
epc_apai_purge_own_domain_sources	EpcApaiPurgeOwnDomainSources	content/shop/price_engine/epc_apai_country_sources.php	php	507	gap	later
epc_apai_tenant_country	EpcApaiTenantCountry	content/shop/price_engine/epc_apai_country_sources.php	php	507	gap	later
epc_apai_tenant_country_from_registry	EpcApaiTenantCountryFromRegistry	content/shop/price_engine/epc_apai_country_sources.php	php	507	gap	later
epc_apai_tenant_own_domains	EpcApaiTenantOwnDomains	content/shop/price_engine/epc_apai_country_sources.php	php	507	gap	later
epc_apai_cp_catalogue_filter_close	EpcApaiCpCatalogueFilterClose	content/shop/price_engine/epc_apai_cp_catalogue_filter.php	php	195	gap	ready
epc_apai_cp_catalogue_filter_ctx	EpcApaiCpCatalogueFilterCtx	content/shop/price_engine/epc_apai_cp_catalogue_filter.php	php	195	gap	ready
epc_apai_cp_catalogue_filter_render	EpcApaiCpCatalogueFilterRender	content/shop/price_engine/epc_apai_cp_catalogue_filter.php	php	195	gap	ready
epc_apai_cp_resolve_site_key	EpcApaiCpResolveSiteKey	content/shop/price_engine/epc_apai_cp_catalogue_filter.php	php	195	gap	ready
epc_apai_backfill_imported_fulfillment	EpcApaiBackfillImportedFulfillment	content/shop/price_engine/epc_apai_fulfillment.php	php	584	gap	later
epc_apai_backfill_storefront_prices	EpcApaiBackfillStorefrontPrices	content/shop/price_engine/epc_apai_fulfillment.php	php	584	gap	later
epc_apai_buy_source_label	EpcApaiBuySourceLabel	content/shop/price_engine/epc_apai_fulfillment.php	php	584	gap	later
epc_apai_decode_order_item_meta	EpcApaiDecodeOrderItemMeta	content/shop/price_engine/epc_apai_fulfillment.php	php	584	gap	later
epc_apai_ensure_price_source_for_buy	EpcApaiEnsurePriceSourceForBuy	content/shop/price_engine/epc_apai_fulfillment.php	php	584	gap	later
epc_apai_ensure_supplier_for_buy_source	EpcApaiEnsureSupplierForBuySource	content/shop/price_engine/epc_apai_fulfillment.php	php	584	gap	later
epc_apai_import_attach_fulfillment	EpcApaiImportAttachFulfillment	content/shop/price_engine/epc_apai_fulfillment.php	php	584	gap	later
epc_apai_margin_calc	EpcApaiMarginCalc	content/shop/price_engine/epc_apai_fulfillment.php	php	584	gap	later
epc_apai_order_fulfillment_badge_html	EpcApaiOrderFulfillmentBadgeHtml	content/shop/price_engine/epc_apai_fulfillment.php	php	584	gap	later
epc_apai_order_item_json_params	EpcApaiOrderItemJsonParams	content/shop/price_engine/epc_apai_fulfillment.php	php	584	gap	later
epc_apai_product_fulfillment_meta	EpcApaiProductFulfillmentMeta	content/shop/price_engine/epc_apai_fulfillment.php	php	584	gap	later
epc_apai_product_storefront_offer_visible	EpcApaiProductStorefrontOfferVisible	content/shop/price_engine/epc_apai_fulfillment.php	php	584	gap	later
epc_apai_resolve_buy_source	EpcApaiResolveBuySource	content/shop/price_engine/epc_apai_fulfillment.php	php	584	gap	later
epc_apai_guide_industries	EpcApaiGuideIndustries	content/shop/price_engine/epc_apai_guide_shared.php	php	387	gap	later
epc_apai_guide_render	EpcApaiGuideRender	content/shop/price_engine/epc_apai_guide_shared.php	php	387	gap	later
epc_apai_buy_source_prices_from_row	EpcApaiBuySourcePricesFromRow	content/shop/price_engine/epc_apai_marketplace_channels.php	php	907	gap	later
epc_apai_estimate_marketplace_sell_price	EpcApaiEstimateMarketplaceSellPrice	content/shop/price_engine/epc_apai_marketplace_channels.php	php	907	gap	later
epc_apai_install_sell_marketplaces	EpcApaiInstallSellMarketplaces	content/shop/price_engine/epc_apai_marketplace_channels.php	php	907	gap	later
epc_apai_marketplace_arbitrage_enabled	EpcApaiMarketplaceArbitrageEnabled	content/shop/price_engine/epc_apai_marketplace_channels.php	php	907	gap	later
epc_apai_marketplace_channels_for_tenant	EpcApaiMarketplaceChannelsForTenant	content/shop/price_engine/epc_apai_marketplace_channels.php	php	907	gap	later
epc_apai_marketplace_presence_for_row	EpcApaiMarketplacePresenceForRow	content/shop/price_engine/epc_apai_marketplace_channels.php	php	907	gap	later
epc_apai_marketplace_profile_defaults	EpcApaiMarketplaceProfileDefaults	content/shop/price_engine/epc_apai_marketplace_channels.php	php	907	gap	later
epc_apai_marketplace_search_presence	EpcApaiMarketplaceSearchPresence	content/shop/price_engine/epc_apai_marketplace_channels.php	php	907	gap	later
epc_apai_marketplace_search_query	EpcApaiMarketplaceSearchQuery	content/shop/price_engine/epc_apai_marketplace_channels.php	php	907	gap	later
epc_apai_save_marketplace_arbitrage_config	EpcApaiSaveMarketplaceArbitrageConfig	content/shop/price_engine/epc_apai_marketplace_channels.php	php	907	gap	later
epc_apai_sell_marketplace_registry	EpcApaiSellMarketplaceRegistry	content/shop/price_engine/epc_apai_marketplace_channels.php	php	907	gap	later
epc_apai_sell_marketplaces_for_country	EpcApaiSellMarketplacesForCountry	content/shop/price_engine/epc_apai_marketplace_channels.php	php	907	gap	later
epc_apai_source_role	EpcApaiSourceRole	content/shop/price_engine/epc_apai_marketplace_channels.php	php	907	gap	later
epc_disc_marketplace_arbitrage_scan	EpcDiscMarketplaceArbitrageScan	content/shop/price_engine/epc_apai_marketplace_channels.php	php	907	gap	later
epc_disc_marketplace_gaps_matrix	EpcDiscMarketplaceGapsMatrix	content/shop/price_engine/epc_apai_marketplace_channels.php	php	907	gap	later
epc_apai_auto_parts_search_templates	EpcApaiAutoPartsSearchTemplates	content/shop/price_engine/epc_apai_product_line_rankings.php	php	577	gap	later
epc_apai_compare_matrix_for_taxonomy	EpcApaiCompareMatrixForTaxonomy	content/shop/price_engine/epc_apai_product_line_rankings.php	php	577	gap	later
epc_apai_curated_bestseller_slugs	EpcApaiCuratedBestsellerSlugs	content/shop/price_engine/epc_apai_product_line_rankings.php	php	577	gap	later
epc_apai_pl_rankings_apply_slice	EpcApaiPlRankingsApplySlice	content/shop/price_engine/epc_apai_product_line_rankings.php	php	577	gap	later
epc_apai_pl_rankings_cache_file	EpcApaiPlRankingsCacheFile	content/shop/price_engine/epc_apai_product_line_rankings.php	php	577	gap	later
epc_apai_product_line_market_prices	EpcApaiProductLineMarketPrices	content/shop/price_engine/epc_apai_product_line_rankings.php	php	577	gap	later
epc_apai_product_line_rankings	EpcApaiProductLineRankings	content/shop/price_engine/epc_apai_product_line_rankings.php	php	577	gap	later
epc_apai_rankings_domain_label	EpcApaiRankingsDomainLabel	content/shop/price_engine/epc_apai_product_line_rankings.php	php	577	gap	later
epc_apai_rankings_preview_image	EpcApaiRankingsPreviewImage	content/shop/price_engine/epc_apai_product_line_rankings.php	php	577	gap	later
epc_apai_tax_descendant_map	EpcApaiTaxDescendantMap	content/shop/price_engine/epc_apai_product_line_rankings.php	php	577	gap	later
epc_apai_tax_flat_for_industry	EpcApaiTaxFlatForIndustry	content/shop/price_engine/epc_apai_product_line_rankings.php	php	577	gap	later
epc_ape_adapter_fetch	EpcApeAdapterFetch	content/shop/price_engine/epc_auto_price_adapters.php	php	167	gap	ready
epc_ape_adapter_parse_og_price	EpcApeAdapterParseOgPrice	content/shop/price_engine/epc_auto_price_adapters.php	php	167	gap	ready
epc_ape_adapter_registry	EpcApeAdapterRegistry	content/shop/price_engine/epc_auto_price_adapters.php	php	167	gap	ready
epc_price_adapter_amazon_ae	EpcPriceAdapterAmazonAe	content/shop/price_engine/epc_auto_price_adapters.php	php	167	gap	ready
epc_price_adapter_ebay	EpcPriceAdapterEbay	content/shop/price_engine/epc_auto_price_adapters.php	php	167	gap	ready
epc_price_adapter_manual	EpcPriceAdapterManual	content/shop/price_engine/epc_auto_price_adapters.php	php	167	gap	ready
epc_price_adapter_noon	EpcPriceAdapterNoon	content/shop/price_engine/epc_auto_price_adapters.php	php	167	gap	ready
epc_price_adapter_supplier	EpcPriceAdapterSupplier	content/shop/price_engine/epc_auto_price_adapters.php	php	167	gap	ready
epc_price_adapter_warehouse	EpcPriceAdapterWarehouse	content/shop/price_engine/epc_auto_price_adapters.php	php	167	gap	ready
epc_apai_clean_description	EpcApaiCleanDescription	content/shop/price_engine/epc_auto_price_ai_enrich.php	php	167	gap	ready
epc_apai_clean_title	EpcApaiCleanTitle	content/shop/price_engine/epc_auto_price_ai_enrich.php	php	167	gap	ready
epc_apai_enrich_product	EpcApaiEnrichProduct	content/shop/price_engine/epc_auto_price_ai_enrich.php	php	167	gap	ready
epc_apai_openai_enrich	EpcApaiOpenaiEnrich	content/shop/price_engine/epc_auto_price_ai_enrich.php	php	167	gap	ready
epc_apai_suggest_taxonomy	EpcApaiSuggestTaxonomy	content/shop/price_engine/epc_auto_price_ai_enrich.php	php	167	gap	ready
epc_apai_advise_category	EpcApaiAdviseCategory	content/shop/price_engine/epc_auto_price_categories.php	php	1204	gap	later
epc_apai_advisor_product_text	EpcApaiAdvisorProductText	content/shop/price_engine/epc_auto_price_categories.php	php	1204	gap	later
epc_apai_assign_product_category	EpcApaiAssignProductCategory	content/shop/price_engine/epc_auto_price_categories.php	php	1204	gap	later
epc_apai_assign_product_part_properties	EpcApaiAssignProductPartProperties	content/shop/price_engine/epc_auto_price_categories.php	php	1204	gap	later
epc_apai_catalogue_product_path	EpcApaiCatalogueProductPath	content/shop/price_engine/epc_auto_price_categories.php	php	1204	gap	later
epc_apai_category_count	EpcApaiCategoryCount	content/shop/price_engine/epc_auto_price_categories.php	php	1204	gap	later
epc_apai_category_for_taxonomy	EpcApaiCategoryForTaxonomy	content/shop/price_engine/epc_auto_price_categories.php	php	1204	gap	later
epc_apai_category_map_schema	EpcApaiCategoryMapSchema	content/shop/price_engine/epc_auto_price_categories.php	php	1204	gap	later
epc_apai_category_name_by_id	EpcApaiCategoryNameById	content/shop/price_engine/epc_auto_price_categories.php	php	1204	gap	later
epc_apai_category_slug	EpcApaiCategorySlug	content/shop/price_engine/epc_auto_price_categories.php	php	1204	gap	later
epc_apai_category_upsert	EpcApaiCategoryUpsert	content/shop/price_engine/epc_auto_price_categories.php	php	1204	gap	later
epc_apai_create_auto_taxonomy_and_category	EpcApaiCreateAutoTaxonomyAndCategory	content/shop/price_engine/epc_auto_price_categories.php	php	1204	gap	later
epc_apai_ensure_category_base_properties	EpcApaiEnsureCategoryBaseProperties	content/shop/price_engine/epc_auto_price_categories.php	php	1204	gap	later
epc_apai_ensure_category_for_taxonomy	EpcApaiEnsureCategoryForTaxonomy	content/shop/price_engine/epc_auto_price_categories.php	php	1204	gap	later
epc_apai_extract_brand_article_from_title	EpcApaiExtractBrandArticleFromTitle	content/shop/price_engine/epc_auto_price_categories.php	php	1204	gap	later
epc_apai_fixup_imported_products	EpcApaiFixupImportedProducts	content/shop/price_engine/epc_auto_price_categories.php	php	1204	gap	later
epc_apai_list_industry_categories	EpcApaiListIndustryCategories	content/shop/price_engine/epc_auto_price_categories.php	php	1204	gap	later
epc_apai_match_taxonomy_scored	EpcApaiMatchTaxonomyScored	content/shop/price_engine/epc_auto_price_categories.php	php	1204	gap	later
epc_apai_parse_product_chpu	EpcApaiParseProductChpu	content/shop/price_engine/epc_auto_price_categories.php	php	1204	gap	later
epc_apai_product_chpu	EpcApaiProductChpu	content/shop/price_engine/epc_auto_price_categories.php	php	1204	gap	later
epc_apai_propose_category_from_product	EpcApaiProposeCategoryFromProduct	content/shop/price_engine/epc_auto_price_categories.php	php	1204	gap	later
epc_apai_refresh_category_counts	EpcApaiRefreshCategoryCounts	content/shop/price_engine/epc_auto_price_categories.php	php	1204	gap	later
epc_apai_resolve_catalogue_product_route	EpcApaiResolveCatalogueProductRoute	content/shop/price_engine/epc_auto_price_categories.php	php	1204	gap	later
epc_apai_resolve_import_category	EpcApaiResolveImportCategory	content/shop/price_engine/epc_auto_price_categories.php	php	1204	gap	later
epc_apai_storefront_lang_prefix	EpcApaiStorefrontLangPrefix	content/shop/price_engine/epc_auto_price_categories.php	php	1204	gap	later
epc_apai_sync_categories	EpcApaiSyncCategories	content/shop/price_engine/epc_auto_price_categories.php	php	1204	gap	later
epc_apai_sync_category_node	EpcApaiSyncCategoryNode	content/shop/price_engine/epc_auto_price_categories.php	php	1204	gap	later
epc_apai_taxonomy_keyword_map	EpcApaiTaxonomyKeywordMap	content/shop/price_engine/epc_auto_price_categories.php	php	1204	gap	later
epc_ape_setup_lang	EpcApeSetupLang	content/shop/price_engine/epc_auto_price_cp_install.php	php	203	gap	later
epc_auto_price_cp_install	EpcAutoPriceCpInstall	content/shop/price_engine/epc_auto_price_cp_install.php	php	203	gap	later
epc_auto_price_setup_connect	EpcAutoPriceSetupConnect	content/shop/price_engine/epc_auto_price_cp_install.php	php	203	gap	later
epc_apai_ajax_url	EpcApaiAjaxUrl	content/shop/price_engine/epc_auto_price_engine.php	php	6768	gap	later
epc_apai_apply_pricing_strategy	EpcApaiApplyPricingStrategy	content/shop/price_engine/epc_auto_price_engine.php	php	6768	gap	later
epc_apai_auto_crawl_config	EpcApaiAutoCrawlConfig	content/shop/price_engine/epc_auto_price_engine.php	php	6768	gap	later
epc_apai_brand_article_key	EpcApaiBrandArticleKey	content/shop/price_engine/epc_auto_price_engine.php	php	6768	gap	later
epc_apai_hourly_crawl_should_run_tenant	EpcApaiHourlyCrawlShouldRunTenant	content/shop/price_engine/epc_auto_price_engine.php	php	6768	gap	later
epc_apai_next_scheduled_crawl_at	EpcApaiNextScheduledCrawlAt	content/shop/price_engine/epc_auto_price_engine.php	php	6768	gap	later
epc_apai_normalize_article	EpcApaiNormalizeArticle	content/shop/price_engine/epc_auto_price_engine.php	php	6768	gap	later
epc_apai_normalize_brand	EpcApaiNormalizeBrand	content/shop/price_engine/epc_auto_price_engine.php	php	6768	gap	later
epc_apai_pricing_strategy	EpcApaiPricingStrategy	content/shop/price_engine/epc_auto_price_engine.php	php	6768	gap	later
epc_apai_pricing_strategy_options	EpcApaiPricingStrategyOptions	content/shop/price_engine/epc_auto_price_engine.php	php	6768	gap	later
epc_apai_queue_brand_article_key	EpcApaiQueueBrandArticleKey	content/shop/price_engine/epc_auto_price_engine.php	php	6768	gap	later
epc_apai_refresh_imported_source_prices	EpcApaiRefreshImportedSourcePrices	content/shop/price_engine/epc_auto_price_engine.php	php	6768	gap	later
epc_apai_save_pricing_strategy	EpcApaiSavePricingStrategy	content/shop/price_engine/epc_auto_price_engine.php	php	6768	gap	later
epc_apai_specs_enrich_brand_article	EpcApaiSpecsEnrichBrandArticle	content/shop/price_engine/epc_auto_price_engine.php	php	6768	gap	later
epc_apai_specs_extract_article	EpcApaiSpecsExtractArticle	content/shop/price_engine/epc_auto_price_engine.php	php	6768	gap	later
epc_apai_specs_extract_brand	EpcApaiSpecsExtractBrand	content/shop/price_engine/epc_auto_price_engine.php	php	6768	gap	later
epc_ape_catalogue_product_url	EpcApeCatalogueProductUrl	content/shop/price_engine/epc_auto_price_engine.php	php	6768	gap	later
epc_ape_channel_types	EpcApeChannelTypes	content/shop/price_engine/epc_auto_price_engine.php	php	6768	gap	later
epc_ape_compare_matrix	EpcApeCompareMatrix	content/shop/price_engine/epc_auto_price_engine.php	php	6768	gap	later
epc_ape_create_catalogue_product	EpcApeCreateCatalogueProduct	content/shop/price_engine/epc_auto_price_engine.php	php	6768	gap	later
epc_ape_create_listing	EpcApeCreateListing	content/shop/price_engine/epc_auto_price_engine.php	php	6768	gap	later
epc_ape_demo_product_ensure	EpcApeDemoProductEnsure	content/shop/price_engine/epc_auto_price_engine.php	php	6768	gap	later
epc_ape_ensure_catalogue_storage	EpcApeEnsureCatalogueStorage	content/shop/price_engine/epc_auto_price_engine.php	php	6768	gap	later
epc_ape_ensure_schema	EpcApeEnsureSchema	content/shop/price_engine/epc_auto_price_engine.php	php	6768	gap	later
epc_ape_ensure_storefront_storage_mapped	EpcApeEnsureStorefrontStorageMapped	content/shop/price_engine/epc_auto_price_engine.php	php	6768	gap	later
epc_ape_export_ebay_csv	EpcApeExportEbayCsv	content/shop/price_engine/epc_auto_price_engine.php	php	6768	gap	later
epc_ape_extract_url_meta	EpcApeExtractUrlMeta	content/shop/price_engine/epc_auto_price_engine.php	php	6768	gap	later
epc_ape_get_last_storage_error	EpcApeGetLastStorageError	content/shop/price_engine/epc_auto_price_engine.php	php	6768	gap	later
epc_ape_guide_context	EpcApeGuideContext	content/shop/price_engine/epc_auto_price_engine.php	php	6768	gap	later
epc_ape_h	EpcApeH	content/shop/price_engine/epc_auto_price_engine.php	php	6768	gap	later
epc_ape_kpi	EpcApeKpi	content/shop/price_engine/epc_auto_price_engine.php	php	6768	gap	later
epc_ape_profiles	EpcApeProfiles	content/shop/price_engine/epc_auto_price_engine.php	php	6768	gap	later
epc_ape_resolve_storefront_storage_id	EpcApeResolveStorefrontStorageId	content/shop/price_engine/epc_auto_price_engine.php	php	6768	gap	later
epc_ape_rules_get	EpcApeRulesGet	content/shop/price_engine/epc_auto_price_engine.php	php	6768	gap	later
epc_ape_rules_save	EpcApeRulesSave	content/shop/price_engine/epc_auto_price_engine.php	php	6768	gap	later
epc_ape_run_compare	EpcApeRunCompare	content/shop/price_engine/epc_auto_price_engine.php	php	6768	gap	later
epc_ape_seed_tenant_preset	EpcApeSeedTenantPreset	content/shop/price_engine/epc_auto_price_engine.php	php	6768	gap	later
epc_ape_set_catalogue_storage_price	EpcApeSetCatalogueStoragePrice	content/shop/price_engine/epc_auto_price_engine.php	php	6768	gap	later
epc_ape_set_last_storage_error	EpcApeSetLastStorageError	content/shop/price_engine/epc_auto_price_engine.php	php	6768	gap	later
epc_ape_source_delete	EpcApeSourceDelete	content/shop/price_engine/epc_auto_price_engine.php	php	6768	gap	later
epc_ape_source_product_save	EpcApeSourceProductSave	content/shop/price_engine/epc_auto_price_engine.php	php	6768	gap	later
epc_ape_source_product_specs	EpcApeSourceProductSpecs	content/shop/price_engine/epc_auto_price_engine.php	php	6768	gap	later
epc_ape_source_products_list	EpcApeSourceProductsList	content/shop/price_engine/epc_auto_price_engine.php	php	6768	gap	later
epc_ape_source_save	EpcApeSourceSave	content/shop/price_engine/epc_auto_price_engine.php	php	6768	gap	later
epc_ape_source_types	EpcApeSourceTypes	content/shop/price_engine/epc_auto_price_engine.php	php	6768	gap	later
epc_ape_sources_list	EpcApeSourcesList	content/shop/price_engine/epc_auto_price_engine.php	php	6768	gap	later
epc_ape_tenant_config_get	EpcApeTenantConfigGet	content/shop/price_engine/epc_auto_price_engine.php	php	6768	gap	later
epc_ape_tenant_config_save	EpcApeTenantConfigSave	content/shop/price_engine/epc_auto_price_engine.php	php	6768	gap	later
epc_ape_tenant_pdo	EpcApeTenantPdo	content/shop/price_engine/epc_auto_price_engine.php	php	6768	gap	later
epc_ape_update_source_product_price	EpcApeUpdateSourceProductPrice	content/shop/price_engine/epc_auto_price_engine.php	php	6768	gap	later
epc_ape_warehouse_matrix	EpcApeWarehouseMatrix	content/shop/price_engine/epc_auto_price_engine.php	php	6768	gap	later
epc_auto_price_apply_margin	EpcAutoPriceApplyMargin	content/shop/price_engine/epc_auto_price_engine.php	php	6768	gap	later
epc_disc_apply_price_meta_to_row	EpcDiscApplyPriceMetaToRow	content/shop/price_engine/epc_auto_price_engine.php	php	6768	gap	later
epc_disc_auth_defaults_for_domain	EpcDiscAuthDefaultsForDomain	content/shop/price_engine/epc_auto_price_engine.php	php	6768	gap	later
epc_disc_auth_password_decode	EpcDiscAuthPasswordDecode	content/shop/price_engine/epc_auto_price_engine.php	php	6768	gap	later
epc_disc_auth_password_encode	EpcDiscAuthPasswordEncode	content/shop/price_engine/epc_auto_price_engine.php	php	6768	gap	later
epc_disc_auth_types	EpcDiscAuthTypes	content/shop/price_engine/epc_auto_price_engine.php	php	6768	gap	later
epc_disc_build_source_price_range	EpcDiscBuildSourcePriceRange	content/shop/price_engine/epc_auto_price_engine.php	php	6768	gap	later
epc_disc_bulk_approve	EpcDiscBulkApprove	content/shop/price_engine/epc_auto_price_engine.php	php	6768	gap	later
epc_disc_catalogue_match_to_discover_card	EpcDiscCatalogueMatchToDiscoverCard	content/shop/price_engine/epc_auto_price_engine.php	php	6768	gap	later
epc_disc_catalogue_prices	EpcDiscCataloguePrices	content/shop/price_engine/epc_auto_price_engine.php	php	6768	gap	later
epc_disc_compute_price_diff	EpcDiscComputePriceDiff	content/shop/price_engine/epc_auto_price_engine.php	php	6768	gap	later
epc_disc_compute_range_from_prices	EpcDiscComputeRangeFromPrices	content/shop/price_engine/epc_auto_price_engine.php	php	6768	gap	later
epc_disc_compute_split_price_ranges	EpcDiscComputeSplitPriceRanges	content/shop/price_engine/epc_auto_price_engine.php	php	6768	gap	later
epc_disc_crawl_job_active	EpcDiscCrawlJobActive	content/shop/price_engine/epc_auto_price_engine.php	php	6768	gap	later
epc_disc_crawl_job_enqueue	EpcDiscCrawlJobEnqueue	content/shop/price_engine/epc_auto_price_engine.php	php	6768	gap	later
epc_disc_crawl_job_get	EpcDiscCrawlJobGet	content/shop/price_engine/epc_auto_price_engine.php	php	6768	gap	later
epc_disc_crawl_job_process_one	EpcDiscCrawlJobProcessOne	content/shop/price_engine/epc_auto_price_engine.php	php	6768	gap	later
epc_disc_cross_source_match	EpcDiscCrossSourceMatch	content/shop/price_engine/epc_auto_price_engine.php	php	6768	gap	later
epc_disc_default_discover_filters	EpcDiscDefaultDiscoverFilters	content/shop/price_engine/epc_auto_price_engine.php	php	6768	gap	later
epc_disc_default_discover_view	EpcDiscDefaultDiscoverView	content/shop/price_engine/epc_auto_price_engine.php	php	6768	gap	later
epc_disc_detect_range_changes	EpcDiscDetectRangeChanges	content/shop/price_engine/epc_auto_price_engine.php	php	6768	gap	later
epc_disc_discover_counts	EpcDiscDiscoverCounts	content/shop/price_engine/epc_auto_price_engine.php	php	6768	gap	later
epc_disc_discover_resolve_view	EpcDiscDiscoverResolveView	content/shop/price_engine/epc_auto_price_engine.php	php	6768	gap	later
epc_disc_domain_from_url_safe	EpcDiscDomainFromUrlSafe	content/shop/price_engine/epc_auto_price_engine.php	php	6768	gap	later
epc_disc_ensure_schema	EpcDiscEnsureSchema	content/shop/price_engine/epc_auto_price_engine.php	php	6768	gap	later
epc_disc_extract_brand_from_title	EpcDiscExtractBrandFromTitle	content/shop/price_engine/epc_auto_price_engine.php	php	6768	gap	later
epc_disc_extract_model_number	EpcDiscExtractModelNumber	content/shop/price_engine/epc_auto_price_engine.php	php	6768	gap	later
epc_disc_fetch_queue_prices	EpcDiscFetchQueuePrices	content/shop/price_engine/epc_auto_price_engine.php	php	6768	gap	later
epc_disc_find_catalogue_by_brand_article	EpcDiscFindCatalogueByBrandArticle	content/shop/price_engine/epc_auto_price_engine.php	php	6768	gap	later
epc_disc_find_catalogue_by_title	EpcDiscFindCatalogueByTitle	content/shop/price_engine/epc_auto_price_engine.php	php	6768	gap	later
epc_disc_find_warehouse_row_by_brand_article	EpcDiscFindWarehouseRowByBrandArticle	content/shop/price_engine/epc_auto_price_engine.php	php	6768	gap	later
epc_disc_get_last_crawl_at	EpcDiscGetLastCrawlAt	content/shop/price_engine/epc_auto_price_engine.php	php	6768	gap	later
epc_disc_get_last_scheduled_crawl_at	EpcDiscGetLastScheduledCrawlAt	content/shop/price_engine/epc_auto_price_engine.php	php	6768	gap	later
epc_disc_imports_build_dup_groups	EpcDiscImportsBuildDupGroups	content/shop/price_engine/epc_auto_price_engine.php	php	6768	gap	later
epc_disc_imports_counts	EpcDiscImportsCounts	content/shop/price_engine/epc_auto_price_engine.php	php	6768	gap	later
epc_disc_imports_enrich_row	EpcDiscImportsEnrichRow	content/shop/price_engine/epc_auto_price_engine.php	php	6768	gap	later
epc_disc_imports_fetch_rows	EpcDiscImportsFetchRows	content/shop/price_engine/epc_auto_price_engine.php	php	6768	gap	later
epc_disc_imports_in_dup_group	EpcDiscImportsInDupGroup	content/shop/price_engine/epc_auto_price_engine.php	php	6768	gap	later
epc_disc_industry_main_source	EpcDiscIndustryMainSource	content/shop/price_engine/epc_auto_price_engine.php	php	6768	gap	later
epc_disc_kpi	EpcDiscKpi	content/shop/price_engine/epc_auto_price_engine.php	php	6768	gap	later
epc_disc_margin_css_class	EpcDiscMarginCssClass	content/shop/price_engine/epc_auto_price_engine.php	php	6768	gap	later
epc_disc_market_confirmed_compare_matrix	EpcDiscMarketConfirmedCompareMatrix	content/shop/price_engine/epc_auto_price_engine.php	php	6768	gap	later
epc_disc_marketplace_prices_from_row_meta	EpcDiscMarketplacePricesFromRowMeta	content/shop/price_engine/epc_auto_price_engine.php	php	6768	gap	later
epc_disc_match_catalogue_to_market	EpcDiscMatchCatalogueToMarket	content/shop/price_engine/epc_auto_price_engine.php	php	6768	gap	later
epc_disc_match_warehouse_to_market	EpcDiscMatchWarehouseToMarket	content/shop/price_engine/epc_auto_price_engine.php	php	6768	gap	later
epc_disc_merge_cross_source_prices	EpcDiscMergeCrossSourcePrices	content/shop/price_engine/epc_auto_price_engine.php	php	6768	gap	later
epc_disc_norm_match_text	EpcDiscNormMatchText	content/shop/price_engine/epc_auto_price_engine.php	php	6768	gap	later
epc_disc_normalize_title_identity	EpcDiscNormalizeTitleIdentity	content/shop/price_engine/epc_auto_price_engine.php	php	6768	gap	later
epc_disc_persist_source_price_range_meta	EpcDiscPersistSourcePriceRangeMeta	content/shop/price_engine/epc_auto_price_engine.php	php	6768	gap	later
epc_disc_price_threshold_abs	EpcDiscPriceThresholdAbs	content/shop/price_engine/epc_auto_price_engine.php	php	6768	gap	later
epc_disc_price_threshold_pct	EpcDiscPriceThresholdPct	content/shop/price_engine/epc_auto_price_engine.php	php	6768	gap	later
epc_disc_prices_differ	EpcDiscPricesDiffer	content/shop/price_engine/epc_auto_price_engine.php	php	6768	gap	later
epc_disc_pricing_advice	EpcDiscPricingAdvice	content/shop/price_engine/epc_auto_price_engine.php	php	6768	gap	later
epc_disc_product_identity_key	EpcDiscProductIdentityKey	content/shop/price_engine/epc_auto_price_engine.php	php	6768	gap	later
epc_disc_queue_add_from_fetch	EpcDiscQueueAddFromFetch	content/shop/price_engine/epc_auto_price_engine.php	php	6768	gap	later
epc_disc_queue_approve_import	EpcDiscQueueApproveImport	content/shop/price_engine/epc_auto_price_engine.php	php	6768	gap	later
epc_disc_queue_backfill_import_baseline	EpcDiscQueueBackfillImportBaseline	content/shop/price_engine/epc_auto_price_engine.php	php	6768	gap	later
epc_disc_queue_count	EpcDiscQueueCount	content/shop/price_engine/epc_auto_price_engine.php	php	6768	gap	later
epc_disc_queue_dismiss_duplicates	EpcDiscQueueDismissDuplicates	content/shop/price_engine/epc_auto_price_engine.php	php	6768	gap	later
epc_disc_queue_dup_key	EpcDiscQueueDupKey	content/shop/price_engine/epc_auto_price_engine.php	php	6768	gap	later
epc_disc_queue_extract_sku	EpcDiscQueueExtractSku	content/shop/price_engine/epc_auto_price_engine.php	php	6768	gap	later
epc_disc_queue_find_existing	EpcDiscQueueFindExisting	content/shop/price_engine/epc_auto_price_engine.php	php	6768	gap	later
epc_disc_queue_identity_key	EpcDiscQueueIdentityKey	content/shop/price_engine/epc_auto_price_engine.php	php	6768	gap	later
epc_disc_queue_list	EpcDiscQueueList	content/shop/price_engine/epc_auto_price_engine.php	php	6768	gap	later
epc_disc_queue_list_for_discover	EpcDiscQueueListForDiscover	content/shop/price_engine/epc_auto_price_engine.php	php	6768	gap	later
epc_disc_queue_list_for_imports	EpcDiscQueueListForImports	content/shop/price_engine/epc_auto_price_engine.php	php	6768	gap	later
epc_disc_queue_mark_catalogue_duplicates	EpcDiscQueueMarkCatalogueDuplicates	content/shop/price_engine/epc_auto_price_engine.php	php	6768	gap	later
epc_disc_queue_parse_row	EpcDiscQueueParseRow	content/shop/price_engine/epc_auto_price_engine.php	php	6768	gap	later
epc_disc_queue_persist_duplicate_meta	EpcDiscQueuePersistDuplicateMeta	content/shop/price_engine/epc_auto_price_engine.php	php	6768	gap	later
epc_disc_queue_refresh_images	EpcDiscQueueRefreshImages	content/shop/price_engine/epc_auto_price_engine.php	php	6768	gap	later
epc_disc_queue_reject	EpcDiscQueueReject	content/shop/price_engine/epc_auto_price_engine.php	php	6768	gap	later
epc_disc_queue_update_from_fetch	EpcDiscQueueUpdateFromFetch	content/shop/price_engine/epc_auto_price_engine.php	php	6768	gap	later
epc_disc_render_price_range_block	EpcDiscRenderPriceRangeBlock	content/shop/price_engine/epc_auto_price_engine.php	php	6768	gap	later
epc_disc_resolve_your_prices	EpcDiscResolveYourPrices	content/shop/price_engine/epc_auto_price_engine.php	php	6768	gap	later
epc_disc_seed_queue	EpcDiscSeedQueue	content/shop/price_engine/epc_auto_price_engine.php	php	6768	gap	later
epc_disc_seed_sources	EpcDiscSeedSources	content/shop/price_engine/epc_auto_price_engine.php	php	6768	gap	later
epc_disc_set_last_crawl_at	EpcDiscSetLastCrawlAt	content/shop/price_engine/epc_auto_price_engine.php	php	6768	gap	later
epc_disc_set_last_scheduled_crawl_at	EpcDiscSetLastScheduledCrawlAt	content/shop/price_engine/epc_auto_price_engine.php	php	6768	gap	later
epc_disc_should_show_in_discover	EpcDiscShouldShowInDiscover	content/shop/price_engine/epc_auto_price_engine.php	php	6768	gap	later
epc_disc_source_auth_config	EpcDiscSourceAuthConfig	content/shop/price_engine/epc_auto_price_engine.php	php	6768	gap	later
epc_disc_source_clear_skip	EpcDiscSourceClearSkip	content/shop/price_engine/epc_auto_price_engine.php	php	6768	gap	later
epc_disc_source_config_decode	EpcDiscSourceConfigDecode	content/shop/price_engine/epc_auto_price_engine.php	php	6768	gap	later
epc_disc_source_config_for_url	EpcDiscSourceConfigForUrl	content/shop/price_engine/epc_auto_price_engine.php	php	6768	gap	later
epc_disc_source_flush_failures	EpcDiscSourceFlushFailures	content/shop/price_engine/epc_auto_price_engine.php	php	6768	gap	later
epc_disc_source_get	EpcDiscSourceGet	content/shop/price_engine/epc_auto_price_engine.php	php	6768	gap	later
epc_disc_source_has_login	EpcDiscSourceHasLogin	content/shop/price_engine/epc_auto_price_engine.php	php	6768	gap	later
epc_disc_source_is_skipped	EpcDiscSourceIsSkipped	content/shop/price_engine/epc_auto_price_engine.php	php	6768	gap	later
epc_disc_source_mark_crawl_failure	EpcDiscSourceMarkCrawlFailure	content/shop/price_engine/epc_auto_price_engine.php	php	6768	gap	later
epc_disc_source_origin	EpcDiscSourceOrigin	content/shop/price_engine/epc_auto_price_engine.php	php	6768	gap	later
epc_disc_source_price_range	EpcDiscSourcePriceRange	content/shop/price_engine/epc_auto_price_engine.php	php	6768	gap	later
epc_disc_source_schema_migrate	EpcDiscSourceSchemaMigrate	content/shop/price_engine/epc_auto_price_engine.php	php	6768	gap	later
epc_disc_source_test_login	EpcDiscSourceTestLogin	content/shop/price_engine/epc_auto_price_engine.php	php	6768	gap	later
epc_disc_sources_for_search	EpcDiscSourcesForSearch	content/shop/price_engine/epc_auto_price_engine.php	php	6768	gap	later
epc_disc_sources_for_tenant	EpcDiscSourcesForTenant	content/shop/price_engine/epc_auto_price_engine.php	php	6768	gap	later
epc_disc_sources_list	EpcDiscSourcesList	content/shop/price_engine/epc_auto_price_engine.php	php	6768	gap	later
epc_disc_sources_merge_by_domain	EpcDiscSourcesMergeByDomain	content/shop/price_engine/epc_auto_price_engine.php	php	6768	gap	later
epc_disc_sources_search_message	EpcDiscSourcesSearchMessage	content/shop/price_engine/epc_auto_price_engine.php	php	6768	gap	later
epc_disc_sources_to_domain_list	EpcDiscSourcesToDomainList	content/shop/price_engine/epc_auto_price_engine.php	php	6768	gap	later
epc_disc_spare247_price_from_sources	EpcDiscSpare247PriceFromSources	content/shop/price_engine/epc_auto_price_engine.php	php	6768	gap	later
epc_disc_warehouse_flag_repricing	EpcDiscWarehouseFlagRepricing	content/shop/price_engine/epc_auto_price_engine.php	php	6768	gap	later
epc_disc_warehouse_market_badge	EpcDiscWarehouseMarketBadge	content/shop/price_engine/epc_auto_price_engine.php	php	6768	gap	later
epc_disc_warehouse_market_badge_labels	EpcDiscWarehouseMarketBadgeLabels	content/shop/price_engine/epc_auto_price_engine.php	php	6768	gap	later
epc_disc_warehouse_market_counts	EpcDiscWarehouseMarketCounts	content/shop/price_engine/epc_auto_price_engine.php	php	6768	gap	later
epc_disc_warehouse_market_list	EpcDiscWarehouseMarketList	content/shop/price_engine/epc_auto_price_engine.php	php	6768	gap	later
epc_disc_warehouse_update_catalogue_price	EpcDiscWarehouseUpdateCataloguePrice	content/shop/price_engine/epc_auto_price_engine.php	php	6768	gap	later
epc_ape_image_clear_product_images	EpcApeImageClearProductImages	content/shop/price_engine/epc_auto_price_images.php	php	366	gap	later
epc_ape_image_download	EpcApeImageDownload	content/shop/price_engine/epc_auto_price_images.php	php	366	gap	later
epc_ape_image_guess_type	EpcApeImageGuessType	content/shop/price_engine/epc_auto_price_images.php	php	366	gap	later
epc_ape_image_make_thumb	EpcApeImageMakeThumb	content/shop/price_engine/epc_auto_price_images.php	php	366	gap	later
epc_ape_image_normalize_urls	EpcApeImageNormalizeUrls	content/shop/price_engine/epc_auto_price_images.php	php	366	gap	later
epc_auto_price_import_images	EpcAutoPriceImportImages	content/shop/price_engine/epc_auto_price_images.php	php	366	gap	later
epc_disc_queue_preview_image	EpcDiscQueuePreviewImage	content/shop/price_engine/epc_auto_price_images.php	php	366	gap	later
epc_product_image_fs_path	EpcProductImageFsPath	content/shop/price_engine/epc_auto_price_images.php	php	366	gap	later
epc_product_image_url	EpcProductImageUrl	content/shop/price_engine/epc_auto_price_images.php	php	366	gap	later
epc_apai_detect_spec_conflicts	EpcApaiDetectSpecConflicts	content/shop/price_engine/epc_auto_price_storefront.php	php	614	gap	later
epc_apai_imported_compare_matrix	EpcApaiImportedCompareMatrix	content/shop/price_engine/epc_auto_price_storefront.php	php	614	gap	later
epc_apai_is_warehouse_auto_parts_storefront	EpcApaiIsWarehouseAutoPartsStorefront	content/shop/price_engine/epc_auto_price_storefront.php	php	614	gap	later
epc_apai_product_has_discovery_import	EpcApaiProductHasDiscoveryImport	content/shop/price_engine/epc_auto_price_storefront.php	php	614	gap	later
epc_apai_product_part_identity	EpcApaiProductPartIdentity	content/shop/price_engine/epc_auto_price_storefront.php	php	614	gap	later
epc_apai_product_source_prices	EpcApaiProductSourcePrices	content/shop/price_engine/epc_auto_price_storefront.php	php	614	gap	later
epc_apai_render_market_prices_block	EpcApaiRenderMarketPricesBlock	content/shop/price_engine/epc_auto_price_storefront.php	php	614	gap	later
epc_apai_resolve_storefront_site_key	EpcApaiResolveStorefrontSiteKey	content/shop/price_engine/epc_auto_price_storefront.php	php	614	gap	later
epc_apai_seed_alternate_source_prices	EpcApaiSeedAlternateSourcePrices	content/shop/price_engine/epc_auto_price_storefront.php	php	614	gap	later
epc_apai_show_market_prices_enabled	EpcApaiShowMarketPricesEnabled	content/shop/price_engine/epc_auto_price_storefront.php	php	614	gap	later
epc_apai_source_price_save	EpcApaiSourcePriceSave	content/shop/price_engine/epc_auto_price_storefront.php	php	614	gap	later
epc_apai_source_prices_schema	EpcApaiSourcePricesSchema	content/shop/price_engine/epc_auto_price_storefront.php	php	614	gap	later
epc_apai_storefront_hide_market_sourcing	EpcApaiStorefrontHideMarketSourcing	content/shop/price_engine/epc_auto_price_storefront.php	php	614	gap	later
epc_apai_warehouse_parts_search_href	EpcApaiWarehousePartsSearchHref	content/shop/price_engine/epc_auto_price_storefront.php	php	614	gap	later
epc_disc_adapter_amazon_ae	EpcDiscAdapterAmazonAe	content/shop/price_engine/epc_discovery_adapters.php	php	1870	gap	later
epc_disc_adapter_custom_website	EpcDiscAdapterCustomWebsite	content/shop/price_engine/epc_discovery_adapters.php	php	1870	gap	later
epc_disc_adapter_ebay	EpcDiscAdapterEbay	content/shop/price_engine/epc_discovery_adapters.php	php	1870	gap	later
epc_disc_adapter_noon	EpcDiscAdapterNoon	content/shop/price_engine/epc_discovery_adapters.php	php	1870	gap	later
epc_disc_adapter_registry	EpcDiscAdapterRegistry	content/shop/price_engine/epc_discovery_adapters.php	php	1870	gap	later
epc_disc_adapter_search_engine	EpcDiscAdapterSearchEngine	content/shop/price_engine/epc_discovery_adapters.php	php	1870	gap	later
epc_disc_adapter_warehouse_supplier	EpcDiscAdapterWarehouseSupplier	content/shop/price_engine/epc_discovery_adapters.php	php	1870	gap	later
epc_disc_ae_domain_priority	EpcDiscAeDomainPriority	content/shop/price_engine/epc_discovery_adapters.php	php	1870	gap	later
epc_disc_batch_urls	EpcDiscBatchUrls	content/shop/price_engine/epc_discovery_adapters.php	php	1870	gap	later
epc_disc_build_auto_parts_search_query	EpcDiscBuildAutoPartsSearchQuery	content/shop/price_engine/epc_discovery_adapters.php	php	1870	gap	later
epc_disc_country_domain_priority	EpcDiscCountryDomainPriority	content/shop/price_engine/epc_discovery_adapters.php	php	1870	gap	later
epc_disc_crawl_electronics_cross_source	EpcDiscCrawlElectronicsCrossSource	content/shop/price_engine/epc_discovery_adapters.php	php	1870	gap	later
epc_disc_crawl_sources	EpcDiscCrawlSources	content/shop/price_engine/epc_discovery_adapters.php	php	1870	gap	later
epc_disc_deep_fetch_url	EpcDiscDeepFetchUrl	content/shop/price_engine/epc_discovery_adapters.php	php	1870	gap	later
epc_disc_demo_products_for_node	EpcDiscDemoProductsForNode	content/shop/price_engine/epc_discovery_adapters.php	php	1870	gap	later
epc_disc_demo_specs_and_sources	EpcDiscDemoSpecsAndSources	content/shop/price_engine/epc_discovery_adapters.php	php	1870	gap	later
epc_disc_domain_from_list_item	EpcDiscDomainFromListItem	content/shop/price_engine/epc_discovery_adapters.php	php	1870	gap	later
epc_disc_domain_from_url	EpcDiscDomainFromUrl	content/shop/price_engine/epc_discovery_adapters.php	php	1870	gap	later
epc_disc_extract_brand_article_from_url	EpcDiscExtractBrandArticleFromUrl	content/shop/price_engine/epc_discovery_adapters.php	php	1870	gap	later
epc_disc_extract_specs_from_html	EpcDiscExtractSpecsFromHtml	content/shop/price_engine/epc_discovery_adapters.php	php	1870	gap	later
epc_disc_fetch_url	EpcDiscFetchUrl	content/shop/price_engine/epc_discovery_adapters.php	php	1870	gap	later
epc_disc_http_cache_get	EpcDiscHttpCacheGet	content/shop/price_engine/epc_discovery_adapters.php	php	1870	gap	later
epc_disc_http_cache_key	EpcDiscHttpCacheKey	content/shop/price_engine/epc_discovery_adapters.php	php	1870	gap	later
epc_disc_http_cache_set	EpcDiscHttpCacheSet	content/shop/price_engine/epc_discovery_adapters.php	php	1870	gap	later
epc_disc_http_cached_price_fallback	EpcDiscHttpCachedPriceFallback	content/shop/price_engine/epc_discovery_adapters.php	php	1870	gap	later
epc_disc_http_cookie_header	EpcDiscHttpCookieHeader	content/shop/price_engine/epc_discovery_adapters.php	php	1870	gap	later
epc_disc_http_ensure_form_login	EpcDiscHttpEnsureFormLogin	content/shop/price_engine/epc_discovery_adapters.php	php	1870	gap	later
epc_disc_http_fetch	EpcDiscHttpFetch	content/shop/price_engine/epc_discovery_adapters.php	php	1870	gap	later
epc_disc_http_fetch_parallel	EpcDiscHttpFetchParallel	content/shop/price_engine/epc_discovery_adapters.php	php	1870	gap	later
epc_disc_http_get	EpcDiscHttpGet	content/shop/price_engine/epc_discovery_adapters.php	php	1870	gap	later
epc_disc_http_parse_cookie_jar	EpcDiscHttpParseCookieJar	content/shop/price_engine/epc_discovery_adapters.php	php	1870	gap	later
epc_disc_http_parse_set_cookie_headers	EpcDiscHttpParseSetCookieHeaders	content/shop/price_engine/epc_discovery_adapters.php	php	1870	gap	later
epc_disc_normalize_specs	EpcDiscNormalizeSpecs	content/shop/price_engine/epc_discovery_adapters.php	php	1870	gap	later
epc_disc_parse_brand_article_query	EpcDiscParseBrandArticleQuery	content/shop/price_engine/epc_discovery_adapters.php	php	1870	gap	later
epc_disc_run_for_taxonomy	EpcDiscRunForTaxonomy	content/shop/price_engine/epc_discovery_adapters.php	php	1870	gap	later
epc_disc_sort_sources_autoparts_primary	EpcDiscSortSourcesAutopartsPrimary	content/shop/price_engine/epc_discovery_adapters.php	php	1870	gap	later
epc_disc_sources_for_crawl_mode	EpcDiscSourcesForCrawlMode	content/shop/price_engine/epc_discovery_adapters.php	php	1870	gap	later
epc_disc_test_source_auth	EpcDiscTestSourceAuth	content/shop/price_engine/epc_discovery_adapters.php	php	1870	gap	later
epc_apai_ae_sources_for_industry	EpcApaiAeSourcesForIndustry	content/shop/price_engine/epc_industry_taxonomy.php	php	537	gap	later
epc_apai_country_industry_sources	EpcApaiCountryIndustrySources	content/shop/price_engine/epc_industry_taxonomy.php	php	537	gap	later
epc_apai_demo_slugs_for_industry	EpcApaiDemoSlugsForIndustry	content/shop/price_engine/epc_industry_taxonomy.php	php	537	gap	later
epc_apai_industry_from_code	EpcApaiIndustryFromCode	content/shop/price_engine/epc_industry_taxonomy.php	php	537	gap	later
epc_apai_industry_profiles	EpcApaiIndustryProfiles	content/shop/price_engine/epc_industry_taxonomy.php	php	537	gap	later
epc_apai_insert_tax_node	EpcApaiInsertTaxNode	content/shop/price_engine/epc_industry_taxonomy.php	php	537	gap	later
epc_apai_resolve_industry	EpcApaiResolveIndustry	content/shop/price_engine/epc_industry_taxonomy.php	php	537	gap	later
epc_apai_seed_all_taxonomies	EpcApaiSeedAllTaxonomies	content/shop/price_engine/epc_industry_taxonomy.php	php	537	gap	later
epc_apai_tax_by_slug	EpcApaiTaxBySlug	content/shop/price_engine/epc_industry_taxonomy.php	php	537	gap	later
epc_apai_tax_count	EpcApaiTaxCount	content/shop/price_engine/epc_industry_taxonomy.php	php	537	gap	later
epc_apai_tax_list_tree	EpcApaiTaxListTree	content/shop/price_engine/epc_industry_taxonomy.php	php	537	gap	later
epc_apai_taxonomy_migrate_schema	EpcApaiTaxonomyMigrateSchema	content/shop/price_engine/epc_industry_taxonomy.php	php	537	gap	later
epc_apai_taxonomy_trees	EpcApaiTaxonomyTrees	content/shop/price_engine/epc_industry_taxonomy.php	php	537	gap	later
epc_apai_tenant_industry_map	EpcApaiTenantIndustryMap	content/shop/price_engine/epc_industry_taxonomy.php	php	537	gap	later
epc_currency_js_config	EpcCurrencyJsConfig	content/shop/pricing/epc_currency.php	php	141	mentioned	partial-file
epc_trade_currency_locked	EpcTradeCurrencyLocked	content/shop/pricing/epc_customer_trade.php	php	299	mentioned	partial-file
epc_trade_customer_types	EpcTradeCustomerTypes	content/shop/pricing/epc_customer_trade.php	php	299	mentioned	partial-file
epc_trade_is_approved	EpcTradeIsApproved	content/shop/pricing/epc_customer_trade.php	php	299	mentioned	partial-file
epc_trade_is_pending	EpcTradeIsPending	content/shop/pricing/epc_customer_trade.php	php	299	mentioned	partial-file
epc_pricing_apply_brand_rule	EpcPricingApplyBrandRule	content/shop/pricing/epc_pricing.php	php	709	mentioned	partial-file
epc_pricing_apply_margin_step	EpcPricingApplyMarginStep	content/shop/pricing/epc_pricing.php	php	709	mentioned	partial-file
epc_pricing_customer_safe_no_margin_message	EpcPricingCustomerSafeNoMarginMessage	content/shop/pricing/epc_pricing.php	php	709	mentioned	partial-file
epc_pricing_default_guest_retail_margin	EpcPricingDefaultGuestRetailMargin	content/shop/pricing/epc_pricing.php	php	709	mentioned	partial-file
epc_pricing_get_article_rule	EpcPricingGetArticleRule	content/shop/pricing/epc_pricing.php	php	709	mentioned	partial-file
epc_pricing_get_brand_rule	EpcPricingGetBrandRule	content/shop/pricing/epc_pricing.php	php	709	mentioned	partial-file
epc_pricing_get_guest_margin_percent	EpcPricingGetGuestMarginPercent	content/shop/pricing/epc_pricing.php	php	709	mentioned	partial-file
epc_pricing_get_profile_margin_percent	EpcPricingGetProfileMarginPercent	content/shop/pricing/epc_pricing.php	php	709	mentioned	partial-file
epc_pricing_get_profile_vat_percent	EpcPricingGetProfileVatPercent	content/shop/pricing/epc_pricing.php	php	709	mentioned	partial-file
epc_pricing_get_storage_article_rule	EpcPricingGetStorageArticleRule	content/shop/pricing/epc_pricing.php	php	709	mentioned	partial-file
epc_pricing_get_storage_brand_rule	EpcPricingGetStorageBrandRule	content/shop/pricing/epc_pricing.php	php	709	mentioned	partial-file
epc_pricing_get_storage_rule	EpcPricingGetStorageRule	content/shop/pricing/epc_pricing.php	php	709	mentioned	partial-file
epc_pricing_get_user_profile_group_id	EpcPricingGetUserProfileGroupId	content/shop/pricing/epc_pricing.php	php	709	mentioned	partial-file
epc_pricing_is_guest_group	EpcPricingIsGuestGroup	content/shop/pricing/epc_pricing.php	php	709	mentioned	partial-file
epc_pricing_line_has_positive_margin	EpcPricingLineHasPositiveMargin	content/shop/pricing/epc_pricing.php	php	709	mentioned	partial-file
epc_pricing_profile_code_for_group	EpcPricingProfileCodeForGroup	content/shop/pricing/epc_pricing.php	php	709	mentioned	partial-file
epc_pricing_resolve_customer_group_id	EpcPricingResolveCustomerGroupId	content/shop/pricing/epc_pricing.php	php	709	mentioned	partial-file
get_date	GetDate	content/shop/print_docs/service/print.php	php	145	mentioned	partial-file
epc_proc_h	EpcProcH	content/shop/procurement/epc_procurement_helpers.php	php	418	mentioned	partial-file
epc_procurement_open_orders	EpcProcurementOpenOrders	content/shop/procurement/epc_procurement_helpers.php	php	418	mentioned	partial-file
checkData	CheckData	content/shop/returns/ajax/helper.php	php	239	mentioned	partial-file
checkItemToCut	CheckItemToCut	content/shop/returns/ajax/helper.php	php	239	mentioned	partial-file
createTmpForCut	CreateTmpForCut	content/shop/returns/ajax/helper.php	php	239	mentioned	partial-file
uploadItem	UploadItem	content/shop/returns/ajax/helper.php	php	239	mentioned	partial-file
uploadReturn	UploadReturn	content/shop/returns/ajax/helper.php	php	239	mentioned	partial-file
epc_tenant_apply_country_profile	EpcTenantApplyCountryProfile	content/shop/tenant_hub/epc_tenant_country_profile.php	php	239	gap	later
epc_tenant_country_erp_defaults	EpcTenantCountryErpDefaults	content/shop/tenant_hub/epc_tenant_country_profile.php	php	239	gap	later
epc_tenant_country_market_label	EpcTenantCountryMarketLabel	content/shop/tenant_hub/epc_tenant_country_profile.php	php	239	gap	later
epc_tenant_country_normalize	EpcTenantCountryNormalize	content/shop/tenant_hub/epc_tenant_country_profile.php	php	239	gap	later
epc_tenant_country_pricing_set	EpcTenantCountryPricingSet	content/shop/tenant_hub/epc_tenant_country_profile.php	php	239	gap	later
epc_tenant_country_tenant_pdo	EpcTenantCountryTenantPdo	content/shop/tenant_hub/epc_tenant_country_profile.php	php	239	gap	later
epc_th_add_tenant	EpcThAddTenant	content/shop/tenant_hub/epc_tenant_hub_helpers.php	php	296	gap	later
epc_th_anchor_blockchain_pending_now	EpcThAnchorBlockchainPendingNow	content/shop/tenant_hub/epc_tenant_hub_helpers.php	php	296	gap	later
epc_th_apply_industry_theme	EpcThApplyIndustryTheme	content/shop/tenant_hub/epc_tenant_hub_helpers.php	php	296	gap	later
epc_th_h	EpcThH	content/shop/tenant_hub/epc_tenant_hub_helpers.php	php	296	gap	later
epc_th_launch_checklist	EpcThLaunchChecklist	content/shop/tenant_hub/epc_tenant_hub_helpers.php	php	296	gap	later
epc_th_list_tenants	EpcThListTenants	content/shop/tenant_hub/epc_tenant_hub_helpers.php	php	296	gap	later
epc_th_onboard_client	EpcThOnboardClient	content/shop/tenant_hub/epc_tenant_hub_helpers.php	php	296	gap	later
epc_th_platform_stats	EpcThPlatformStats	content/shop/tenant_hub/epc_tenant_hub_helpers.php	php	296	gap	later
epc_th_probe_url	EpcThProbeUrl	content/shop/tenant_hub/epc_tenant_hub_helpers.php	php	296	gap	later
epc_th_require_super_cp	EpcThRequireSuperCp	content/shop/tenant_hub/epc_tenant_hub_helpers.php	php	296	gap	later
epc_th_tenant_action_urls	EpcThTenantActionUrls	content/shop/tenant_hub/epc_tenant_hub_helpers.php	php	296	gap	later
epc_th_tenant_db_connect_ok	EpcThTenantDbConnectOk	content/shop/tenant_hub/epc_tenant_hub_helpers.php	php	296	gap	later
epc_th_update_tenant_blockchain_mode	EpcThUpdateTenantBlockchainMode	content/shop/tenant_hub/epc_tenant_hub_helpers.php	php	296	gap	later
epc_th_update_tenant_status	EpcThUpdateTenantStatus	content/shop/tenant_hub/epc_tenant_hub_helpers.php	php	296	gap	later
epcIntroApplyErpPreset	EpcIntroApplyErpPreset	content/shop/tenant_hub/epc_tenant_onboard_panel.php	js	597	gap	browser-js
epcIntroApplyIndustryErpPreset	EpcIntroApplyIndustryErpPreset	content/shop/tenant_hub/epc_tenant_onboard_panel.php	js	597	gap	browser-js
epcIntroApplyTemplate	EpcIntroApplyTemplate	content/shop/tenant_hub/epc_tenant_onboard_panel.php	js	597	gap	browser-js
epcIntroCountryUi	EpcIntroCountryUi	content/shop/tenant_hub/epc_tenant_onboard_panel.php	js	597	gap	browser-js
epcIntroPackageForIndustry	EpcIntroPackageForIndustry	content/shop/tenant_hub/epc_tenant_onboard_panel.php	js	597	gap	browser-js
epcIntroSyncSiteKey	EpcIntroSyncSiteKey	content/shop/tenant_hub/epc_tenant_onboard_panel.php	js	597	gap	browser-js
epcIntroSyncThemeFromIndustry	EpcIntroSyncThemeFromIndustry	content/shop/tenant_hub/epc_tenant_onboard_panel.php	js	597	gap	browser-js
epcIntroToggleAutoPartsNote	EpcIntroToggleAutoPartsNote	content/shop/tenant_hub/epc_tenant_onboard_panel.php	js	597	gap	browser-js
epcIntroToggleErpOnly	EpcIntroToggleErpOnly	content/shop/tenant_hub/epc_tenant_onboard_panel.php	js	597	gap	browser-js
epcIntroToggleScalePolicy	EpcIntroToggleScalePolicy	content/shop/tenant_hub/epc_tenant_onboard_panel.php	js	597	gap	browser-js
epcIntroToggleSharedErp	EpcIntroToggleSharedErp	content/shop/tenant_hub/epc_tenant_onboard_panel.php	js	597	gap	browser-js
epc_th_apply_industry_template	EpcThApplyIndustryTemplate	content/shop/tenant_hub/epc_tenant_templates_catalog.php	php	297	gap	later
epc_th_default_industry_for_template	EpcThDefaultIndustryForTemplate	content/shop/tenant_hub/epc_tenant_templates_catalog.php	php	297	gap	later
epc_th_industry_templates_catalog	EpcThIndustryTemplatesCatalog	content/shop/tenant_hub/epc_tenant_templates_catalog.php	php	297	gap	later
epc_th_portal_codes_for_template	EpcThPortalCodesForTemplate	content/shop/tenant_hub/epc_tenant_templates_catalog.php	php	297	gap	later
epc_th_storefront_packages_catalog	EpcThStorefrontPackagesCatalog	content/shop/tenant_hub/epc_tenant_templates_catalog.php	php	297	gap	later
epc_th_templates_guide_steps	EpcThTemplatesGuideSteps	content/shop/tenant_hub/epc_tenant_templates_catalog.php	php	297	gap	later
ucats_remove_btn_js	UcatsRemoveBtnJs	content/shop/ucats/accessories/vybor_tovara.php	js	44	mentioned	browser-js
ucats_remove_btn_js	UcatsRemoveBtnJs	content/shop/ucats/akb/akb.php	js	22	mentioned	browser-js
ucats_remove_btn_js	UcatsRemoveBtnJs	content/shop/ucats/bolty_gayki_prostavki/bolty_gayki_prostavki.php	js	22	mentioned	browser-js
ucats_remove_btn_js	UcatsRemoveBtnJs	content/shop/ucats/disky/disky.php	js	22	mentioned	browser-js
ucats_remove_btn_js	UcatsRemoveBtnJs	content/shop/ucats/kolpaki/kolpaki.php	js	22	mentioned	browser-js
ucats_remove_btn_js	UcatsRemoveBtnJs	content/shop/ucats/oil/avtoximiya.php	js	24	mentioned	browser-js
ucats_remove_btn_js	UcatsRemoveBtnJs	content/shop/ucats/shiny/shiny.php	js	22	mentioned	browser-js
checkIP	CheckIP	content/shop/ucats/ucats_auth_control.php	php	68	mentioned	partial-file
epc_admin_notify_persons_direct	EpcAdminNotifyPersonsDirect	content/shop/usefull/epc_admin_notifications.php	php	500	mentioned	partial-file
epc_crm_persons_for_customer	EpcCrmPersonsForCustomer	content/shop/usefull/epc_admin_notifications.php	php	500	mentioned	partial-file
epc_notify_last_answer	EpcNotifyLastAnswer	content/shop/usefull/epc_admin_notifications.php	php	500	mentioned	partial-file
epc_notify_store_answer	EpcNotifyStoreAnswer	content/shop/usefull/epc_admin_notifications.php	php	500	mentioned	partial-file
epc_ws_appointment_create	EpcWsAppointmentCreate	content/shop/workshop/epc_workshop_helpers.php	php	811	mentioned	partial-file
epc_ws_appointment_statuses	EpcWsAppointmentStatuses	content/shop/workshop/epc_workshop_helpers.php	php	811	mentioned	partial-file
epc_ws_appointment_to_job	EpcWsAppointmentToJob	content/shop/workshop/epc_workshop_helpers.php	php	811	mentioned	partial-file
epc_ws_customer_garage_cars	EpcWsCustomerGarageCars	content/shop/workshop/epc_workshop_helpers.php	php	811	mentioned	partial-file
epc_ws_ensure_schema	EpcWsEnsureSchema	content/shop/workshop/epc_workshop_helpers.php	php	811	mentioned	partial-file
epc_ws_job_add_line	EpcWsJobAddLine	content/shop/workshop/epc_workshop_helpers.php	php	811	mentioned	partial-file
epc_ws_job_create	EpcWsJobCreate	content/shop/workshop/epc_workshop_helpers.php	php	811	mentioned	partial-file
epc_ws_job_find_public	EpcWsJobFindPublic	content/shop/workshop/epc_workshop_helpers.php	php	811	mentioned	partial-file
epc_ws_job_set_status	EpcWsJobSetStatus	content/shop/workshop/epc_workshop_helpers.php	php	811	mentioned	partial-file
epc_ws_list_appointments	EpcWsListAppointments	content/shop/workshop/epc_workshop_helpers.php	php	811	mentioned	partial-file
epc_ws_list_bays	EpcWsListBays	content/shop/workshop/epc_workshop_helpers.php	php	811	mentioned	partial-file
epc_ws_list_jobs	EpcWsListJobs	content/shop/workshop/epc_workshop_helpers.php	php	811	mentioned	partial-file
epc_ws_list_labour_ops	EpcWsListLabourOps	content/shop/workshop/epc_workshop_helpers.php	php	811	mentioned	partial-file
epc_ws_list_techs	EpcWsListTechs	content/shop/workshop/epc_workshop_helpers.php	php	811	mentioned	partial-file
epc_ws_next_appointment_ref	EpcWsNextAppointmentRef	content/shop/workshop/epc_workshop_helpers.php	php	811	mentioned	partial-file
epc_ws_next_job_no	EpcWsNextJobNo	content/shop/workshop/epc_workshop_helpers.php	php	811	mentioned	partial-file
epc_ws_recalc	EpcWsRecalc	content/shop/workshop/epc_workshop_helpers.php	php	811	mentioned	partial-file
epc_ws_seed_labour_ops	EpcWsSeedLabourOps	content/shop/workshop/epc_workshop_helpers.php	php	811	mentioned	partial-file
epc_ws_staff_ok	EpcWsStaffOk	content/shop/workshop/epc_workshop_helpers.php	php	811	mentioned	partial-file
epc_sms_default_sender_number	EpcSmsDefaultSenderNumber	content/sms/epc_sms_helpers.php	php	162	mentioned	partial-file
epc_sms_http_json	EpcSmsHttpJson	content/sms/epc_sms_helpers.php	php	162	mentioned	partial-file
epc_sms_json_answer	EpcSmsJsonAnswer	content/sms/epc_sms_helpers.php	php	162	mentioned	partial-file
epc_sms_load_operator	EpcSmsLoadOperator	content/sms/epc_sms_helpers.php	php	162	mentioned	partial-file
epc_sms_require_post_auth	EpcSmsRequirePostAuth	content/sms/epc_sms_helpers.php	php	162	mentioned	partial-file
epc_cp_social_media_menu_apply	EpcCpSocialMediaMenuApply	content/social_media/epc_social_media_helpers.php	php	616	mentioned	partial-file
epc_social_adapt_text	EpcSocialAdaptText	content/social_media/epc_social_media_helpers.php	php	616	mentioned	partial-file
epc_social_backend	EpcSocialBackend	content/social_media/epc_social_media_helpers.php	php	616	mentioned	partial-file
epc_social_csrf_token	EpcSocialCsrfToken	content/social_media/epc_social_media_helpers.php	php	616	mentioned	partial-file
epc_social_ensure_schema	EpcSocialEnsureSchema	content/social_media/epc_social_media_helpers.php	php	616	mentioned	partial-file
epc_social_generate_caption	EpcSocialGenerateCaption	content/social_media/epc_social_media_helpers.php	php	616	mentioned	partial-file
epc_social_h	EpcSocialH	content/social_media/epc_social_media_helpers.php	php	616	mentioned	partial-file
epc_social_hashtags_for_industry	EpcSocialHashtagsForIndustry	content/social_media/epc_social_media_helpers.php	php	616	mentioned	partial-file
epc_social_hub_url	EpcSocialHubUrl	content/social_media/epc_social_media_helpers.php	php	616	mentioned	partial-file
epc_social_industry_hooks	EpcSocialIndustryHooks	content/social_media/epc_social_media_helpers.php	php	616	mentioned	partial-file
epc_social_pdo	EpcSocialPdo	content/social_media/epc_social_media_helpers.php	php	616	mentioned	partial-file
epc_social_platforms	EpcSocialPlatforms	content/social_media/epc_social_media_helpers.php	php	616	mentioned	partial-file
epc_social_resolve_site_key	EpcSocialResolveSiteKey	content/social_media/epc_social_media_helpers.php	php	616	mentioned	partial-file
epc_social_schema_add_column_if_missing	EpcSocialSchemaAddColumnIfMissing	content/social_media/epc_social_media_helpers.php	php	616	mentioned	partial-file
epc_social_tenant_hub_url	EpcSocialTenantHubUrl	content/social_media/epc_social_media_helpers.php	php	616	mentioned	partial-file
epc_social_trending_formats	EpcSocialTrendingFormats	content/social_media/epc_social_media_helpers.php	php	616	mentioned	partial-file
epc_social_verify_csrf	EpcSocialVerifyCsrf	content/social_media/epc_social_media_helpers.php	php	616	mentioned	partial-file
apiItems	ApiItems	content/umapi_catalog.php	js	742	mentioned	browser-js
apiObject	ApiObject	content/umapi_catalog.php	js	742	mentioned	browser-js
applyFilter	ApplyFilter	content/umapi_catalog.php	js	742	mentioned	browser-js
applyVinVehicle	ApplyVinVehicle	content/umapi_catalog.php	js	742	mentioned	browser-js
articleRow	ArticleRow	content/umapi_catalog.php	js	742	mentioned	browser-js
articleSearch	ArticleSearch	content/umapi_catalog.php	js	742	mentioned	browser-js
bindCategoryButtons	BindCategoryButtons	content/umapi_catalog.php	js	742	mentioned	browser-js
bindIndexed	BindIndexed	content/umapi_catalog.php	js	742	mentioned	browser-js
chooseVehicleType	ChooseVehicleType	content/umapi_catalog.php	js	742	mentioned	browser-js
cleanDate	CleanDate	content/umapi_catalog.php	js	742	mentioned	browser-js
flagHtml	FlagHtml	content/umapi_catalog.php	js	742	mentioned	browser-js
getModificationId	GetModificationId	content/umapi_catalog.php	js	742	mentioned	browser-js
getModificationTitle	GetModificationTitle	content/umapi_catalog.php	js	742	mentioned	browser-js
initVinFromQuery	InitVinFromQuery	content/umapi_catalog.php	js	742	mentioned	browser-js
isPopularManufacturer	IsPopularManufacturer	content/umapi_catalog.php	js	742	mentioned	browser-js
listSummary	ListSummary	content/umapi_catalog.php	js	742	mentioned	browser-js
loadArticles	LoadArticles	content/umapi_catalog.php	js	742	mentioned	browser-js
loadCategories	LoadCategories	content/umapi_catalog.php	js	742	mentioned	browser-js
loadManufacturers	LoadManufacturers	content/umapi_catalog.php	js	742	mentioned	browser-js
loadModels	LoadModels	content/umapi_catalog.php	js	742	mentioned	browser-js
loadModifications	LoadModifications	content/umapi_catalog.php	js	742	mentioned	browser-js
loadProducts	LoadProducts	content/umapi_catalog.php	js	742	mentioned	browser-js
manufacturerCard	ManufacturerCard	content/umapi_catalog.php	js	742	mentioned	browser-js
manufacturerGrid	ManufacturerGrid	content/umapi_catalog.php	js	742	mentioned	browser-js
manufacturerLetter	ManufacturerLetter	content/umapi_catalog.php	js	742	mentioned	browser-js
mapVinSection	MapVinSection	content/umapi_catalog.php	js	742	mentioned	browser-js
normalizeArticleForUrl	NormalizeArticleForUrl	content/umapi_catalog.php	js	742	mentioned	browser-js
normalizeVin	NormalizeVin	content/umapi_catalog.php	js	742	mentioned	browser-js
popularFlag	PopularFlag	content/umapi_catalog.php	js	742	mentioned	browser-js
renderArticles	RenderArticles	content/umapi_catalog.php	js	742	mentioned	browser-js
renderBrandSearch	RenderBrandSearch	content/umapi_catalog.php	js	742	mentioned	browser-js
renderCategories	RenderCategories	content/umapi_catalog.php	js	742	mentioned	browser-js
renderCategoryTree	RenderCategoryTree	content/umapi_catalog.php	js	742	mentioned	browser-js
renderManufacturers	RenderManufacturers	content/umapi_catalog.php	js	742	mentioned	browser-js
renderModels	RenderModels	content/umapi_catalog.php	js	742	mentioned	browser-js
renderModifications	RenderModifications	content/umapi_catalog.php	js	742	mentioned	browser-js
renderProducts	RenderProducts	content/umapi_catalog.php	js	742	mentioned	browser-js
renderSteps	RenderSteps	content/umapi_catalog.php	js	742	mentioned	browser-js
renderVinVehiclePicker	RenderVinVehiclePicker	content/umapi_catalog.php	js	742	mentioned	browser-js
sectionFromHash	SectionFromHash	content/umapi_catalog.php	js	742	mentioned	browser-js
setHash	SetHash	content/umapi_catalog.php	js	742	mentioned	browser-js
shopSearchUrl	ShopSearchUrl	content/umapi_catalog.php	js	742	mentioned	browser-js
showError	ShowError	content/umapi_catalog.php	js	742	mentioned	browser-js
syncTabs	SyncTabs	content/umapi_catalog.php	js	742	mentioned	browser-js
vinArray	VinArray	content/umapi_catalog.php	js	742	mentioned	browser-js
vinSearch	VinSearch	content/umapi_catalog.php	js	742	mentioned	browser-js
epc_usefull_fetch_public_ipv4	EpcUsefullFetchPublicIpv4	content/usefull/ip.php	php	146	mentioned	partial-file
str_contains	StrContains	content/users/check_reg_contact.php	php	143	mentioned	partial-file
epc_login_rate_limit_check	EpcLoginRateLimitCheck	content/users/epc_login_rate_limit.php	php	135	mentioned	partial-file
epc_login_rate_limit_clear	EpcLoginRateLimitClear	content/users/epc_login_rate_limit.php	php	135	mentioned	partial-file
epc_login_rate_limit_ensure_table	EpcLoginRateLimitEnsureTable	content/users/epc_login_rate_limit.php	php	135	mentioned	partial-file
epc_login_rate_limit_record	EpcLoginRateLimitRecord	content/users/epc_login_rate_limit.php	php	135	mentioned	partial-file
epc_password_is_legacy_md5	EpcPasswordIsLegacyMd5	content/users/epc_password_upgrade.php	php	79	mentioned	partial-file
epc_password_needs_rehash	EpcPasswordNeedsRehash	content/users/epc_password_upgrade.php	php	79	mentioned	partial-file
epc_rf_approval_fields	EpcRfApprovalFields	content/users/epc_reg_fields_compliance.php	php	377	retired	skip
epc_rf_categories	EpcRfCategories	content/users/epc_reg_fields_compliance.php	php	377	retired	skip
epc_rf_ensure_schema	EpcRfEnsureSchema	content/users/epc_reg_fields_compliance.php	php	377	retired	skip
epc_rf_is_file_value	EpcRfIsFileValue	content/users/epc_reg_fields_compliance.php	php	377	retired	skip
epc_rf_mark_all_for_approval	EpcRfMarkAllForApproval	content/users/epc_reg_fields_compliance.php	php	377	retired	skip
epc_rf_profile_value	EpcRfProfileValue	content/users/epc_reg_fields_compliance.php	php	377	retired	skip
epc_rf_render_approval_checklist	EpcRfRenderApprovalChecklist	content/users/epc_reg_fields_compliance.php	php	377	retired	skip
epc_rf_seed_uae_pack	EpcRfSeedUaePack	content/users/epc_reg_fields_compliance.php	php	377	retired	skip
epc_rf_uae_field_pack	EpcRfUaeFieldPack	content/users/epc_reg_fields_compliance.php	php	377	retired	skip
epc_rf_variant_ids	EpcRfVariantIds	content/users/epc_reg_fields_compliance.php	php	377	retired	skip
epc_rf_wholesale_variant_ids	EpcRfWholesaleVariantIds	content/users/epc_reg_fields_compliance.php	php	377	retired	skip
epc_reg_auth_available	EpcRegAuthAvailable	content/users/epc_registration_enhanced.php	php	873	gap	later
epc_reg_country_options	EpcRegCountryOptions	content/users/epc_registration_enhanced.php	php	873	gap	later
epc_reg_h	EpcRegH	content/users/epc_registration_enhanced.php	php	873	gap	later
epc_reg_profile_set	EpcRegProfileSet	content/users/epc_registration_enhanced.php	php	873	gap	later
epc_reg_uae_emirates	EpcRegUaeEmirates	content/users/epc_registration_enhanced.php	php	873	gap	later
epc_reg_validate_trade_uae	EpcRegValidateTradeUae	content/users/epc_registration_enhanced.php	php	873	gap	later
epc_storefront_auth_layout_close	EpcStorefrontAuthLayoutClose	content/users/epc_storefront_auth_layout.php	php	31	mentioned	partial-file
epc_storefront_auth_layout_css	EpcStorefrontAuthLayoutCss	content/users/epc_storefront_auth_layout.php	php	31	mentioned	partial-file
on_forgot_password_contact_select_changed	OnForgotPasswordContactSelectChanged	content/users/forgot_password.php	js	284	mentioned	browser-js
epc_csrf_cp_path_prefixes	EpcCsrfCpPathPrefixes	content/users/stop_csrf.php	php	264	mentioned	partial-file
epc_csrf_normalize_host	EpcCsrfNormalizeHost	content/users/stop_csrf.php	php	264	mentioned	partial-file
epc_csrf_referer_is_cp	EpcCsrfRefererIsCp	content/users/stop_csrf.php	php	264	mentioned	partial-file
epc_csrf_request_is_cp	EpcCsrfRequestIsCp	content/users/stop_csrf.php	php	264	mentioned	partial-file
epc_csrf_request_is_storefront_user_auth	EpcCsrfRequestIsStorefrontUserAuth	content/users/stop_csrf.php	php	264	mentioned	partial-file
epc_csrf_should_use_admin_session	EpcCsrfShouldUseAdminSession	content/users/stop_csrf.php	php	264	mentioned	partial-file
str_starts_with	StrStartsWith	content/users/stop_csrf.php	php	264	mentioned	partial-file
apiItems	ApiItems	content/vehicle_catalog.php	js	1814	mentioned	browser-js
apiObject	ApiObject	content/vehicle_catalog.php	js	1814	mentioned	browser-js
applyCategoryFilter	ApplyCategoryFilter	content/vehicle_catalog.php	js	1814	mentioned	browser-js
applyEngineCatalog	ApplyEngineCatalog	content/vehicle_catalog.php	js	1814	mentioned	browser-js
applyFilter	ApplyFilter	content/vehicle_catalog.php	js	1814	mentioned	browser-js
applyVinVehicle	ApplyVinVehicle	content/vehicle_catalog.php	js	1814	mentioned	browser-js
articleImageUrl	ArticleImageUrl	content/vehicle_catalog.php	js	1814	mentioned	browser-js
buildYearOptions	BuildYearOptions	content/vehicle_catalog.php	js	1814	mentioned	browser-js
categoryIcon	CategoryIcon	content/vehicle_catalog.php	js	1814	mentioned	browser-js
chooseVehicleType	ChooseVehicleType	content/vehicle_catalog.php	js	1814	mentioned	browser-js
cleanDate	CleanDate	content/vehicle_catalog.php	js	1814	mentioned	browser-js
closeInlineDetail	CloseInlineDetail	content/vehicle_catalog.php	js	1814	mentioned	browser-js
closeModal	CloseModal	content/vehicle_catalog.php	js	1814	mentioned	browser-js
collectQuickCategories	CollectQuickCategories	content/vehicle_catalog.php	js	1814	mentioned	browser-js
criteriaRows	CriteriaRows	content/vehicle_catalog.php	js	1814	mentioned	browser-js
engineLabel	EngineLabel	content/vehicle_catalog.php	js	1814	mentioned	browser-js
engineSearch	EngineSearch	content/vehicle_catalog.php	js	1814	mentioned	browser-js
ensureInlineDetail	EnsureInlineDetail	content/vehicle_catalog.php	js	1814	mentioned	browser-js
fillSelect	FillSelect	content/vehicle_catalog.php	js	1814	mentioned	browser-js
filterByYear	FilterByYear	content/vehicle_catalog.php	js	1814	mentioned	browser-js
formatYearRange	FormatYearRange	content/vehicle_catalog.php	js	1814	mentioned	browser-js
getModificationId	GetModificationId	content/vehicle_catalog.php	js	1814	mentioned	browser-js
getModificationTitle	GetModificationTitle	content/vehicle_catalog.php	js	1814	mentioned	browser-js
highlightTreeCategory	HighlightTreeCategory	content/vehicle_catalog.php	js	1814	mentioned	browser-js
initVinFromQuery	InitVinFromQuery	content/vehicle_catalog.php	js	1814	mentioned	browser-js
isLikelyEngineCode	IsLikelyEngineCode	content/vehicle_catalog.php	js	1814	mentioned	browser-js
isLikelyVin	IsLikelyVin	content/vehicle_catalog.php	js	1814	mentioned	browser-js
loadArticles	LoadArticles	content/vehicle_catalog.php	js	1814	mentioned	browser-js
loadCategories	LoadCategories	content/vehicle_catalog.php	js	1814	mentioned	browser-js
loadManufacturers	LoadManufacturers	content/vehicle_catalog.php	js	1814	mentioned	browser-js
loadProducts	LoadProducts	content/vehicle_catalog.php	js	1814	mentioned	browser-js
lockPageScroll	LockPageScroll	content/vehicle_catalog.php	js	1814	mentioned	browser-js
mapVinSection	MapVinSection	content/vehicle_catalog.php	js	1814	mentioned	browser-js
normalizeArticleForUrl	NormalizeArticleForUrl	content/vehicle_catalog.php	js	1814	mentioned	browser-js
normalizeEngineCode	NormalizeEngineCode	content/vehicle_catalog.php	js	1814	mentioned	browser-js
normalizeVin	NormalizeVin	content/vehicle_catalog.php	js	1814	mentioned	browser-js
oeRows	OeRows	content/vehicle_catalog.php	js	1814	mentioned	browser-js
onMakeChange	OnMakeChange	content/vehicle_catalog.php	js	1814	mentioned	browser-js
onModelChange	OnModelChange	content/vehicle_catalog.php	js	1814	mentioned	browser-js
onYearChange	OnYearChange	content/vehicle_catalog.php	js	1814	mentioned	browser-js
openArticleDetail	OpenArticleDetail	content/vehicle_catalog.php	js	1814	mentioned	browser-js
openInlineDetail	OpenInlineDetail	content/vehicle_catalog.php	js	1814	mentioned	browser-js
openModal	OpenModal	content/vehicle_catalog.php	js	1814	mentioned	browser-js
parseCiDate	ParseCiDate	content/vehicle_catalog.php	js	1814	mentioned	browser-js
positionModal	PositionModal	content/vehicle_catalog.php	js	1814	mentioned	browser-js
productionEndDate	ProductionEndDate	content/vehicle_catalog.php	js	1814	mentioned	browser-js
renderArticleDetail	RenderArticleDetail	content/vehicle_catalog.php	js	1814	mentioned	browser-js
renderArticleList	RenderArticleList	content/vehicle_catalog.php	js	1814	mentioned	browser-js
renderCategories	RenderCategories	content/vehicle_catalog.php	js	1814	mentioned	browser-js
renderCategoryGrid	RenderCategoryGrid	content/vehicle_catalog.php	js	1814	mentioned	browser-js
renderCategoryTree	RenderCategoryTree	content/vehicle_catalog.php	js	1814	mentioned	browser-js
renderInfoPanels	RenderInfoPanels	content/vehicle_catalog.php	js	1814	mentioned	browser-js
renderPromoEnginePicker	RenderPromoEnginePicker	content/vehicle_catalog.php	js	1814	mentioned	browser-js
renderPromoVinPicker	RenderPromoVinPicker	content/vehicle_catalog.php	js	1814	mentioned	browser-js
renderVehicleBar	RenderVehicleBar	content/vehicle_catalog.php	js	1814	mentioned	browser-js
resetPromo	ResetPromo	content/vehicle_catalog.php	js	1814	mentioned	browser-js
resetVehicleSelectors	ResetVehicleSelectors	content/vehicle_catalog.php	js	1814	mentioned	browser-js
resetWorkspace	ResetWorkspace	content/vehicle_catalog.php	js	1814	mentioned	browser-js
selectedYear	SelectedYear	content/vehicle_catalog.php	js	1814	mentioned	browser-js
setStepState	SetStepState	content/vehicle_catalog.php	js	1814	mentioned	browser-js
shopSearchUrl	ShopSearchUrl	content/vehicle_catalog.php	js	1814	mentioned	browser-js
showPromoEngineLoading	ShowPromoEngineLoading	content/vehicle_catalog.php	js	1814	mentioned	browser-js
showPromoEngineMessage	ShowPromoEngineMessage	content/vehicle_catalog.php	js	1814	mentioned	browser-js
showPromoVinIdentified	ShowPromoVinIdentified	content/vehicle_catalog.php	js	1814	mentioned	browser-js
showPromoVinLoading	ShowPromoVinLoading	content/vehicle_catalog.php	js	1814	mentioned	browser-js
showPromoVinMessage	ShowPromoVinMessage	content/vehicle_catalog.php	js	1814	mentioned	browser-js
syncSectionTabs	SyncSectionTabs	content/vehicle_catalog.php	js	1814	mentioned	browser-js
unlockPageScroll	UnlockPageScroll	content/vehicle_catalog.php	js	1814	mentioned	browser-js
updateBreadcrumb	UpdateBreadcrumb	content/vehicle_catalog.php	js	1814	mentioned	browser-js
vinArray	VinArray	content/vehicle_catalog.php	js	1814	mentioned	browser-js
vinOrEngineSearch	VinOrEngineSearch	content/vehicle_catalog.php	js	1814	mentioned	browser-js
vinSearch	VinSearch	content/vehicle_catalog.php	js	1814	mentioned	browser-js
yearFromDate	YearFromDate	content/vehicle_catalog.php	js	1814	mentioned	browser-js
yearMatches	YearMatches	content/vehicle_catalog.php	js	1814	mentioned	browser-js
getPageRoute	GetPageRoute	core/dp_helper.php	php	589	gap	later
getPageUrl	GetPageUrl	core/dp_helper.php	php	589	gap	later
get_alternative_page	GetAlternativePage	core/dp_helper.php	php	589	gap	later
get_sp_metadata	GetSpMetadata	core/dp_helper.php	php	589	gap	later
sort_by_order	SortByOrder	core/dp_helper.php	php	589	gap	later
sp_404	Sp404	core/dp_helper.php	php	589	gap	later
onFileSelected	OnFileSelected	cp/content/content/content.php	js	401	mentioned	browser-js
save_button_clicked	SaveButtonClicked	cp/content/content/content.php	js	401	mentioned	browser-js
applyContentParent	ApplyContentParent	cp/content/content/content_create_edit.php	js	1859	mentioned	browser-js
get_content_json_list	GetContentJsonList	cp/content/content/content_create_edit.php	js	1859	mentioned	browser-js
go_to_page	GoToPage	cp/content/content/content_create_edit.php	js	1859	mentioned	browser-js
handle_child_nodes	HandleChildNodes	cp/content/content/content_create_edit.php	php	1859	mentioned	partial-file
onFileSelected	OnFileSelected	cp/content/content/content_create_edit.php	js	1859	mentioned	browser-js
pointContentParent	PointContentParent	cp/content/content/content_create_edit.php	js	1859	mentioned	browser-js
change_content_manager_mode	ChangeContentManagerMode	cp/content/content/content_manager.php	js	1572	mentioned	browser-js
cookie_to_default	CookieToDefault	cp/content/content/content_manager.php	js	1572	mentioned	browser-js
filterContent	FilterContent	cp/content/content/content_manager.php	js	1572	mentioned	browser-js
get_child_nodes	GetChildNodes	cp/content/content/content_manager.php	php	1572	mentioned	partial-file
get_date_time_good_string	GetDateTimeGoodString	cp/content/content/content_manager.php	php	1572	mentioned	partial-file
go_to_page	GoToPage	cp/content/content/content_manager.php	js	1572	mentioned	browser-js
set_edit_mode	SetEditMode	cp/content/content/content_manager.php	js	1572	mentioned	browser-js
sortContent	SortContent	cp/content/content/content_manager.php	js	1572	mentioned	browser-js
unsetFilterContent	UnsetFilterContent	cp/content/content/content_manager.php	js	1572	mentioned	browser-js
apply_options_for_content	ApplyOptionsForContent	cp/content/content/content_tree.php	js	1284	mentioned	browser-js
buildAllUrl	BuildAllUrl	cp/content/content/content_tree.php	js	1284	mentioned	browser-js
checkBranchAttribute	CheckBranchAttribute	cp/content/content/content_tree.php	js	1284	mentioned	browser-js
checkEveryOneInArray	CheckEveryOneInArray	cp/content/content/content_tree.php	js	1284	mentioned	browser-js
content_start_init	ContentStartInit	cp/content/content/content_tree.php	js	1284	mentioned	browser-js
debug_func	DebugFunc	cp/content/content/content_tree.php	js	1284	mentioned	browser-js
edit_selected_content	EditSelectedContent	cp/content/content/content_tree.php	js	1284	mentioned	browser-js
getLinearListOfContent	GetLinearListOfContent	cp/content/content/content_tree.php	php	1284	mentioned	partial-file
groups_tree_init	GroupsTreeInit	cp/content/content/content_tree.php	js	1284	mentioned	browser-js
isAliasRepeated	IsAliasRepeated	cp/content/content/content_tree.php	js	1284	mentioned	browser-js
is_group_for_backend	IsGroupForBackend	cp/content/content/content_tree.php	js	1284	mentioned	browser-js
published_flag_invert	PublishedFlagInvert	cp/content/content/content_tree.php	js	1284	mentioned	browser-js
setMain	SetMain	cp/content/content/content_tree.php	js	1284	mentioned	browser-js
set_edit_mode	SetEditMode	cp/content/content/content_tree.php	js	1284	mentioned	browser-js
addContentToDump	AddContentToDump	cp/content/content/get_content_records.php	php	138	gap	ready
check_all_fields	CheckAllFields	cp/content/content/structure_dumps/content_structure_dumps.php	js	679	gap	browser-js
create_new_dump	CreateNewDump	cp/content/content/structure_dumps/content_structure_dumps.php	js	679	gap	browser-js
delete_dumps	DeleteDumps	cp/content/content/structure_dumps/content_structure_dumps.php	js	679	gap	browser-js
delete_one_dump	DeleteOneDump	cp/content/content/structure_dumps/content_structure_dumps.php	js	679	gap	browser-js
onFileSelected	OnFileSelected	cp/content/content/text_for_url/text_for_url.php	js	420	mentioned	browser-js
deleteURLS	DeleteURLS	cp/content/content/text_for_url/text_for_url_list.php	js	511	mentioned	browser-js
searchURL	SearchURL	cp/content/content/text_for_url/text_for_url_list.php	js	511	mentioned	browser-js
searchURL_cancel	SearchURLCancel	cp/content/content/text_for_url/text_for_url_list.php	js	511	mentioned	browser-js
sortURLS	SortURLS	cp/content/content/text_for_url/text_for_url_list.php	js	511	mentioned	browser-js
epc_cpg_h	EpcCpgH	cp/content/control/cp_guideline.php	php	466	gap	later
epc_cpg_hint_for_url	EpcCpgHintForUrl	cp/content/control/cp_guideline.php	php	466	gap	later
epc_cpg_item_label	EpcCpgItemLabel	cp/content/control/cp_guideline.php	php	466	gap	later
epc_cpg_load_menu_tabs	EpcCpgLoadMenuTabs	cp/content/control/cp_guideline.php	php	466	gap	later
epc_cpg_page_hints	EpcCpgPageHints	cp/content/control/cp_guideline.php	php	466	gap	later
epc_tcp_dash_h	EpcTcpDashH	cp/content/control/epc_tenant_cp_dashboard.php	php	744	mentioned	partial-file
apply_button_click	ApplyButtonClick	cp/content/control/get_widget.php	js	284	mentioned	browser-js
point_file	PointFile	cp/content/control/get_widget.php	js	284	mentioned	browser-js
epc_acm_h	EpcAcmH	cp/content/control/portal/epc_api_clients_manage.php	php	322	mentioned	partial-file
epc_adg_h	EpcAdgH	cp/content/control/portal/epc_api_documentation_guide.php	php	141	gap	ready
epc_apai_cp_load_shell_modules	EpcApaiCpLoadShellModules	cp/content/control/portal/epc_auto_price_cp_shell.php	php	194	gap	ready
epc_apai_cp_render_shell	EpcApaiCpRenderShell	cp/content/control/portal/epc_auto_price_cp_shell.php	php	194	gap	ready
epc_ape_cp_load_modules	EpcApeCpLoadModules	cp/content/control/portal/epc_auto_price_engine.php	php	2579	gap	later
epc_awg_h	EpcAwgH	cp/content/control/portal/epc_autoworkshop_guide.php	php	141	gap	ready
loadLatestAudit	LoadLatestAudit	cp/content/control/portal/epc_commerce_isolation_audit.php	js	227	gap	browser-js
loadViolations	LoadViolations	cp/content/control/portal/epc_commerce_isolation_audit.php	js	227	gap	browser-js
renderAuditResults	RenderAuditResults	cp/content/control/portal/epc_commerce_isolation_audit.php	js	227	gap	browser-js
epc_cp_auth_settings_h	EpcCpAuthSettingsH	cp/content/control/portal/epc_cp_auth_settings_main.php	php	486	gap	later
epc_csg_portal_h	EpcCsgPortalH	cp/content/control/portal/epc_custom_shipping_guide.php	php	92	gap	ready
epc_demo_manage_h	EpcDemoManageH	cp/content/control/portal/epc_demo_tenants_manage.php	php	203	mentioned	partial-file
epc_eog_h	EpcEogH	cp/content/control/portal/epc_erp_only_onboard_guide.php	php	89	gap	ready
epc_mb_render_email_tab	EpcMbRenderEmailTab	cp/content/control/portal/epc_marketing_broadcast_panel.php	php	430	gap	later
epc_mb_render_guide_tab	EpcMbRenderGuideTab	cp/content/control/portal/epc_marketing_broadcast_panel.php	php	430	gap	later
epc_mb_render_history_tab	EpcMbRenderHistoryTab	cp/content/control/portal/epc_marketing_broadcast_panel.php	php	430	gap	later
epc_mb_render_hub	EpcMbRenderHub	cp/content/control/portal/epc_marketing_broadcast_panel.php	php	430	gap	later
epc_mb_render_whatsapp_tab	EpcMbRenderWhatsappTab	cp/content/control/portal/epc_marketing_broadcast_panel.php	php	430	gap	later
epc_ffg_h	EpcFfgH	cp/content/control/portal/epc_platform_failover_guide.php	php	156	gap	ready
epc_pg_h	EpcPgH	cp/content/control/portal/epc_platform_governance.php	php	139	gap	ready
epc_pos_manage_h	EpcPosManageH	cp/content/control/portal/epc_pos_tenant_manage.php	php	127	gap	ready
epc_pbi_h	EpcPbiH	cp/content/control/portal/epc_power_bi.php	php	328	mentioned	partial-file
epc_pbig_h	EpcPbigH	cp/content/control/portal/epc_power_bi_guide.php	php	159	gap	ready
epc_social_media_explore_hint_html	EpcSocialMediaExploreHintHtml	cp/content/control/portal/epc_social_media_hub_panel.php	php	552	gap	later
epc_social_media_render_hub	EpcSocialMediaRenderHub	cp/content/control/portal/epc_social_media_hub_panel.php	php	552	gap	later
epc_social_render_accounts_tab	EpcSocialRenderAccountsTab	cp/content/control/portal/epc_social_media_hub_panel.php	php	552	gap	later
epc_social_render_ai_tab	EpcSocialRenderAiTab	cp/content/control/portal/epc_social_media_hub_panel.php	php	552	gap	later
epc_social_render_drafts_tab	EpcSocialRenderDraftsTab	cp/content/control/portal/epc_social_media_hub_panel.php	php	552	gap	later
epc_social_render_guide_tab	EpcSocialRenderGuideTab	cp/content/control/portal/epc_social_media_hub_panel.php	php	552	gap	later
epc_social_render_instagram_tab	EpcSocialRenderInstagramTab	cp/content/control/portal/epc_social_media_hub_panel.php	php	552	gap	later
epc_social_render_pack_tab	EpcSocialRenderPackTab	cp/content/control/portal/epc_social_media_hub_panel.php	php	552	gap	later
epc_social_render_tiktok_tab	EpcSocialRenderTiktokTab	cp/content/control/portal/epc_social_media_hub_panel.php	php	552	gap	later
epc_social_render_video_card	EpcSocialRenderVideoCard	cp/content/control/portal/epc_social_media_hub_panel.php	php	552	gap	later
scpFilterFleet	ScpFilterFleet	cp/content/control/portal/epc_super_cp_fleet_dashboard.php	js	206	gap	browser-js
sepSwitchTab	SepSwitchTab	cp/content/control/portal/epc_super_erp_fleet_dashboard.php	js	297	mentioned	browser-js
epc_ttkm_h	EpcTtkmH	cp/content/control/portal/epc_tax_toolkit_manage.php	php	463	gap	later
epc_ttkm_render_rate	EpcTtkmRenderRate	cp/content/control/portal/epc_tax_toolkit_manage.php	php	463	gap	later
epc_ttkm_render_section_cards	EpcTtkmRenderSectionCards	cp/content/control/portal/epc_tax_toolkit_manage.php	php	463	gap	later
applyDacTenant	ApplyDacTenant	cp/content/control/portal/epc_tenant_control_center.php	js	483	mentioned	browser-js
bindReveal	BindReveal	cp/content/control/portal/epc_tenant_control_center.php	js	483	mentioned	browser-js
dacKey	DacKey	cp/content/control/portal/epc_tenant_control_center.php	js	483	mentioned	browser-js
dacLoad	DacLoad	cp/content/control/portal/epc_tenant_control_center.php	js	483	mentioned	browser-js
epc_tcc_h	EpcTccH	cp/content/control/portal/epc_tenant_control_center.php	php	483	mentioned	partial-file
renderDacUsers	RenderDacUsers	cp/content/control/portal/epc_tenant_control_center.php	js	483	mentioned	browser-js
showFlash	ShowFlash	cp/content/control/portal/epc_tenant_control_center.php	js	483	mentioned	browser-js
showPwdOnce	ShowPwdOnce	cp/content/control/portal/epc_tenant_control_center.php	js	483	mentioned	browser-js
epc_inds_h	EpcIndsH	cp/content/control/portal/industry_settings.php	php	489	mentioned	partial-file
epcSubAreaToggleAll	EpcSubAreaToggleAll	cp/content/control/portal/industry_sub_areas.php	js	214	gap	browser-js
on_system_changed	OnSystemChanged	cp/content/control/sms_turning.php	js	378	mentioned	browser-js
clear_dir	ClearDir	cp/content/control/version_control/ajax/ajax_clear_updates_dir.php	php	57	mentioned	partial-file
clear_dir	ClearDir	cp/content/control/version_control/ajax/ajax_get_update_pack.php	php	146	mentioned	partial-file
getAvailableUpdates	GetAvailableUpdates	cp/content/control/version_control/updates_page.php	js	318	gap	browser-js
installUpdates	InstallUpdates	cp/content/control/version_control/updates_page.php	js	318	gap	browser-js
next_install	NextInstall	cp/content/control/version_control/updates_page.php	js	318	gap	browser-js
on_multilang_on_checked	OnMultilangOnChecked	cp/content/lang/page_lang_configurator.php	js	487	mentioned	browser-js
save_lang_configuration	SaveLangConfiguration	cp/content/lang/page_lang_configurator.php	js	487	mentioned	browser-js
all_inputs_disabled	AllInputsDisabled	cp/content/lang/page_lang_editor.php	js	3901	mentioned	browser-js
copy_str_key	CopyStrKey	cp/content/lang/page_lang_editor.php	js	3901	mentioned	browser-js
create_new_str_OpenModal	CreateNewStrOpenModal	cp/content/lang/page_lang_editor.php	js	3901	mentioned	browser-js
create_new_str_Save	CreateNewStrSave	cp/content/lang/page_lang_editor.php	js	3901	mentioned	browser-js
delete_not_used_strings	DeleteNotUsedStrings	cp/content/lang/page_lang_editor.php	js	3901	mentioned	browser-js
description_edit_cancel	DescriptionEditCancel	cp/content/lang/page_lang_editor.php	js	3901	mentioned	browser-js
edit_str_description	EditStrDescription	cp/content/lang/page_lang_editor.php	js	3901	mentioned	browser-js
edit_str_translation	EditStrTranslation	cp/content/lang/page_lang_editor.php	js	3901	mentioned	browser-js
filterItems	FilterItems	cp/content/lang/page_lang_editor.php	js	3901	mentioned	browser-js
get_showing_str_on_current_lang	GetShowingStrOnCurrentLang	cp/content/lang/page_lang_editor.php	js	3901	mentioned	browser-js
get_str_info	GetStrInfo	cp/content/lang/page_lang_editor.php	js	3901	mentioned	browser-js
get_text_strings	GetTextStrings	cp/content/lang/page_lang_editor.php	js	3901	mentioned	browser-js
hilight_same_select	HilightSameSelect	cp/content/lang/page_lang_editor.php	js	3901	mentioned	browser-js
hilight_used_found_select	HilightUsedFoundSelect	cp/content/lang/page_lang_editor.php	js	3901	mentioned	browser-js
init_modal_used_found	InitModalUsedFound	cp/content/lang/page_lang_editor.php	js	3901	mentioned	browser-js
is_used_found_processing	IsUsedFoundProcessing	cp/content/lang/page_lang_editor.php	js	3901	mentioned	browser-js
make_textareas_same_height	MakeTextareasSameHeight	cp/content/lang/page_lang_editor.php	js	3901	mentioned	browser-js
on_description_input_change	OnDescriptionInputChange	cp/content/lang/page_lang_editor.php	js	3901	mentioned	browser-js
on_edit_started	OnEditStarted	cp/content/lang/page_lang_editor.php	js	3901	mentioned	browser-js
on_is_custom_input_list_changed	OnIsCustomInputListChanged	cp/content/lang/page_lang_editor.php	js	3901	mentioned	browser-js
on_is_error_input_list_changed	OnIsErrorInputListChanged	cp/content/lang/page_lang_editor.php	js	3901	mentioned	browser-js
on_same_select_list_changed	OnSameSelectListChanged	cp/content/lang/page_lang_editor.php	js	3901	mentioned	browser-js
on_side_editing_change	OnSideEditingChange	cp/content/lang/page_lang_editor.php	js	3901	mentioned	browser-js
on_side_editing_focus	OnSideEditingFocus	cp/content/lang/page_lang_editor.php	js	3901	mentioned	browser-js
on_side_editing_onblur	OnSideEditingOnblur	cp/content/lang/page_lang_editor.php	js	3901	mentioned	browser-js
on_table_select_change	OnTableSelectChange	cp/content/lang/page_lang_editor.php	js	3901	mentioned	browser-js
on_used_found_select_list_changed	OnUsedFoundSelectListChanged	cp/content/lang/page_lang_editor.php	js	3901	mentioned	browser-js
open_modalStringEdit	OpenModalStringEdit	cp/content/lang/page_lang_editor.php	js	3901	mentioned	browser-js
open_modal_used_found	OpenModalUsedFound	cp/content/lang/page_lang_editor.php	js	3901	mentioned	browser-js
optimal_choise	OptimalChoise	cp/content/lang/page_lang_editor.php	js	3901	mentioned	browser-js
save_description	SaveDescription	cp/content/lang/page_lang_editor.php	js	3901	mentioned	browser-js
save_side_translation	SaveSideTranslation	cp/content/lang/page_lang_editor.php	js	3901	mentioned	browser-js
save_str_translation	SaveStrTranslation	cp/content/lang/page_lang_editor.php	js	3901	mentioned	browser-js
search_used_found	SearchUsedFound	cp/content/lang/page_lang_editor.php	js	3901	mentioned	browser-js
select_left_right_langs	SelectLeftRightLangs	cp/content/lang/page_lang_editor.php	js	3901	mentioned	browser-js
set_cookie_filter	SetCookieFilter	cp/content/lang/page_lang_editor.php	js	3901	mentioned	browser-js
show_items_table	ShowItemsTable	cp/content/lang/page_lang_editor.php	js	3901	mentioned	browser-js
sortItems	SortItems	cp/content/lang/page_lang_editor.php	js	3901	mentioned	browser-js
start_textarea_resizing	StartTextareaResizing	cp/content/lang/page_lang_editor.php	js	3901	mentioned	browser-js
switch_lang_editor_mode	SwitchLangEditorMode	cp/content/lang/page_lang_editor.php	js	3901	mentioned	browser-js
unsetFilterItems	UnsetFilterItems	cp/content/lang/page_lang_editor.php	js	3901	mentioned	browser-js
apply_content_button_click	ApplyContentButtonClick	cp/content/menu/menu_edit.php	js	868	mentioned	browser-js
closeContentWindow	CloseContentWindow	cp/content/menu/menu_edit.php	js	868	mentioned	browser-js
getContentTree	GetContentTree	cp/content/menu/menu_edit.php	js	868	mentioned	browser-js
openContentWindow	OpenContentWindow	cp/content/menu/menu_edit.php	js	868	mentioned	browser-js
unselect_content_tree	UnselectContentTree	cp/content/menu/menu_edit.php	js	868	mentioned	browser-js
set_edit_mode	SetEditMode	cp/content/menu/menu_manager.php	js	384	mentioned	browser-js
checkCurrentContent	CheckCurrentContent	cp/content/modules_control/edit_module.php	js	1255	mentioned	browser-js
groups_tree_init	GroupsTreeInit	cp/content/modules_control/edit_module.php	js	1255	mentioned	browser-js
is_group_for_backend	IsGroupForBackend	cp/content/modules_control/edit_module.php	js	1255	mentioned	browser-js
openPositionWindow	OpenPositionWindow	cp/content/modules_control/edit_module.php	js	1255	mentioned	browser-js
save_module	SaveModule	cp/content/modules_control/edit_module.php	js	1255	mentioned	browser-js
setPosition	SetPosition	cp/content/modules_control/edit_module.php	js	1255	mentioned	browser-js
showTemplatePositions	ShowTemplatePositions	cp/content/modules_control/edit_module.php	js	1255	mentioned	browser-js
openPrototypeWindow	OpenPrototypeWindow	cp/content/modules_control/modules_manager.php	js	608	mentioned	browser-js
set_edit_mode	SetEditMode	cp/content/modules_control/modules_manager.php	js	608	mentioned	browser-js
clear_dir	ClearDir	cp/content/packs_control/ajax_clear_tmp_folder.php	php	83	mentioned	partial-file
removeNotEmptyDir	RemoveNotEmptyDir	cp/content/packs_control/ajax_delete_pack.php	php	254	mentioned	partial-file
deletePack	DeletePack	cp/content/packs_control/pack_control.php	js	344	mentioned	browser-js
on_after_detele_answer	OnAfterDeteleAnswer	cp/content/packs_control/pack_control.php	js	344	mentioned	browser-js
afterSuccessInstall	AfterSuccessInstall	cp/content/packs_control/setup_page.php	js	401	mentioned	browser-js
after_insert_extensions	AfterInsertExtensions	cp/content/packs_control/setup_page.php	js	401	mentioned	browser-js
after_prepare_setup	AfterPrepareSetup	cp/content/packs_control/setup_page.php	js	401	mentioned	browser-js
after_processing_files	AfterProcessingFiles	cp/content/packs_control/setup_page.php	js	401	mentioned	browser-js
checkSubmit	CheckSubmit	cp/content/packs_control/setup_page.php	js	401	mentioned	browser-js
clearTmpFolder	ClearTmpFolder	cp/content/packs_control/setup_page.php	js	401	mentioned	browser-js
insert_extensions	InsertExtensions	cp/content/packs_control/setup_page.php	js	401	mentioned	browser-js
processingFiles	ProcessingFiles	cp/content/packs_control/setup_page.php	js	401	mentioned	browser-js
setupIndication	SetupIndication	cp/content/packs_control/setup_page.php	js	401	mentioned	browser-js
showMessage	ShowMessage	cp/content/packs_control/setup_page.php	js	401	mentioned	browser-js
start_prepare_setup	StartPrepareSetup	cp/content/packs_control/setup_page.php	js	401	mentioned	browser-js
save_plugin	SavePlugin	cp/content/plugins_control/plugin_edit.php	js	632	mentioned	browser-js
removeNotEmptyDir	RemoveNotEmptyDir	cp/content/plugins_control/plugins_manager.php	php	659	mentioned	partial-file
set_edit_mode	SetEditMode	cp/content/plugins_control/plugins_manager.php	js	659	mentioned	browser-js
locationBalance	LocationBalance	cp/content/requests/request.php	js	634	gap	browser-js
locationOrders	LocationOrders	cp/content/requests/request.php	js	634	gap	browser-js
setNoViewed	SetNoViewed	cp/content/requests/request.php	js	634	gap	browser-js
goToPage	GoToPage	cp/content/requests/requests.php	js	560	mentioned	browser-js
epc_acc_cp_back_url	EpcAccCpBackUrl	cp/content/shop/accessories/accessories_listings.php	php	956	mentioned	partial-file
epc_acc_cp_redirect	EpcAccCpRedirect	cp/content/shop/accessories/accessories_listings.php	php	956	mentioned	partial-file
fillSubs	FillSubs	cp/content/shop/accessories/accessories_listings.php	js	956	mentioned	browser-js
postForm	PostForm	cp/content/shop/accessories/accessories_listings.php	js	956	mentioned	browser-js
renderPending	RenderPending	cp/content/shop/accessories/accessories_listings.php	js	956	mentioned	browser-js
renderPhotos	RenderPhotos	cp/content/shop/accessories/accessories_listings.php	js	956	mentioned	browser-js
setStatus	SetStatus	cp/content/shop/accessories/accessories_listings.php	js	956	mentioned	browser-js
uploadSelected	UploadSelected	cp/content/shop/accessories/accessories_listings.php	js	956	mentioned	browser-js
get_breadcrumbs_category	GetBreadcrumbsCategory	cp/content/shop/catalogue/ajax_operations_products.php	php	661	mentioned	partial-file
str_replace_once	StrReplaceOnce	cp/content/shop/catalogue/ajax_operations_products.php	php	661	mentioned	partial-file
clear_search	ClearSearch	cp/content/shop/catalogue/all_list_products.inc.php	js	463	gap	browser-js
go_to_page	GoToPage	cp/content/shop/catalogue/all_list_products.inc.php	js	463	gap	browser-js
saveMinLimitValue	SaveMinLimitValue	cp/content/shop/catalogue/all_list_products.inc.php	js	463	gap	browser-js
search_items	SearchItems	cp/content/shop/catalogue/all_list_products.inc.php	js	463	gap	browser-js
show_table	ShowTable	cp/content/shop/catalogue/all_list_products.inc.php	js	463	gap	browser-js
add_base_properties	AddBaseProperties	cp/content/shop/catalogue/catalogue_editor.php	js	1902	mentioned	browser-js
add_bool_property	AddBoolProperty	cp/content/shop/catalogue/catalogue_editor.php	js	1902	mentioned	browser-js
add_float_property	AddFloatProperty	cp/content/shop/catalogue/catalogue_editor.php	js	1902	mentioned	browser-js
add_int_property	AddIntProperty	cp/content/shop/catalogue/catalogue_editor.php	js	1902	mentioned	browser-js
add_list_property	AddListProperty	cp/content/shop/catalogue/catalogue_editor.php	js	1902	mentioned	browser-js
add_text_property	AddTextProperty	cp/content/shop/catalogue/catalogue_editor.php	js	1902	mentioned	browser-js
add_tree_list_property	AddTreeListProperty	cp/content/shop/catalogue/catalogue_editor.php	js	1902	mentioned	browser-js
apply_properties	ApplyProperties	cp/content/shop/catalogue/catalogue_editor.php	js	1902	mentioned	browser-js
base_properties_changed	BasePropertiesChanged	cp/content/shop/catalogue/catalogue_editor.php	js	1902	mentioned	browser-js
catalogue_start_init	CatalogueStartInit	cp/content/shop/catalogue/catalogue_editor.php	js	1902	mentioned	browser-js
delete_property	DeleteProperty	cp/content/shop/catalogue/catalogue_editor.php	js	1902	mentioned	browser-js
detectDuplicatedAlias	DetectDuplicatedAlias	cp/content/shop/catalogue/catalogue_editor.php	js	1902	mentioned	browser-js
detectEmptyAlias	DetectEmptyAlias	cp/content/shop/catalogue/catalogue_editor.php	js	1902	mentioned	browser-js
dynamicApplyingCheck	DynamicApplyingCheck	cp/content/shop/catalogue/catalogue_editor.php	js	1902	mentioned	browser-js
epcActivateCopyCutButtons	EpcActivateCopyCutButtons	cp/content/shop/catalogue/catalogue_editor.php	js	1902	mentioned	browser-js
epcCatDisplayName	EpcCatDisplayName	cp/content/shop/catalogue/catalogue_editor.php	js	1902	mentioned	browser-js
epcCatEscAttr	EpcCatEscAttr	cp/content/shop/catalogue/catalogue_editor.php	js	1902	mentioned	browser-js
epcCatEscHtml	EpcCatEscHtml	cp/content/shop/catalogue/catalogue_editor.php	js	1902	mentioned	browser-js
epcCatStr	EpcCatStr	cp/content/shop/catalogue/catalogue_editor.php	js	1902	mentioned	browser-js
epcSanitizeCatalogueTree	EpcSanitizeCatalogueTree	cp/content/shop/catalogue/catalogue_editor.php	js	1902	mentioned	browser-js
epc_cat_ed_str	EpcCatEdStr	cp/content/shop/catalogue/catalogue_editor.php	php	1902	mentioned	partial-file
epc_cat_ed_t	EpcCatEdT	cp/content/shop/catalogue/catalogue_editor.php	php	1902	mentioned	partial-file
getLinearListOfCategories	GetLinearListOfCategories	cp/content/shop/catalogue/catalogue_editor.php	php	1902	mentioned	partial-file
img_box_start_init	ImgBoxStartInit	cp/content/shop/catalogue/catalogue_editor.php	js	1902	mentioned	browser-js
isAliasRepeated	IsAliasRepeated	cp/content/shop/catalogue/catalogue_editor.php	js	1902	mentioned	browser-js
onFileChanged	OnFileChanged	cp/content/shop/catalogue/catalogue_editor.php	js	1902	mentioned	browser-js
onSelected_properties_tree	OnSelectedPropertiesTree	cp/content/shop/catalogue/catalogue_editor.php	js	1902	mentioned	browser-js
open_properties_window	OpenPropertiesWindow	cp/content/shop/catalogue/catalogue_editor.php	js	1902	mentioned	browser-js
setForSimilar	SetForSimilar	cp/content/shop/catalogue/catalogue_editor.php	js	1902	mentioned	browser-js
setIsOption	SetIsOption	cp/content/shop/catalogue/catalogue_editor.php	js	1902	mentioned	browser-js
setListId	SetListId	cp/content/shop/catalogue/catalogue_editor.php	js	1902	mentioned	browser-js
create_template	CreateTemplate	cp/content/shop/catalogue/categories_templates/categories_templates.js.php	js	391	gap	browser-js
delete_category_template	DeleteCategoryTemplate	cp/content/shop/catalogue/categories_templates/categories_templates.js.php	js	391	gap	browser-js
onSelected_templates_tree	OnSelectedTemplatesTree	cp/content/shop/catalogue/categories_templates/categories_templates.js.php	js	391	gap	browser-js
open_templates_window	OpenTemplatesWindow	cp/content/shop/catalogue/categories_templates/categories_templates.js.php	js	391	gap	browser-js
template_to_buffer	TemplateToBuffer	cp/content/shop/catalogue/categories_templates/categories_templates.js.php	js	391	gap	browser-js
activate_copy_cut_buttons	ActivateCopyCutButtons	cp/content/shop/catalogue/copy_paste_categories.js.php	js	442	gap	browser-js
check_paste_not_to_cutted_brahch	CheckPasteNotToCuttedBrahch	cp/content/shop/catalogue/copy_paste_categories.js.php	js	442	gap	browser-js
clone_inputs_to_buffer	CloneInputsToBuffer	cp/content/shop/catalogue/copy_paste_categories.js.php	js	442	gap	browser-js
copy_category	CopyCategory	cp/content/shop/catalogue/copy_paste_categories.js.php	js	442	gap	browser-js
cut_category	CutCategory	cp/content/shop/catalogue/copy_paste_categories.js.php	js	442	gap	browser-js
insert_copied_element	InsertCopiedElement	cp/content/shop/catalogue/copy_paste_categories.js.php	js	442	gap	browser-js
mark_cutting_branch	MarkCuttingBranch	cp/content/shop/catalogue/copy_paste_categories.js.php	js	442	gap	browser-js
paste_category	PasteCategory	cp/content/shop/catalogue/copy_paste_categories.js.php	js	442	gap	browser-js
print_backend_button	PrintBackendButton	cp/content/shop/catalogue/copy_paste_categories.js.php	js	442	gap	browser-js
showButtons	ShowButtons	cp/content/shop/catalogue/copy_paste_categories.js.php	js	442	gap	browser-js
sort_items	SortItems	cp/content/shop/catalogue/line_list.php	js	547	mentioned	browser-js
deleteLineLists	DeleteLineLists	cp/content/shop/catalogue/line_lists_manager.php	js	391	mentioned	browser-js
applyProductsChecks	ApplyProductsChecks	cp/content/shop/catalogue/main_page_products.php	js	814	mentioned	browser-js
catalogue_start_init	CatalogueStartInit	cp/content/shop/catalogue/main_page_products.php	js	814	mentioned	browser-js
checkProductNodeByProductId	CheckProductNodeByProductId	cp/content/shop/catalogue/main_page_products.php	js	814	mentioned	browser-js
dynamicApplyingCheck	DynamicApplyingCheck	cp/content/shop/catalogue/main_page_products.php	js	814	mentioned	browser-js
editGroupProducts	EditGroupProducts	cp/content/shop/catalogue/main_page_products.php	js	814	mentioned	browser-js
getCheckedProducts	GetCheckedProducts	cp/content/shop/catalogue/main_page_products.php	js	814	mentioned	browser-js
ref_getProductsHTML	RefGetProductsHTML	cp/content/shop/catalogue/main_page_products.php	js	814	mentioned	browser-js
unselect_tree_categories	UnselectTreeCategories	cp/content/shop/catalogue/main_page_products.php	js	814	mentioned	browser-js
add_new_item_tree_stickers	AddNewItemTreeStickers	cp/content/shop/catalogue/product.php	js	3165	gap	browser-js
applyRelatedProducts	ApplyRelatedProducts	cp/content/shop/catalogue/product.php	js	3165	gap	browser-js
deleteImage	DeleteImage	cp/content/shop/catalogue/product.php	js	3165	gap	browser-js
deleteRelatedProducts	DeleteRelatedProducts	cp/content/shop/catalogue/product.php	js	3165	gap	browser-js
delete_selected_item_tree_stickers	DeleteSelectedItemTreeStickers	cp/content/shop/catalogue/product.php	js	3165	gap	browser-js
editRelatedProducts	EditRelatedProducts	cp/content/shop/catalogue/product.php	js	3165	gap	browser-js
getCheckedProducts	GetCheckedProducts	cp/content/shop/catalogue/product.php	js	3165	gap	browser-js
getChildItems	GetChildItems	cp/content/shop/catalogue/product.php	js	3165	gap	browser-js
getNewCurrentImageObject	GetNewCurrentImageObject	cp/content/shop/catalogue/product.php	js	3165	gap	browser-js
getUpperBrunch	GetUpperBrunch	cp/content/shop/catalogue/product.php	js	3165	gap	browser-js
initFieldsByCaption	InitFieldsByCaption	cp/content/shop/catalogue/product.php	js	3165	gap	browser-js
init_by_template	InitByTemplate	cp/content/shop/catalogue/product.php	js	3165	gap	browser-js
onFileChanged	OnFileChanged	cp/content/shop/catalogue/product.php	js	3165	gap	browser-js
onSelected_tree_stickers	OnSelectedTreeStickers	cp/content/shop/catalogue/product.php	js	3165	gap	browser-js
onTreeListItemCheck	OnTreeListItemCheck	cp/content/shop/catalogue/product.php	js	3165	gap	browser-js
openImageDialog	OpenImageDialog	cp/content/shop/catalogue/product.php	js	3165	gap	browser-js
openStickerWindow	OpenStickerWindow	cp/content/shop/catalogue/product.php	js	3165	gap	browser-js
ref_getProductsHTML	RefGetProductsHTML	cp/content/shop/catalogue/product.php	js	3165	gap	browser-js
showImages	ShowImages	cp/content/shop/catalogue/product.php	js	3165	gap	browser-js
sort_line_list_asc_number	SortLineListAscNumber	cp/content/shop/catalogue/product.php	php	3165	gap	later
sort_line_list_asc_text	SortLineListAscText	cp/content/shop/catalogue/product.php	php	3165	gap	later
sort_line_list_desc_number	SortLineListDescNumber	cp/content/shop/catalogue/product.php	php	3165	gap	later
sort_line_list_desc_text	SortLineListDescText	cp/content/shop/catalogue/product.php	php	3165	gap	later
sticker_changed_set	StickerChangedSet	cp/content/shop/catalogue/product.php	js	3165	gap	browser-js
sticker_save	StickerSave	cp/content/shop/catalogue/product.php	js	3165	gap	browser-js
unselect_tree_related	UnselectTreeRelated	cp/content/shop/catalogue/product.php	js	3165	gap	browser-js
deleteProducts	DeleteProducts	cp/content/shop/catalogue/products.php	js	326	mentioned	browser-js
getCheckedProducts	GetCheckedProducts	cp/content/shop/catalogue/products.php	js	326	mentioned	browser-js
delete_review	DeleteReview	cp/content/shop/catalogue/reviews.php	js	231	mentioned	browser-js
add_new_item_B	AddNewItemB	cp/content/shop/catalogue/special_search.php	js	1722	mentioned	browser-js
apply_options_for_step	ApplyOptionsForStep	cp/content/shop/catalogue/special_search.php	js	1722	mentioned	browser-js
delete_selected_item_B	DeleteSelectedItemB	cp/content/shop/catalogue/special_search.php	js	1722	mentioned	browser-js
objects_tree_init	ObjectsTreeInit	cp/content/shop/catalogue/special_search.php	js	1722	mentioned	browser-js
onFileChanged	OnFileChanged	cp/content/shop/catalogue/special_search.php	js	1722	mentioned	browser-js
onSelected_B	OnSelectedB	cp/content/shop/catalogue/special_search.php	js	1722	mentioned	browser-js
on_metadata_edit	OnMetadataEdit	cp/content/shop/catalogue/special_search.php	js	1722	mentioned	browser-js
show_step_levels_list	ShowStepLevelsList	cp/content/shop/catalogue/special_search.php	js	1722	mentioned	browser-js
unselect_tree_B	UnselectTreeB	cp/content/shop/catalogue/special_search.php	js	1722	mentioned	browser-js
validate_special_search	ValidateSpecialSearch	cp/content/shop/catalogue/special_search.php	js	1722	mentioned	browser-js
deleteSpecialSearches	DeleteSpecialSearches	cp/content/shop/catalogue/special_searches.php	js	366	mentioned	browser-js
apply_options_for_item	ApplyOptionsForItem	cp/content/shop/catalogue/tree_list.php	js	1021	mentioned	browser-js
checkEveryOneInArray	CheckEveryOneInArray	cp/content/shop/catalogue/tree_list.php	js	1021	mentioned	browser-js
img_box_start_init	ImgBoxStartInit	cp/content/shop/catalogue/tree_list.php	js	1021	mentioned	browser-js
isAliasRepeated	IsAliasRepeated	cp/content/shop/catalogue/tree_list.php	js	1021	mentioned	browser-js
onFileChanged	OnFileChanged	cp/content/shop/catalogue/tree_list.php	js	1021	mentioned	browser-js
sort_items	SortItems	cp/content/shop/catalogue/tree_list.php	js	1021	mentioned	browser-js
apply_options_for_item	ApplyOptionsForItem	cp/content/shop/catalogue/tree_list_brunch_editor.php	js	1291	mentioned	browser-js
checkEveryOneInArray	CheckEveryOneInArray	cp/content/shop/catalogue/tree_list_brunch_editor.php	js	1291	mentioned	browser-js
edit_breadcrumbs_brunch	EditBreadcrumbsBrunch	cp/content/shop/catalogue/tree_list_brunch_editor.php	js	1291	mentioned	browser-js
edit_brunch_of_item	EditBrunchOfItem	cp/content/shop/catalogue/tree_list_brunch_editor.php	js	1291	mentioned	browser-js
edit_upper_brunch	EditUpperBrunch	cp/content/shop/catalogue/tree_list_brunch_editor.php	js	1291	mentioned	browser-js
img_box_start_init	ImgBoxStartInit	cp/content/shop/catalogue/tree_list_brunch_editor.php	js	1291	mentioned	browser-js
isAliasRepeated	IsAliasRepeated	cp/content/shop/catalogue/tree_list_brunch_editor.php	js	1291	mentioned	browser-js
is_not_saved	IsNotSaved	cp/content/shop/catalogue/tree_list_brunch_editor.php	js	1291	mentioned	browser-js
onFileChanged	OnFileChanged	cp/content/shop/catalogue/tree_list_brunch_editor.php	js	1291	mentioned	browser-js
show_tree_list	ShowTreeList	cp/content/shop/catalogue/tree_list_brunch_editor.php	js	1291	mentioned	browser-js
sort_items	SortItems	cp/content/shop/catalogue/tree_list_brunch_editor.php	js	1291	mentioned	browser-js
edit_brunch_of_item	EditBrunchOfItem	cp/content/shop/catalogue/tree_list_show_async.php	js	133	mentioned	browser-js
deleteTreeLists	DeleteTreeLists	cp/content/shop/catalogue/tree_lists_manager.php	js	441	mentioned	browser-js
delete_one_tree_list	DeleteOneTreeList	cp/content/shop/catalogue/tree_lists_manager.php	js	441	mentioned	browser-js
edit_like_tree	EditLikeTree	cp/content/shop/catalogue/tree_lists_manager.php	js	441	mentioned	browser-js
epc_crm_json	EpcCrmJson	cp/content/shop/crm/ajax_crm.php	php	50	mentioned	partial-file
bindCrmForm	BindCrmForm	cp/content/shop/crm/crm_main.php	js	938	mentioned	browser-js
closeDrawer	CloseDrawer	cp/content/shop/crm/crm_main.php	js	938	mentioned	browser-js
closeTimeline	CloseTimeline	cp/content/shop/crm/crm_main.php	js	938	mentioned	browser-js
epc_crm_tab_url	EpcCrmTabUrl	cp/content/shop/crm/crm_main.php	php	938	mentioned	partial-file
escapeHtml	EscapeHtml	cp/content/shop/crm/crm_main.php	js	938	mentioned	browser-js
openDrawer	OpenDrawer	cp/content/shop/crm/crm_main.php	js	938	mentioned	browser-js
render360	Render360	cp/content/shop/crm/crm_main.php	js	938	mentioned	browser-js
renderTimeline	RenderTimeline	cp/content/shop/crm/crm_main.php	js	938	mentioned	browser-js
resetLeadForm	ResetLeadForm	cp/content/shop/crm/crm_main.php	js	938	mentioned	browser-js
epc_crosses_csv_prepare_string	EpcCrossesCsvPrepareString	cp/content/shop/crosses/ajax_handle_file.php	php	140	mentioned	partial-file
prepareString	PrepareString	cp/content/shop/crosses/ajax_operations.php	php	410	mentioned	partial-file
clear_search	ClearSearch	cp/content/shop/crosses/crosses.php	js	1057	gap	browser-js
crosses_add	CrossesAdd	cp/content/shop/crosses/crosses.php	js	1057	gap	browser-js
crosses_add_of_csv	CrossesAddOfCsv	cp/content/shop/crosses/crosses.php	js	1057	gap	browser-js
crosses_del	CrossesDel	cp/content/shop/crosses/crosses.php	js	1057	gap	browser-js
crosses_edit	CrossesEdit	cp/content/shop/crosses/crosses.php	js	1057	gap	browser-js
crosses_edit_otmena	CrossesEditOtmena	cp/content/shop/crosses/crosses.php	js	1057	gap	browser-js
crosses_edit_save	CrossesEditSave	cp/content/shop/crosses/crosses.php	js	1057	gap	browser-js
epcCpCrossAddAllMissing	EpcCpCrossAddAllMissing	cp/content/shop/crosses/crosses.php	js	1057	gap	browser-js
epcCpCrossAddOne	EpcCpCrossAddOne	cp/content/shop/crosses/crosses.php	js	1057	gap	browser-js
epcCpCrossEscapeHtml	EpcCpCrossEscapeHtml	cp/content/shop/crosses/crosses.php	js	1057	gap	browser-js
epcCpCrossGetAnchorFields	EpcCpCrossGetAnchorFields	cp/content/shop/crosses/crosses.php	js	1057	gap	browser-js
epcCpCrossImportFullCatalog	EpcCpCrossImportFullCatalog	cp/content/shop/crosses/crosses.php	js	1057	gap	browser-js
epcCpCrossLookup	EpcCpCrossLookup	cp/content/shop/crosses/crosses.php	js	1057	gap	browser-js
epcCpCrossPost	EpcCpCrossPost	cp/content/shop/crosses/crosses.php	js	1057	gap	browser-js
epcCpCrossRenderResults	EpcCpCrossRenderResults	cp/content/shop/crosses/crosses.php	js	1057	gap	browser-js
epcCpCrossRepairEmpty	EpcCpCrossRepairEmpty	cp/content/shop/crosses/crosses.php	js	1057	gap	browser-js
epcCpCrossSyncCrossbase	EpcCpCrossSyncCrossbase	cp/content/shop/crosses/crosses.php	js	1057	gap	browser-js
epcCpCrossSyncLookupFromSearch	EpcCpCrossSyncLookupFromSearch	cp/content/shop/crosses/crosses.php	js	1057	gap	browser-js
epcCpCrossVerify	EpcCpCrossVerify	cp/content/shop/crosses/crosses.php	js	1057	gap	browser-js
epcCxFetchSearchManufacturers	EpcCxFetchSearchManufacturers	cp/content/shop/crosses/crosses.php	js	1057	gap	browser-js
go_to_page	GoToPage	cp/content/shop/crosses/crosses.php	js	1057	gap	browser-js
show_table_crosses	ShowTableCrosses	cp/content/shop/crosses/crosses.php	js	1057	gap	browser-js
sortCrosses	SortCrosses	cp/content/shop/crosses/crosses.php	js	1057	gap	browser-js
epc_cp_cross_add_link	EpcCpCrossAddLink	cp/content/shop/crosses/epc_cp_cross_helpers.php	php	267	gap	later
epc_cp_cross_annotate_references	EpcCpCrossAnnotateReferences	cp/content/shop/crosses/epc_cp_cross_helpers.php	php	267	gap	later
epc_cp_cross_count_links_for_anchor	EpcCpCrossCountLinksForAnchor	cp/content/shop/crosses/epc_cp_cross_helpers.php	php	267	gap	later
epc_cp_cross_enrich_reference_brand	EpcCpCrossEnrichReferenceBrand	cp/content/shop/crosses/epc_cp_cross_helpers.php	php	267	gap	later
epc_cp_cross_fetch_search	EpcCpCrossFetchSearch	cp/content/shop/crosses/epc_cp_cross_helpers.php	php	267	gap	later
epc_cp_cross_import_references	EpcCpCrossImportReferences	cp/content/shop/crosses/epc_cp_cross_helpers.php	php	267	gap	later
epc_cp_cross_normalize_article	EpcCpCrossNormalizeArticle	cp/content/shop/crosses/epc_cp_cross_helpers.php	php	267	gap	later
epc_cp_cross_pair_status	EpcCpCrossPairStatus	cp/content/shop/crosses/epc_cp_cross_helpers.php	php	267	gap	later
epc_cp_cross_prepare_brand	EpcCpCrossPrepareBrand	cp/content/shop/crosses/epc_cp_cross_helpers.php	php	267	gap	later
epc_cm_json	EpcCmJson	cp/content/shop/customer_mgmt/ajax_customer_mgmt.php	php	68	mentioned	partial-file
data_processing	DataProcessing	cp/content/shop/data_transfer/ajax/ajax_export_to_yml.php	php	1003	mentioned	partial-file
catalogue_start_init	CatalogueStartInit	cp/content/shop/data_transfer/catalogue_csv_import/catalogue_csv_import.php	js	615	mentioned	browser-js
dynamic_apply_cookie	DynamicApplyCookie	cp/content/shop/data_transfer/catalogue_csv_import/catalogue_csv_import.php	js	615	mentioned	browser-js
processIndicator	ProcessIndicator	cp/content/shop/data_transfer/catalogue_csv_import/catalogue_csv_import.php	js	615	mentioned	browser-js
start_import	StartImport	cp/content/shop/data_transfer/catalogue_csv_import/catalogue_csv_import.php	js	615	mentioned	browser-js
exec_export	ExecExport	cp/content/shop/data_transfer/pages/catalogue_xml_json_export.php	js	217	gap	browser-js
add_files_request	AddFilesRequest	cp/content/shop/data_transfer/pages/catalogue_xml_json_import.php	js	231	mentioned	browser-js
exec_import	ExecImport	cp/content/shop/data_transfer/pages/catalogue_xml_json_import.php	js	231	mentioned	browser-js
exec_export	ExecExport	cp/content/shop/data_transfer/pages/catalogue_yml_export.php	js	921	gap	browser-js
getChildItems	GetChildItems	cp/content/shop/data_transfer/pages/catalogue_yml_export.php	js	921	gap	browser-js
getUpperBrunch	GetUpperBrunch	cp/content/shop/data_transfer/pages/catalogue_yml_export.php	js	921	gap	browser-js
onTreeListItemCheck	OnTreeListItemCheck	cp/content/shop/data_transfer/pages/catalogue_yml_export.php	js	921	gap	browser-js
callImport	CallImport	cp/content/shop/demand_countries/demand_countries.php	js	553	gap	browser-js
escapeHtml	EscapeHtml	cp/content/shop/demand_countries/demand_countries.php	js	553	gap	browser-js
loadCountryParts	LoadCountryParts	cp/content/shop/demand_countries/demand_countries.php	js	553	gap	browser-js
loadOverview	LoadOverview	cp/content/shop/demand_countries/demand_countries.php	js	553	gap	browser-js
renderPreview	RenderPreview	cp/content/shop/demand_countries/demand_countries.php	js	553	gap	browser-js
setActiveCountryRow	SetActiveCountryRow	cp/content/shop/demand_countries/demand_countries.php	js	553	gap	browser-js
uploadFile	UploadFile	cp/content/shop/demand_countries/demand_countries.php	js	553	gap	browser-js
epc_dc_json	EpcDcJson	cp/content/shop/document_control/ajax_document_control.php	php	81	mentioned	partial-file
epc_cata_cp_h	EpcCataCpH	cp/content/shop/eparts-cata/eparts_cata.php	php	320	gap	later
epc_emod_cp_h	EpcEmodCpH	cp/content/shop/eparts-mod/eparts_mod_cp.php	php	155	gap	ready
edit_otmena	EditOtmena	cp/content/shop/filter/filter_shop.php	js	314	mentioned	browser-js
edit_save	EditSave	cp/content/shop/filter/filter_shop.php	js	314	mentioned	browser-js
go_to_page	GoToPage	cp/content/shop/filter/filter_shop.php	js	314	mentioned	browser-js
show_table	ShowTable	cp/content/shop/filter/filter_shop.php	js	314	mentioned	browser-js
storages_tree_start_init	StoragesTreeStartInit	cp/content/shop/filter/setting.php	js	255	mentioned	browser-js
create_operation	CreateOperation	cp/content/shop/finance/create_operation.php	erp_js	532	gap	devin-erp
handleDirectionChoise	HandleDirectionChoise	cp/content/shop/finance/create_operation.php	erp_js	532	gap	devin-erp
handle_user_selected	HandleUserSelected	cp/content/shop/finance/create_operation.php	erp_js	532	gap	devin-erp
epcFxSchedLoad	EpcFxSchedLoad	cp/content/shop/finance/currencies_turning.php	erp_js	785	mentioned	devin-erp
epcFxSchedRender	EpcFxSchedRender	cp/content/shop/finance/currencies_turning.php	erp_js	785	mentioned	devin-erp
epcFxSchedRunNow	EpcFxSchedRunNow	cp/content/shop/finance/currencies_turning.php	erp_js	785	mentioned	devin-erp
epcFxSchedSave	EpcFxSchedSave	cp/content/shop/finance/currencies_turning.php	erp_js	785	mentioned	devin-erp
epcFxSchedSetStatus	EpcFxSchedSetStatus	cp/content/shop/finance/currencies_turning.php	erp_js	785	mentioned	devin-erp
epcLiveRatesApply	EpcLiveRatesApply	cp/content/shop/finance/currencies_turning.php	erp_js	785	mentioned	devin-erp
epcLiveRatesFillForm	EpcLiveRatesFillForm	cp/content/shop/finance/currencies_turning.php	erp_js	785	mentioned	devin-erp
epcLiveRatesPreview	EpcLiveRatesPreview	cp/content/shop/finance/currencies_turning.php	erp_js	785	mentioned	devin-erp
epcLiveRatesRender	EpcLiveRatesRender	cp/content/shop/finance/currencies_turning.php	erp_js	785	mentioned	devin-erp
epcLiveRatesSetStatus	EpcLiveRatesSetStatus	cp/content/shop/finance/currencies_turning.php	erp_js	785	mentioned	devin-erp
set_available_currencies	SetAvailableCurrencies	cp/content/shop/finance/currencies_turning.php	erp_js	785	mentioned	devin-erp
epc_csg_required_labels	EpcCsgRequiredLabels	cp/content/shop/finance/erp/custom_shipping/custom_shipping_guide.php	erp_php	182	mentioned	devin-erp
countUp	CountUp	cp/content/shop/finance/erp/erp_dashboard.php	erp_js	421	gap	devin-erp
drawCharts	DrawCharts	cp/content/shop/finance/erp/erp_dashboard_netsuite.php	erp_js	1107	gap	devin-erp
nsFmt	NsFmt	cp/content/shop/finance/erp/erp_dashboard_netsuite.php	erp_js	1107	gap	devin-erp
buildUrl	BuildUrl	cp/content/shop/finance/erp/erp_main.php	erp_js	1545	mentioned	devin-erp
doSearch	DoSearch	cp/content/shop/finance/erp/erp_main.php	erp_js	1545	mentioned	devin-erp
escHtml	EscHtml	cp/content/shop/finance/erp/erp_main.php	erp_js	1545	mentioned	devin-erp
epc_erp_ap_chain	EpcErpApChain	cp/content/shop/finance/erp/erp_nav_areas.php	erp_php	1418	gap	devin-erp
epc_erp_ar_chain	EpcErpArChain	cp/content/shop/finance/erp/erp_nav_areas.php	erp_php	1418	gap	devin-erp
epc_erp_area_default_tab	EpcErpAreaDefaultTab	cp/content/shop/finance/erp/erp_nav_areas.php	erp_php	1418	gap	devin-erp
epc_erp_ensure_favourites_table	EpcErpEnsureFavouritesTable	cp/content/shop/finance/erp/erp_nav_areas.php	erp_php	1418	gap	devin-erp
epc_erp_get_favourites	EpcErpGetFavourites	cp/content/shop/finance/erp/erp_nav_areas.php	erp_php	1418	gap	devin-erp
epc_erp_gl_chain	EpcErpGlChain	cp/content/shop/finance/erp/erp_nav_areas.php	erp_php	1418	gap	devin-erp
epc_erp_nav_apply_commerce_filter	EpcErpNavApplyCommerceFilter	cp/content/shop/finance/erp/erp_nav_areas.php	erp_php	1418	gap	devin-erp
epc_erp_nav_area_visible_tabs	EpcErpNavAreaVisibleTabs	cp/content/shop/finance/erp/erp_nav_areas.php	erp_php	1418	gap	devin-erp
epc_erp_nav_areas_config	EpcErpNavAreasConfig	cp/content/shop/finance/erp/erp_nav_areas.php	erp_php	1418	gap	devin-erp
epc_erp_nav_areas_for_tenant	EpcErpNavAreasForTenant	cp/content/shop/finance/erp/erp_nav_areas.php	erp_php	1418	gap	devin-erp
epc_erp_nav_categories_config	EpcErpNavCategoriesConfig	cp/content/shop/finance/erp/erp_nav_areas.php	erp_php	1418	gap	devin-erp
epc_erp_nav_inject_reports	EpcErpNavInjectReports	cp/content/shop/finance/erp/erp_nav_areas.php	erp_php	1418	gap	devin-erp
epc_erp_nav_shell_link_attrs	EpcErpNavShellLinkAttrs	cp/content/shop/finance/erp/erp_nav_areas.php	erp_php	1418	gap	devin-erp
epc_erp_nav_tab_allowed	EpcErpNavTabAllowed	cp/content/shop/finance/erp/erp_nav_areas.php	erp_php	1418	gap	devin-erp
epc_erp_nav_tab_label	EpcErpNavTabLabel	cp/content/shop/finance/erp/erp_nav_areas.php	erp_php	1418	gap	devin-erp
epc_erp_procurement_url	EpcErpProcurementUrl	cp/content/shop/finance/erp/erp_nav_areas.php	erp_php	1418	gap	devin-erp
epc_erp_render_area_nav	EpcErpRenderAreaNav	cp/content/shop/finance/erp/erp_nav_areas.php	erp_php	1418	gap	devin-erp
epc_erp_render_area_subnav	EpcErpRenderAreaSubnav	cp/content/shop/finance/erp/erp_nav_areas.php	erp_php	1418	gap	devin-erp
epc_erp_render_chain_nav	EpcErpRenderChainNav	cp/content/shop/finance/erp/erp_nav_areas.php	erp_php	1418	gap	devin-erp
epc_erp_render_company_picker_toolbar	EpcErpRenderCompanyPickerToolbar	cp/content/shop/finance/erp/erp_nav_areas.php	erp_php	1418	gap	devin-erp
epc_erp_render_content_header	EpcErpRenderContentHeader	cp/content/shop/finance/erp/erp_nav_areas.php	erp_php	1418	gap	devin-erp
epc_erp_render_notifications_stub	EpcErpRenderNotificationsStub	cp/content/shop/finance/erp/erp_nav_areas.php	erp_php	1418	gap	devin-erp
epc_erp_render_sidebar_item	EpcErpRenderSidebarItem	cp/content/shop/finance/erp/erp_nav_areas.php	erp_php	1418	gap	devin-erp
epc_erp_render_sidebar_nav	EpcErpRenderSidebarNav	cp/content/shop/finance/erp/erp_nav_areas.php	erp_php	1418	gap	devin-erp
epc_eoog_h	EpcEoogH	cp/content/shop/finance/erp/erp_only_operator_guide.php	erp_php	80	mentioned	devin-erp
epc_erp_pm_field_html	EpcErpPmFieldHtml	cp/content/shop/finance/erp/erp_pm_render.php	erp_php	218	gap	devin-erp
epc_erp_pm_inline_assets	EpcErpPmInlineAssets	cp/content/shop/finance/erp/erp_pm_render.php	erp_php	218	gap	devin-erp
epc_erp_pm_module_tabs	EpcErpPmModuleTabs	cp/content/shop/finance/erp/erp_pm_render.php	erp_php	218	gap	devin-erp
epc_erp_pm_section	EpcErpPmSection	cp/content/shop/finance/erp/erp_pm_render.php	erp_php	218	gap	devin-erp
countUp	CountUp	cp/content/shop/finance/erp/erp_provider_console.php	erp_js	155	gap	devin-erp
bindCoaForm	BindCoaForm	cp/content/shop/finance/erp/erp_tabs_accounting.php	erp_js	527	mapped-tab	devin-erp
bindFiscalLock	BindFiscalLock	cp/content/shop/finance/erp/erp_tabs_accounting.php	erp_js	527	mapped-tab	devin-erp
bindFxReval	BindFxReval	cp/content/shop/finance/erp/erp_tabs_accounting.php	erp_js	527	mapped-tab	devin-erp
bindGlButtons	BindGlButtons	cp/content/shop/finance/erp/erp_tabs_accounting.php	erp_js	527	mapped-tab	devin-erp
bindGlManual	BindGlManual	cp/content/shop/finance/erp/erp_tabs_accounting.php	erp_js	527	mapped-tab	devin-erp
bindGlReverse	BindGlReverse	cp/content/shop/finance/erp/erp_tabs_accounting.php	erp_js	527	mapped-tab	devin-erp
epc_aml_url	EpcAmlUrl	cp/content/shop/finance/erp/erp_tabs_aml_compliance.php	erp_php	739	mapped-tab	devin-erp
resetForm	ResetForm	cp/content/shop/finance/erp/erp_tabs_approvals.php	erp_js	243	mentioned	devin-erp
stepRow	StepRow	cp/content/shop/finance/erp/erp_tabs_approvals.php	erp_js	243	mentioned	devin-erp
epc_pm_cons_table	EpcPmConsTable	cp/content/shop/finance/erp/erp_tabs_consolidation_bu.php	erp_php	116	mapped-tab	devin-erp
fillFromOpt	FillFromOpt	cp/content/shop/finance/erp/erp_tabs_consolidation_group.php	erp_js	185	mapped-tab	devin-erp
epc_cs_render_field_row	EpcCsRenderFieldRow	cp/content/shop/finance/erp/erp_tabs_custom_shipping.php	erp_php	686	mapped-tab	devin-erp
epcDlTemplate	EpcDlTemplate	cp/content/shop/finance/erp/erp_tabs_data_import.php	erp_js	292	mentioned	devin-erp
epcDownloadCsv	EpcDownloadCsv	cp/content/shop/finance/erp/erp_tabs_data_import.php	erp_js	292	mentioned	devin-erp
epcLoadSample	EpcLoadSample	cp/content/shop/finance/erp/erp_tabs_data_import.php	erp_js	292	mentioned	devin-erp
epc_erp_import_parse_csv	EpcErpImportParseCsv	cp/content/shop/finance/erp/erp_tabs_data_import.php	erp_php	292	mentioned	devin-erp
epcEinvDocExportUrl	EpcEinvDocExportUrl	cp/content/shop/finance/erp/erp_tabs_einvoice.php	erp_js	960	mapped-tab	devin-erp
epc_einv_url	EpcEinvUrl	cp/content/shop/finance/erp/erp_tabs_einvoice.php	erp_php	960	mapped-tab	devin-erp
epcDlB64	EpcDlB64	cp/content/shop/finance/erp/erp_tabs_external_reports.php	erp_js	1136	mapped-tab	devin-erp
epcDlCsv	EpcDlCsv	cp/content/shop/finance/erp/erp_tabs_external_reports.php	erp_js	1136	mapped-tab	devin-erp
epcImpPick	EpcImpPick	cp/content/shop/finance/erp/erp_tabs_external_reports.php	erp_js	1136	mapped-tab	devin-erp
epcRowTotal	EpcRowTotal	cp/content/shop/finance/erp/erp_tabs_external_reports.php	erp_js	1136	mapped-tab	devin-erp
bootCharts	BootCharts	cp/content/shop/finance/erp/erp_tabs_fulfilment.php	erp_js	285	mapped-tab	devin-erp
initEpcErpCharts	InitEpcErpCharts	cp/content/shop/finance/erp/erp_tabs_fulfilment.php	erp_js	285	mapped-tab	devin-erp
addExpLine	AddExpLine	cp/content/shop/finance/erp/erp_tabs_hr_ops.php	erp_js	312	mapped-tab	devin-erp
jwBcCheckAll	JwBcCheckAll	cp/content/shop/finance/erp/erp_tabs_jw_barcode.php	erp_js	100	mapped-tab	devin-erp
jwBcGenerate	JwBcGenerate	cp/content/shop/finance/erp/erp_tabs_jw_barcode.php	erp_js	100	mapped-tab	devin-erp
jwCsSelect	JwCsSelect	cp/content/shop/finance/erp/erp_tabs_jw_color_stone.php	erp_js	152	mapped-tab	devin-erp
jwCurrSelect	JwCurrSelect	cp/content/shop/finance/erp/erp_tabs_jw_currency.php	erp_js	99	mapped-tab	devin-erp
jwDesSelect	JwDesSelect	cp/content/shop/finance/erp/erp_tabs_jw_design.php	erp_js	199	mapped-tab	devin-erp
jwDesTab	JwDesTab	cp/content/shop/finance/erp/erp_tabs_jw_design.php	erp_js	199	mapped-tab	devin-erp
jwDiaSelect	JwDiaSelect	cp/content/shop/finance/erp/erp_tabs_jw_diamond.php	erp_js	262	mapped-tab	devin-erp
jwDiaTab	JwDiaTab	cp/content/shop/finance/erp/erp_tabs_jw_diamond.php	erp_js	262	mapped-tab	devin-erp
jwDpTab	JwDpTab	cp/content/shop/finance/erp/erp_tabs_jw_diamond_purchase.php	erp_js	181	mapped-tab	devin-erp
jwMpTab	JwMpTab	cp/content/shop/finance/erp/erp_tabs_jw_metal_purchase.php	erp_js	176	mapped-tab	devin-erp
jwMslTab	JwMslTab	cp/content/shop/finance/erp/erp_tabs_jw_metal_sales.php	erp_js	165	mapped-tab	devin-erp
jwMsSelect	JwMsSelect	cp/content/shop/finance/erp/erp_tabs_jw_metal_stock.php	erp_js	179	mapped-tab	devin-erp
jwPearlSelect	JwPearlSelect	cp/content/shop/finance/erp/erp_tabs_jw_pearl.php	erp_js	146	mapped-tab	devin-erp
jwPwSearch	JwPwSearch	cp/content/shop/finance/erp/erp_tabs_jw_purchase_window.php	erp_js	97	mapped-tab	devin-erp
jwRtSelect	JwRtSelect	cp/content/shop/finance/erp/erp_tabs_jw_rate_type.php	erp_js	112	mapped-tab	devin-erp
jwRsSearch	JwRsSearch	cp/content/shop/finance/erp/erp_tabs_jw_repair_search.php	erp_js	78	mapped-tab	devin-erp
jwRsTab	JwRsTab	cp/content/shop/finance/erp/erp_tabs_jw_retail_sales.php	erp_js	205	mapped-tab	devin-erp
jwSaRun	JwSaRun	cp/content/shop/finance/erp/erp_tabs_jw_sales_analysis.php	erp_js	94	mapped-tab	devin-erp
jwSbRun	JwSbRun	cp/content/shop/finance/erp/erp_tabs_jw_stock_balance.php	erp_js	89	mapped-tab	devin-erp
jwTbView	JwTbView	cp/content/shop/finance/erp/erp_tabs_jw_trial_balance.php	erp_js	187	mapped-tab	devin-erp
addLine	AddLine	cp/content/shop/finance/erp/erp_tabs_manufacturing.php	erp_js	242	mapped-tab	devin-erp
optionsHtml	OptionsHtml	cp/content/shop/finance/erp/erp_tabs_manufacturing.php	erp_js	242	mapped-tab	devin-erp
epc_org_render_units	EpcOrgRenderUnits	cp/content/shop/finance/erp/erp_tabs_multi_entity.php	erp_php	123	mapped-tab	devin-erp
epc_opl_render_exceptions	EpcOplRenderExceptions	cp/content/shop/finance/erp/erp_tabs_order_planning.php	erp_php	440	mapped-tab	devin-erp
epc_opl_render_kpi	EpcOplRenderKpi	cp/content/shop/finance/erp/erp_tabs_order_planning.php	erp_php	440	mapped-tab	devin-erp
epc_opl_render_policy	EpcOplRenderPolicy	cp/content/shop/finance/erp/erp_tabs_order_planning.php	erp_php	440	mapped-tab	devin-erp
epc_opl_render_redistribution	EpcOplRenderRedistribution	cp/content/shop/finance/erp/erp_tabs_order_planning.php	erp_php	440	mapped-tab	devin-erp
epc_opl_worksheet_script	EpcOplWorksheetScript	cp/content/shop/finance/erp/erp_tabs_order_planning.php	erp_php	440	mapped-tab	devin-erp
whVal	WhVal	cp/content/shop/finance/erp/erp_tabs_order_planning.php	erp_php	440	mapped-tab	devin-erp
bindAll	BindAll	cp/content/shop/finance/erp/erp_tabs_platform.php	erp_js	169	mapped-tab	devin-erp
activeCases	ActiveCases	cp/content/shop/finance/erp/erp_tabs_processflow.php	erp_js	1187	mapped-tab	devin-erp
allIds	AllIds	cp/content/shop/finance/erp/erp_tabs_processflow.php	erp_js	1187	mapped-tab	devin-erp
animate	Animate	cp/content/shop/finance/erp/erp_tabs_processflow.php	erp_js	1187	mapped-tab	devin-erp
avColor	AvColor	cp/content/shop/finance/erp/erp_tabs_processflow.php	erp_js	1187	mapped-tab	devin-erp
casesInStep	CasesInStep	cp/content/shop/finance/erp/erp_tabs_processflow.php	erp_js	1187	mapped-tab	devin-erp
colorFor	ColorFor	cp/content/shop/finance/erp/erp_tabs_processflow.php	erp_js	1187	mapped-tab	devin-erp
dims	Dims	cp/content/shop/finance/erp/erp_tabs_processflow.php	erp_js	1187	mapped-tab	devin-erp
groupKeyList	GroupKeyList	cp/content/shop/finance/erp/erp_tabs_processflow.php	erp_js	1187	mapped-tab	devin-erp
laneNodes	LaneNodes	cp/content/shop/finance/erp/erp_tabs_processflow.php	erp_js	1187	mapped-tab	devin-erp
levelKeys	LevelKeys	cp/content/shop/finance/erp/erp_tabs_processflow.php	erp_js	1187	mapped-tab	devin-erp
matchSearch	MatchSearch	cp/content/shop/finance/erp/erp_tabs_processflow.php	erp_js	1187	mapped-tab	devin-erp
nodeHtml	NodeHtml	cp/content/shop/finance/erp/erp_tabs_processflow.php	erp_js	1187	mapped-tab	devin-erp
pf_url	PfUrl	cp/content/shop/finance/erp/erp_tabs_processflow.php	erp_php	1187	mapped-tab	devin-erp
renderCanvas	RenderCanvas	cp/content/shop/finance/erp/erp_tabs_processflow.php	erp_js	1187	mapped-tab	devin-erp
renderList	RenderList	cp/content/shop/finance/erp/erp_tabs_processflow.php	erp_js	1187	mapped-tab	devin-erp
selectedProcs	SelectedProcs	cp/content/shop/finance/erp/erp_tabs_processflow.php	erp_js	1187	mapped-tab	devin-erp
addRow	AddRow	cp/content/shop/finance/erp/erp_tabs_purchase_orders.php	erp_js	324	mapped-tab	devin-erp
bindAll	BindAll	cp/content/shop/finance/erp/erp_tabs_security_roles.php	erp_js	229	mapped-tab	devin-erp
epc_sp_pct	EpcSpPct	cp/content/shop/finance/erp/erp_tabs_supplier_portal.php	erp_php	169	mapped-tab	devin-erp
epc_sp_rating_label	EpcSpRatingLabel	cp/content/shop/finance/erp/erp_tabs_supplier_portal.php	erp_php	169	mapped-tab	devin-erp
clickAll	ClickAll	cp/content/shop/finance/erp/erp_tabs_wms.php	erp_js	220	mapped-tab	devin-erp
bindAll	BindAll	cp/content/shop/finance/erp/erp_tabs_year_end.php	erp_js	132	mapped-tab	devin-erp
save_form_submit	SaveFormSubmit	cp/content/shop/finance/operations_editor/operation_create_edit.php	erp_js	323	gap	devin-erp
delete_operations	DeleteOperations	cp/content/shop/finance/operations_editor/operations_editor.php	erp_js	313	gap	devin-erp
on_system_changed	OnSystemChanged	cp/content/shop/finance/payment_systems_standart.php	erp_js	361	gap	devin-erp
on_office_select	OnOfficeSelect	cp/content/shop/finance/payment_systems_wholesaler.php	erp_js	504	gap	devin-erp
on_system_changed	OnSystemChanged	cp/content/shop/finance/payment_systems_wholesaler.php	erp_js	504	gap	devin-erp
set_form_values	SetFormValues	cp/content/shop/finance/payment_systems_wholesaler.php	erp_js	504	gap	devin-erp
getLinearListOfNodes	GetLinearListOfNodes	cp/content/shop/geo/geo_tree.php	php	511	mentioned	partial-file
filterItems	FilterItems	cp/content/shop/kkt/checks.php	js	1430	mentioned	browser-js
sortItems	SortItems	cp/content/shop/kkt/checks.php	js	1430	mentioned	browser-js
unsetFilterItems	UnsetFilterItems	cp/content/shop/kkt/checks.php	js	1430	mentioned	browser-js
shop_kkt_device_info	ShopKktDeviceInfo	cp/content/shop/kkt/devices.php	js	240	mentioned	browser-js
apply_check_default_options	ApplyCheckDefaultOptions	cp/content/shop/kkt/kkt_root_page.php	js	608	mentioned	browser-js
apply_check_default_options__type_1	ApplyCheckDefaultOptionsType1	cp/content/shop/kkt/kkt_root_page.php	js	608	mentioned	browser-js
epc_sg_assigned_storage_ids	EpcSgAssignedStorageIds	cp/content/shop/logistics/groups/ajax_operations.php	php	188	mentioned	partial-file
epc_sg_available_storages	EpcSgAvailableStorages	cp/content/shop/logistics/groups/ajax_operations.php	php	188	mentioned	partial-file
epc_sg_h	EpcSgH	cp/content/shop/logistics/groups/ajax_operations.php	php	188	mentioned	partial-file
epc_sg_render_table	EpcSgRenderTable	cp/content/shop/logistics/groups/ajax_operations.php	php	188	mentioned	partial-file
epc_sg_storage_name_map	EpcSgStorageNameMap	cp/content/shop/logistics/groups/ajax_operations.php	php	188	mentioned	partial-file
ensureTree	EnsureTree	cp/content/shop/logistics/groups/groups.php	js	341	mentioned	browser-js
epc_sg_page_h	EpcSgPageH	cp/content/shop/logistics/groups/groups.php	php	341	mentioned	partial-file
setTableHtml	SetTableHtml	cp/content/shop/logistics/groups/groups.php	js	341	mentioned	browser-js
show_table	ShowTable	cp/content/shop/logistics/groups/groups.php	js	341	mentioned	browser-js
storages_tree_start_init	StoragesTreeStartInit	cp/content/shop/logistics/groups/groups.php	js	341	mentioned	browser-js
add_new_price_point	AddNewPricePoint	cp/content/shop/logistics/office_storages_link.php	js	931	mentioned	browser-js
delete_price_point	DeletePricePoint	cp/content/shop/logistics/office_storages_link.php	js	931	mentioned	browser-js
onGroupSelected	OnGroupSelected	cp/content/shop/logistics/office_storages_link.php	js	931	mentioned	browser-js
onStorageSelected	OnStorageSelected	cp/content/shop/logistics/office_storages_link.php	js	931	mentioned	browser-js
prices_ranges_tree_selected	PricesRangesTreeSelected	cp/content/shop/logistics/office_storages_link.php	js	931	mentioned	browser-js
storages_tree_start_init	StoragesTreeStartInit	cp/content/shop/logistics/office_storages_link.php	js	931	mentioned	browser-js
users_group_tree_start_init	UsersGroupTreeStartInit	cp/content/shop/logistics/office_storages_link.php	js	931	mentioned	browser-js
del_cash_codes	DelCashCodes	cp/content/shop/logistics/offices_cash_editor.php	js	361	mentioned	browser-js
addRecord	AddRecord	cp/content/shop/logistics/product_stock.php	js	570	gap	browser-js
datetimePickersInit	DatetimePickersInit	cp/content/shop/logistics/product_stock.php	js	570	gap	browser-js
deleteCheckedRecords	DeleteCheckedRecords	cp/content/shop/logistics/product_stock.php	js	570	gap	browser-js
refreshStorageTable	RefreshStorageTable	cp/content/shop/logistics/product_stock.php	js	570	gap	browser-js
showDatetime	ShowDatetime	cp/content/shop/logistics/product_stock.php	js	570	gap	browser-js
on_interface_changed	OnInterfaceChanged	cp/content/shop/logistics/storage.php	js	1418	mentioned	browser-js
bindStoragesFilter	BindStoragesFilter	cp/content/shop/logistics/storages.php	js	451	mentioned	browser-js
deleteStorages	DeleteStorages	cp/content/shop/logistics/storages.php	js	451	mentioned	browser-js
epc_mfr_syn_clean_name	EpcMfrSynCleanName	cp/content/shop/manufacturers_synonyms/ajax_operations.php	php	266	mentioned	partial-file
epc_mfr_syn_ensure_schema	EpcMfrSynEnsureSchema	cp/content/shop/manufacturers_synonyms/ajax_operations.php	php	266	mentioned	partial-file
manufacturer_add	ManufacturerAdd	cp/content/shop/manufacturers_synonyms/manufacturers_synonyms.php	js	529	gap	browser-js
manufacturer_del	ManufacturerDel	cp/content/shop/manufacturers_synonyms/manufacturers_synonyms.php	js	529	gap	browser-js
manufacturer_edit_otmena	ManufacturerEditOtmena	cp/content/shop/manufacturers_synonyms/manufacturers_synonyms.php	js	529	gap	browser-js
manufacturer_edit_save	ManufacturerEditSave	cp/content/shop/manufacturers_synonyms/manufacturers_synonyms.php	js	529	gap	browser-js
show_manufacturers	ShowManufacturers	cp/content/shop/manufacturers_synonyms/manufacturers_synonyms.php	js	529	gap	browser-js
show_synonyms	ShowSynonyms	cp/content/shop/manufacturers_synonyms/manufacturers_synonyms.php	js	529	gap	browser-js
synonym_add	SynonymAdd	cp/content/shop/manufacturers_synonyms/manufacturers_synonyms.php	js	529	gap	browser-js
synonym_del	SynonymDel	cp/content/shop/manufacturers_synonyms/manufacturers_synonyms.php	js	529	gap	browser-js
synonym_edit_otmena	SynonymEditOtmena	cp/content/shop/manufacturers_synonyms/manufacturers_synonyms.php	js	529	gap	browser-js
synonym_edit_save	SynonymEditSave	cp/content/shop/manufacturers_synonyms/manufacturers_synonyms.php	js	529	gap	browser-js
epc_oms_fail	EpcOmsFail	cp/content/shop/order_process/ajax_epc_orders_oms.php	php	701	mentioned	partial-file
epc_oms_lookup_warehouse_offer	EpcOmsLookupWarehouseOffer	cp/content/shop/order_process/ajax_epc_orders_oms.php	php	701	mentioned	partial-file
epc_oms_ok	EpcOmsOk	cp/content/shop/order_process/ajax_epc_orders_oms.php	php	701	mentioned	partial-file
epc_oms_storage_caption	EpcOmsStorageCaption	cp/content/shop/order_process/ajax_epc_orders_oms.php	php	701	mentioned	partial-file
epc_oms_storage_price_id	EpcOmsStoragePriceId	cp/content/shop/order_process/ajax_epc_orders_oms.php	php	701	mentioned	partial-file
deleteCartItems	DeleteCartItems	cp/content/shop/order_process/carts.php	js	874	mentioned	browser-js
filterCartsItems	FilterCartsItems	cp/content/shop/order_process/carts.php	js	874	mentioned	browser-js
goToPage	GoToPage	cp/content/shop/order_process/carts.php	js	874	mentioned	browser-js
sortCartsItems	SortCartsItems	cp/content/shop/order_process/carts.php	js	874	mentioned	browser-js
unsetFilterCartsItems	UnsetFilterCartsItems	cp/content/shop/order_process/carts.php	js	874	mentioned	browser-js
addCommentToLog	AddCommentToLog	cp/content/shop/order_process/order_card.php	js	1842	mentioned	browser-js
doc_print	DocPrint	cp/content/shop/order_process/order_card.php	js	1842	mentioned	browser-js
setComment	SetComment	cp/content/shop/order_process/order_card.php	js	1842	mentioned	browser-js
setOrderItemsStatus	SetOrderItemsStatus	cp/content/shop/order_process/order_card.php	js	1842	mentioned	browser-js
show_hide_storage_info	ShowHideStorageInfo	cp/content/shop/order_process/order_card.php	js	1842	mentioned	browser-js
str_replace_once	StrReplaceOnce	cp/content/shop/order_process/orders.php	php	1046	mentioned	partial-file
str_replace_once	StrReplaceOnce	cp/content/shop/order_process/orders_items.php	php	1096	gap	later
get_email_user	GetEmailUser	cp/content/shop/order_process/orders_items_add.php	php	304	gap	later
btn_modal_clicked	BtnModalClicked	cp/content/shop/order_process/orders_items_reload_modal.php	js	218	gap	browser-js
retun_next	RetunNext	cp/content/shop/order_process/orders_items_reload_modal.php	js	218	gap	browser-js
retun_reload	RetunReload	cp/content/shop/order_process/orders_items_reload_modal.php	js	218	gap	browser-js
a_add_item	AAddItem	cp/content/shop/order_process/statuses.php	js	1288	mentioned	browser-js
a_delete_item	ADeleteItem	cp/content/shop/order_process/statuses.php	js	1288	mentioned	browser-js
a_onSelected	AOnSelected	cp/content/shop/order_process/statuses.php	js	1288	mentioned	browser-js
a_set_for_created	ASetForCreated	cp/content/shop/order_process/statuses.php	js	1288	mentioned	browser-js
a_set_for_finish	ASetForFinish	cp/content/shop/order_process/statuses.php	js	1288	mentioned	browser-js
a_set_for_inverse	ASetForInverse	cp/content/shop/order_process/statuses.php	js	1288	mentioned	browser-js
a_set_for_paid	ASetForPaid	cp/content/shop/order_process/statuses.php	js	1288	mentioned	browser-js
a_unselect_tree	AUnselectTree	cp/content/shop/order_process/statuses.php	js	1288	mentioned	browser-js
b_add_item	BAddItem	cp/content/shop/order_process/statuses.php	js	1288	mentioned	browser-js
b_check_for_return	BCheckForReturn	cp/content/shop/order_process/statuses.php	js	1288	mentioned	browser-js
b_count_flag_inverse	BCountFlagInverse	cp/content/shop/order_process/statuses.php	js	1288	mentioned	browser-js
b_delete_item	BDeleteItem	cp/content/shop/order_process/statuses.php	js	1288	mentioned	browser-js
b_onSelected	BOnSelected	cp/content/shop/order_process/statuses.php	js	1288	mentioned	browser-js
b_set_complete_return	BSetCompleteReturn	cp/content/shop/order_process/statuses.php	js	1288	mentioned	browser-js
b_set_for_created	BSetForCreated	cp/content/shop/order_process/statuses.php	js	1288	mentioned	browser-js
b_set_for_finish	BSetForFinish	cp/content/shop/order_process/statuses.php	js	1288	mentioned	browser-js
b_set_for_return	BSetForReturn	cp/content/shop/order_process/statuses.php	js	1288	mentioned	browser-js
b_set_issue_flag_inverse	BSetIssueFlagInverse	cp/content/shop/order_process/statuses.php	js	1288	mentioned	browser-js
b_set_reject_return	BSetRejectReturn	cp/content/shop/order_process/statuses.php	js	1288	mentioned	browser-js
b_unselect_tree	BUnselectTree	cp/content/shop/order_process/statuses.php	js	1288	mentioned	browser-js
on_change_notifications_settings	OnChangeNotificationsSettings	cp/content/shop/order_process/statuses.php	js	1288	mentioned	browser-js
openColorboard	OpenColorboard	cp/content/shop/order_process/statuses.php	js	1288	mentioned	browser-js
epc_wa_guide_h	EpcWaGuideH	cp/content/shop/order_process/whatsapp_guide.php	php	166	gap	ready
epc_pay_json	EpcPayJson	cp/content/shop/payments/ajax_payments.php	php	128	mentioned	partial-file
on_system_changed	OnSystemChanged	cp/content/shop/payments/payments_configure.php	js	133	mentioned	browser-js
save_payment_config	SavePaymentConfig	cp/content/shop/payments/payments_configure.php	js	133	mentioned	browser-js
saveAccount	SaveAccount	cp/content/shop/payments/payments_main.php	js	288	mentioned	browser-js
toggleOwner	ToggleOwner	cp/content/shop/payments/payments_main.php	js	288	mentioned	browser-js
epc_prices_edit_calc_site_price	EpcPricesEditCalcSitePrice	cp/content/shop/prices_edit/epc_prices_edit_helpers.php	php	177	mentioned	partial-file
epc_prices_edit_h	EpcPricesEditH	cp/content/shop/prices_edit/epc_prices_edit_helpers.php	php	177	mentioned	partial-file
epc_prices_edit_round_price	EpcPricesEditRoundPrice	cp/content/shop/prices_edit/epc_prices_edit_helpers.php	php	177	mentioned	partial-file
clear_search	ClearSearch	cp/content/shop/prices_edit/prices.php	js	555	mentioned	browser-js
edit_otmena	EditOtmena	cp/content/shop/prices_edit/prices.php	js	555	mentioned	browser-js
edit_save	EditSave	cp/content/shop/prices_edit/prices.php	js	555	mentioned	browser-js
epcPricesEditInitTable	EpcPricesEditInitTable	cp/content/shop/prices_edit/prices.php	js	555	mentioned	browser-js
go_to_page	GoToPage	cp/content/shop/prices_edit/prices.php	js	555	mentioned	browser-js
search_items	SearchItems	cp/content/shop/prices_edit/prices.php	js	555	mentioned	browser-js
show_table	ShowTable	cp/content/shop/prices_edit/prices.php	js	555	mentioned	browser-js
epcPsCollectFilters	EpcPsCollectFilters	cp/content/shop/prices_send/prices_send.php	js	1136	mentioned	browser-js
get_users_list	GetUsersList	cp/content/shop/prices_send/prices_send.php	js	1136	mentioned	browser-js
update_price	UpdatePrice	cp/content/shop/prices_send/prices_send.php	js	1136	mentioned	browser-js
generate_price	GeneratePrice	cp/content/shop/prices_send/prices_send_helper.php	php	863	mentioned	partial-file
clear_dir	ClearDir	cp/content/shop/prices_upload/ajax_1_prepare_tmp_dir.php	php	64	mentioned	partial-file
mb_detect_encoding	MbDetectEncoding	cp/content/shop/prices_upload/ajax_4_prepare_csv.php	php	177	mentioned	partial-file
str_to_utf8	StrToUtf8	cp/content/shop/prices_upload/ajax_4_prepare_csv.php	php	177	mentioned	partial-file
prepareString	PrepareString	cp/content/shop/prices_upload/ajax_5_import_csv_to_db.php	php	416	mentioned	partial-file
epc_history_download_row	EpcHistoryDownloadRow	cp/content/shop/prices_upload/ajax_epc_price_upload_history.php	php	339	mentioned	partial-file
epc_commerce_render_source_row	EpcCommerceRenderSourceRow	cp/content/shop/prices_upload/commerce_data_upload.php	php	215	gap	later
clear_dir	ClearDir	cp/content/shop/prices_upload/for_pyprices/del_tmp_folder.php	php	102	gap	ready
str_contains	StrContains	cp/content/shop/prices_upload/for_pyprices/for_cron/crontab_writer.php	php	56	mentioned	partial-file
on_load_mode_changed	OnLoadModeChanged	cp/content/shop/prices_upload/price.php	js	741	mentioned	browser-js
epcPdlCheckMap	EpcPdlCheckMap	cp/content/shop/prices_upload/price_download_manager.php	js	424	gap	browser-js
epcPdlLinkStorages	EpcPdlLinkStorages	cp/content/shop/prices_upload/price_download_manager.php	js	424	gap	browser-js
epcPdlPost	EpcPdlPost	cp/content/shop/prices_upload/price_download_manager.php	js	424	gap	browser-js
cancel_process	CancelProcess	cp/content/shop/prices_upload/price_review/price_review.php	js	485	gap	browser-js
download_price	DownloadPrice	cp/content/shop/prices_upload/price_review/price_review.php	js	485	gap	browser-js
review_price	ReviewPrice	cp/content/shop/prices_upload/price_review/price_review.php	js	485	gap	browser-js
send_request_for_one_part	SendRequestForOnePart	cp/content/shop/prices_upload/price_review/price_review.php	js	485	gap	browser-js
cron_task_open	CronTaskOpen	cp/content/shop/prices_upload/prices_manager.php	js	2908	mentioned	browser-js
cron_tasks_list_open	CronTasksListOpen	cp/content/shop/prices_upload/prices_manager.php	js	2908	mentioned	browser-js
cron_tasks_refresh_indications	CronTasksRefreshIndications	cp/content/shop/prices_upload/prices_manager.php	js	2908	mentioned	browser-js
del_tmp_folder	DelTmpFolder	cp/content/shop/prices_upload/prices_manager.php	js	2908	mentioned	browser-js
deletePrices	DeletePrices	cp/content/shop/prices_upload/prices_manager.php	js	2908	mentioned	browser-js
do_not_show_instructions_any_more	DoNotShowInstructionsAnyMore	cp/content/shop/prices_upload/prices_manager.php	js	2908	mentioned	browser-js
epc_lazy_load_price_history_indicators	EpcLazyLoadPriceHistoryIndicators	cp/content/shop/prices_upload/prices_manager.php	js	2908	mentioned	browser-js
epc_load_pyprices_health	EpcLoadPypricesHealth	cp/content/shop/prices_upload/prices_manager.php	js	2908	mentioned	browser-js
execute_checked	ExecuteChecked	cp/content/shop/prices_upload/prices_manager.php	js	2908	mentioned	browser-js
execute_checked_multi	ExecuteCheckedMulti	cp/content/shop/prices_upload/prices_manager.php	js	2908	mentioned	browser-js
external_tasks_account	ExternalTasksAccount	cp/content/shop/prices_upload/prices_manager.php	js	2908	mentioned	browser-js
get_price_object	GetPriceObject	cp/content/shop/prices_upload/prices_manager.php	js	2908	mentioned	browser-js
indicate_task_result	IndicateTaskResult	cp/content/shop/prices_upload/prices_manager.php	js	2908	mentioned	browser-js
prepare_task	PrepareTask	cp/content/shop/prices_upload/prices_manager.php	js	2908	mentioned	browser-js
pyprices_deploy	PypricesDeploy	cp/content/shop/prices_upload/prices_manager.php	js	2908	mentioned	browser-js
show_modalTaskResult	ShowModalTaskResult	cp/content/shop/prices_upload/prices_manager.php	js	2908	mentioned	browser-js
show_pyprices_instructions	ShowPypricesInstructions	cp/content/shop/prices_upload/prices_manager.php	js	2908	mentioned	browser-js
start_pyprices	StartPyprices	cp/content/shop/prices_upload/prices_manager.php	js	2908	mentioned	browser-js
epcGuideRunHealth	EpcGuideRunHealth	cp/content/shop/prices_upload/prices_upload_guide.php	js	711	gap	browser-js
epc_guide_format_list_names	EpcGuideFormatListNames	cp/content/shop/prices_upload/prices_upload_guide.php	php	711	gap	later
clear_dir	ClearDir	cp/content/shop/prices_upload/upload_file.php	php	623	gap	later
complete_session	CompleteSession	cp/content/shop/prices_upload/upload_file.php	js	623	gap	browser-js
csv_prepare	CsvPrepare	cp/content/shop/prices_upload/upload_file.php	js	623	gap	browser-js
downloadFile	DownloadFile	cp/content/shop/prices_upload/upload_file.php	php	623	gap	later
excel_convert	ExcelConvert	cp/content/shop/prices_upload/upload_file.php	js	623	gap	browser-js
import_csv_to_db	ImportCsvToDb	cp/content/shop/prices_upload/upload_file.php	js	623	gap	browser-js
submitForm	SubmitForm	cp/content/shop/prices_upload/upload_file.php	js	623	gap	browser-js
table_enable_keys	TableEnableKeys	cp/content/shop/prices_upload/upload_file.php	js	623	gap	browser-js
epc_pm_storage_handle_post	EpcPmStorageHandlePost	cp/content/shop/pricing/epc_pm_storage_panel.php	php	537	mentioned	partial-file
epc_pm_storage_list	EpcPmStorageList	cp/content/shop/pricing/epc_pm_storage_panel.php	php	537	mentioned	partial-file
epc_pm_storage_render_section	EpcPmStorageRenderSection	cp/content/shop/pricing/epc_pm_storage_panel.php	php	537	mentioned	partial-file
epc_pm_storage_rules_bundle	EpcPmStorageRulesBundle	cp/content/shop/pricing/epc_pm_storage_panel.php	php	537	mentioned	partial-file
epc_pm_build_demo_scenarios	EpcPmBuildDemoScenarios	cp/content/shop/pricing/price_management.php	php	1014	mentioned	partial-file
epc_pm_format_breakdown_steps	EpcPmFormatBreakdownSteps	cp/content/shop/pricing/price_management.php	php	1014	mentioned	partial-file
epc_pm_group_name	EpcPmGroupName	cp/content/shop/pricing/price_management.php	php	1014	mentioned	partial-file
epc_pm_h	EpcPmH	cp/content/shop/pricing/price_management.php	php	1014	mentioned	partial-file
epc_pm_profile_code	EpcPmProfileCode	cp/content/shop/pricing/price_management.php	php	1014	mentioned	partial-file
select_office	SelectOffice	cp/content/shop/print_docs/print_doc_tuning.php	js	493	mentioned	browser-js
something_changed	SomethingChanged	cp/content/shop/print_docs/print_doc_tuning.php	js	493	mentioned	browser-js
epc_proc_json	EpcProcJson	cp/content/shop/procurement/ajax_procurement.php	php	127	mentioned	partial-file
epc_quote_alt_json	EpcQuoteAltJson	cp/content/shop/quote_requests/ajax_epc_quote_alt_options.php	php	315	mentioned	partial-file
epc_quote_alt_list_warehouses	EpcQuoteAltListWarehouses	cp/content/shop/quote_requests/ajax_epc_quote_alt_options.php	php	315	mentioned	partial-file
epc_quote_alt_pair_key	EpcQuoteAltPairKey	cp/content/shop/quote_requests/ajax_epc_quote_alt_options.php	php	315	mentioned	partial-file
epc_quote_customer_details	EpcQuoteCustomerDetails	cp/content/shop/quote_requests/quote_requests.php	php	704	mentioned	partial-file
epc_quote_ensure_alternative_columns	EpcQuoteEnsureAlternativeColumns	cp/content/shop/quote_requests/quote_requests.php	php	704	mentioned	partial-file
epc_returns_closed_status_id	EpcReturnsClosedStatusId	cp/content/shop/returns/epc_returns_process.php	php	155	mentioned	partial-file
epc_returns_open_status_id	EpcReturnsOpenStatusId	cp/content/shop/returns/epc_returns_process.php	php	155	mentioned	partial-file
epc_returns_order_ids	EpcReturnsOrderIds	cp/content/shop/returns/epc_returns_process.php	php	155	mentioned	partial-file
epc_returns_primary_order_id	EpcReturnsPrimaryOrderId	cp/content/shop/returns/epc_returns_process.php	php	155	mentioned	partial-file
epc_returns_status_id_by_caption_keys	EpcReturnsStatusIdByCaptionKeys	cp/content/shop/returns/epc_returns_process.php	php	155	mentioned	partial-file
exec_action	ExecAction	cp/content/shop/sao/actions_exec_propocol.php	js	150	gap	browser-js
redraw_order_item	RedrawOrderItem	cp/content/shop/sao/actions_exec_propocol.php	js	150	gap	browser-js
onchange_statistics_type_select	OnchangeStatisticsTypeSelect	cp/content/shop/statistics/statistics.php	js	106	gap	browser-js
epcThApplyTemplate	EpcThApplyTemplate	cp/content/shop/tenant_hub/tenant_hub_main.php	js	462	gap	browser-js
epc_tenant_hub_render_main	EpcTenantHubRenderMain	cp/content/shop/tenant_hub/tenant_hub_main.php	php	462	gap	later
epc_ws_h	EpcWsH	cp/content/shop/workshop/workshop_main_page.php	php	379	mentioned	partial-file
removeNotEmptyDir	RemoveNotEmptyDir	cp/content/templates_control/templates_manager.php	php	617	mentioned	partial-file
set_edit_mode	SetEditMode	cp/content/templates_control/templates_manager.php	js	617	mentioned	browser-js
epc_cm_json	EpcCmJson	cp/content/users/ajax_customer_mgmt.php	php	68	mentioned	partial-file
epc_ca_h	EpcCaH	cp/content/users/epc_customer_approvals.php	php	230	gap	later
addGroupToDump	AddGroupToDump	cp/content/users/get_group_records.php	php	93	retired	skip
to_filter_handler	ToFilterHandler	cp/content/users/reg_fields_edit.php	js	675	gap	browser-js
to_users_table_handler	ToUsersTableHandler	cp/content/users/reg_fields_edit.php	js	675	gap	browser-js
getBlockStyle	GetBlockStyle	cp/content/users/statistics/app.php	php	364	gap	later
go_to_statistics	GoToStatistics	cp/content/users/user.php	js	1612	mentioned	browser-js
groups_tree_init	GroupsTreeInit	cp/content/users/user.php	js	1612	mentioned	browser-js
locationBalance	LocationBalance	cp/content/users/user.php	js	1612	mentioned	browser-js
locationOrders	LocationOrders	cp/content/users/user.php	js	1612	mentioned	browser-js
setComment	SetComment	cp/content/users/user.php	js	1612	mentioned	browser-js
checkGroupsFlags	CheckGroupsFlags	cp/content/users/user_groups.php	js	888	mentioned	browser-js
debug_func	DebugFunc	cp/content/users/user_groups.php	js	888	mentioned	browser-js
getLinearListOfGroups	GetLinearListOfGroups	cp/content/users/user_groups.php	php	888	mentioned	partial-file
group_start_init	GroupStartInit	cp/content/users/user_groups.php	js	888	mentioned	browser-js
lock_unlock	LockUnlock	cp/content/users/user_groups.php	js	888	mentioned	browser-js
setForBackend	SetForBackend	cp/content/users/user_groups.php	js	888	mentioned	browser-js
setForGuests	SetForGuests	cp/content/users/user_groups.php	js	888	mentioned	browser-js
setForPercentage	SetForPercentage	cp/content/users/user_groups.php	js	888	mentioned	browser-js
setForRegistrated	SetForRegistrated	cp/content/users/user_groups.php	js	888	mentioned	browser-js
goToPage	GoToPage	cp/content/users/user_manager.php	js	1256	mentioned	browser-js
locationBalance	LocationBalance	cp/content/users/user_manager.php	js	1256	mentioned	browser-js
locationOrders	LocationOrders	cp/content/users/user_manager.php	js	1256	mentioned	browser-js
printCatalogueBranch	PrintCatalogueBranch	cp/modules/left_cp_menu/catalogue_menu_helper.php	php	93	retired	skip
on_auth_contact_select_changed	OnAuthContactSelectChanged	cp/plugins/authentication/login_form/template.php	js	209	gap	browser-js
epc_cp_auth_plugin_file	EpcCpAuthPluginFile	cp/plugins/authentication/plugin.php	php	548	mentioned	partial-file
getBackendGroups	GetBackendGroups	cp/plugins/authentication/plugin.php	php	548	mentioned	partial-file
dp_news_hidden	DpNewsHidden	cp/templates/bootstrap_admin/desktop.php	js	1545	mentioned	browser-js
epcCpCleanTextNodes	EpcCpCleanTextNodes	cp/templates/bootstrap_admin/desktop.php	js	1545	mentioned	browser-js
epcFixCpSidebarScroll	EpcFixCpSidebarScroll	cp/templates/bootstrap_admin/desktop.php	js	1545	mentioned	browser-js
print_backend_button	PrintBackendButton	cp/templates/bootstrap_admin/desktop.php	php	1545	mentioned	partial-file
scheduleSidebarScrollFix	ScheduleSidebarScrollFix	cp/templates/bootstrap_admin/desktop.php	js	1545	mentioned	browser-js
scheduleSidebarScrollFixDebounced	ScheduleSidebarScrollFixDebounced	cp/templates/bootstrap_admin/desktop.php	js	1545	mentioned	browser-js
show_hint	ShowHint	cp/templates/bootstrap_admin/desktop.php	js	1545	mentioned	browser-js
update_cnt_not_viewed_msg	UpdateCntNotViewedMsg	cp/templates/bootstrap_admin/desktop.php	js	1545	mentioned	browser-js
update_cnt_not_viewed_msg_returns	UpdateCntNotViewedMsgReturns	cp/templates/bootstrap_admin/desktop.php	js	1545	mentioned	browser-js
update_for_paid_orders_info	UpdateForPaidOrdersInfo	cp/templates/bootstrap_admin/desktop.php	js	1545	mentioned	browser-js
update_viewed_info	UpdateViewedInfo	cp/templates/bootstrap_admin/desktop.php	js	1545	mentioned	browser-js
update_viewed_info_returns	UpdateViewedInfoReturns	cp/templates/bootstrap_admin/desktop.php	js	1545	mentioned	browser-js
update_viewed_users_vin_info	UpdateViewedUsersVinInfo	cp/templates/bootstrap_admin/desktop.php	js	1545	mentioned	browser-js
epc_license_info	EpcLicenseInfo	deploy/on-premises/epc_license_manager.php	php	561	gap	later
epc_license_module_allowed	EpcLicenseModuleAllowed	deploy/on-premises/epc_license_manager.php	php	561	gap	later
epc_license_valid	EpcLicenseValid	deploy/on-premises/epc_license_manager.php	php	561	gap	later
epc_price_history_count_brands	EpcPriceHistoryCountBrands	docpart_price_upload_history.php	php	301	mentioned	partial-file
epc_price_history_count_items	EpcPriceHistoryCountItems	docpart_price_upload_history.php	php	301	mentioned	partial-file
epc_price_history_exists_source_ref	EpcPriceHistoryExistsSourceRef	docpart_price_upload_history.php	php	301	mentioned	partial-file
epc_price_history_get_row	EpcPriceHistoryGetRow	docpart_price_upload_history.php	php	301	mentioned	partial-file
epc_price_history_list	EpcPriceHistoryList	docpart_price_upload_history.php	php	301	mentioned	partial-file
epc_price_history_log_pyprices_task	EpcPriceHistoryLogPypricesTask	docpart_price_upload_history.php	php	301	mentioned	partial-file
epc_price_history_storage_root	EpcPriceHistoryStorageRoot	docpart_price_upload_history.php	php	301	mentioned	partial-file
ecp_hotfix_patch_file	EcpHotfixPatchFile	ecomae-cp-hotfix-mini.php	php	194	ops-script	skip
epc_portal_is_super_cp_host	EpcPortalIsSuperCpHost	ecomae-cp-hotfix-mini.php	php	194	ops-script	skip
ecp_redir_probe	EcpRedirProbe	ecomae-cp-redirect-vhost.php	php	103	ops-script	skip
ecomae_backend_group_ids	EcomaeBackendGroupIds	ecomae-ensure-platform-admin.php	php	123	ops-script	skip
ecp_fix_probe	EcpFixProbe	ecomae-fix-cp-hostname.php	js	91	ops-script	browser-js
ecp_probe	EcpProbe	ecomae-fix-epartscart.php	php	143	ops-script	skip
ecomae_fix_cp_delegate_index	EcomaeFixCpDelegateIndex	ecomae-super-cp-setup.php	php	265	ops-script	skip
ecomae_super_cp_file_bundle	EcomaeSuperCpFileBundle	ecomae-super-cp-setup.php	php	265	ops-script	skip
ecomae_super_cp_is_entry	EcomaeSuperCpIsEntry	ecomae-super-cp-setup.php	php	265	ops-script	skip
ecomae_super_cp_materialize_files	EcomaeSuperCpMaterializeFiles	ecomae-super-cp-setup.php	php	265	ops-script	skip
epc_th_lang	EpcThLang	ecomae-super-cp-setup.php	js	265	ops-script	browser-js
epc_th_register_content	EpcThRegisterContent	ecomae-super-cp-setup.php	js	265	ops-script	browser-js
ecp_sync_probe	EcpSyncProbe	ecomae-sync-cp-site.php	php	143	mentioned	partial-file
ecomae_sync_tree	EcomaeSyncTree	ecomae-sync-www-to-cp.php	php	93	mentioned	partial-file
epc_8080_probe	Epc8080Probe	epc-8080-backend-fix.php	php	141	ops-script	skip
epc_acc_cp_lang	EpcAccCpLang	epc-accessories-cp-setup.php	php	220	ops-script	skip
epc_acc_content	EpcAccContent	epc-accessories-setup.php	php	446	ops-script	skip
epc_acc_find_cat_id	EpcAccFindCatId	epc-accessories-setup.php	php	446	ops-script	skip
epc_acc_is_accessories_item	EpcAccIsAccessoriesItem	epc-accessories-setup.php	php	446	ops-script	skip
epc_acc_is_product_parent	EpcAccIsProductParent	epc-accessories-setup.php	php	446	ops-script	skip
epc_acc_menu_en_label	EpcAccMenuEnLabel	epc-accessories-setup.php	php	446	ops-script	skip
epc_acc_menu_item	EpcAccMenuItem	epc-accessories-setup.php	php	446	ops-script	skip
epc_acc_menu_label_key	EpcAccMenuLabelKey	epc-accessories-setup.php	php	446	ops-script	skip
epc_acc_tr	EpcAccTr	epc-accessories-setup.php	php	446	ops-script	skip
epc_atfr_fetch	EpcAtfrFetch	epc-all-tasks-final-report.php	php	174	ops-script	skip
epc_atfr_status	EpcAtfrStatus	epc-all-tasks-final-report.php	php	174	ops-script	skip
epc_apai_timing_admin_cookie	EpcApaiTimingAdminCookie	epc-apai-tab-timing.php	php	121	ops-script	skip
epc_accs_lang	EpcAccsLang	epc-api-clients-cp-setup.php	php	117	ops-script	skip
epc_acs_upsert	EpcAcsUpsert	epc-api-clients-setup.php	php	81	ops-script	skip
epc_adcs_lang	EpcAdcsLang	epc-api-documentation-cp-setup.php	php	118	mentioned	partial-file
epc_aks_make_key	EpcAksMakeKey	epc-api-keys-setup.php	php	89	mentioned	partial-file
epc_aks_upsert_key	EpcAksUpsertKey	epc-api-keys-setup.php	php	89	mentioned	partial-file
epc_apr_line	EpcAprLine	epc-apply-pdf-recommendations.php	php	142	ops-script	skip
epc_asap_iso_clone_schema	EpcAsapIsoCloneSchema	epc-asap-db-isolate.php	php	291	ops-script	skip
epc_asap_iso_cp_admin	EpcAsapIsoCpAdmin	epc-asap-db-isolate.php	php	291	ops-script	skip
epc_asap_iso_platform_pdo	EpcAsapIsoPlatformPdo	epc-asap-db-isolate.php	php	291	ops-script	skip
epc_asap_iso_provision_db	EpcAsapIsoProvisionDb	epc-asap-db-isolate.php	php	291	ops-script	skip
epc_asap_iso_tenant_exists	EpcAsapIsoTenantExists	epc-asap-db-isolate.php	php	291	ops-script	skip
epc_asap_cp_admin	EpcAsapCpAdmin	epc-asap-erp-onboard.php	php	293	mentioned	partial-file
epc_asap_platform_pdo	EpcAsapPlatformPdo	epc-asap-erp-onboard.php	php	293	mentioned	partial-file
epc_asap_probe	EpcAsapProbe	epc-asap-erp-onboard.php	php	293	mentioned	partial-file
epc_asap_tenant_db_creds	EpcAsapTenantDbCreds	epc-asap-erp-onboard.php	php	293	mentioned	partial-file
epc_apai_fix_probe_url	EpcApaiFixProbeUrl	epc-auto-price-storefront-fix.php	php	87	ops-script	skip
epc_aw_lang	EpcAwLang	epc-autoworkshop-setup.php	php	178	ops-script	skip
epc_aw_upsert_content	EpcAwUpsertContent	epc-autoworkshop-setup.php	php	178	ops-script	skip
epc_bc_h	EpcBcH	epc-blockchain-verify.php	php	155	mentioned	partial-file
epc_boc_setup_lang	EpcBocSetupLang	epc-boc-setup.php	php	150	ops-script	skip
epc_boc_setup_page	EpcBocSetupPage	epc-boc-setup.php	php	150	ops-script	skip
epc_brochure_content_tree_meta	EpcBrochureContentTreeMeta	epc-brochure-setup.php	php	375	ops-script	skip
epc_brochure_setup_access_groups	EpcBrochureSetupAccessGroups	epc-brochure-setup.php	php	375	ops-script	skip
epc_brochure_setup_lang	EpcBrochureSetupLang	epc-brochure-setup.php	php	375	ops-script	skip
epc_brochure_setup_menu	EpcBrochureSetupMenu	epc-brochure-setup.php	php	375	ops-script	skip
epc_brochure_setup_pdo	EpcBrochureSetupPdo	epc-brochure-setup.php	php	375	ops-script	skip
epc_brochure_upsert_content	EpcBrochureUpsertContent	epc-brochure-setup.php	php	375	ops-script	skip
epc_bu_cp_lang	EpcBuCpLang	epc-bulk-upload-cp-setup.php	php	203	ops-script	skip
epc_bulk_lang	EpcBulkLang	epc-bulk-upload-setup.php	php	51	ops-script	skip
epc_bulk_scalar	EpcBulkScalar	epc-bulk-upload-setup.php	php	51	ops-script	skip
epc_ch_lang	EpcChLang	epc-channels-setup.php	php	137	mentioned	partial-file
epc_ch_register_content	EpcChRegisterContent	epc-channels-setup.php	php	137	mentioned	partial-file
epc_cti_clear_transactional	EpcCtiClearTransactional	epc-client-tenant-db-isolate.php	php	439	ops-script	skip
epc_cti_connects	EpcCtiConnects	epc-client-tenant-db-isolate.php	php	439	ops-script	skip
epc_cti_count_bank	EpcCtiCountBank	epc-client-tenant-db-isolate.php	php	439	ops-script	skip
epc_cti_count_orders	EpcCtiCountOrders	epc-client-tenant-db-isolate.php	php	439	ops-script	skip
epc_cti_isolate_one	EpcCtiIsolateOne	epc-client-tenant-db-isolate.php	php	439	ops-script	skip
epc_cti_pdo	EpcCtiPdo	epc-client-tenant-db-isolate.php	php	439	ops-script	skip
epc_cti_platform_pdo	EpcCtiPlatformPdo	epc-client-tenant-db-isolate.php	php	439	ops-script	skip
epc_cti_schema_migrate	EpcCtiSchemaMigrate	epc-client-tenant-db-isolate.php	php	439	ops-script	skip
epc_cti_sort_keys	EpcCtiSortKeys	epc-client-tenant-db-isolate.php	php	439	ops-script	skip
epc_cti_table_count	EpcCtiTableCount	epc-client-tenant-db-isolate.php	php	439	ops-script	skip
epc_cti_transactional_tables	EpcCtiTransactionalTables	epc-client-tenant-db-isolate.php	php	439	ops-script	skip
clp_put_file	ClpPutFile	epc-clp-suspend-site.php	php	69	ops-script	skip
epc_commerce_setup_ensure_content	EpcCommerceSetupEnsureContent	epc-commerce-prices-setup.php	php	177	ops-script	skip
epc_cp_backend_group_ids	EpcCpBackendGroupIds	epc-cp-admin-reset.php	php	178	ops-script	skip
epc_cp_bind_backend_groups	EpcCpBindBackendGroups	epc-cp-admin-reset.php	php	178	ops-script	skip
epc_cp_upsert_admin	EpcCpUpsertAdmin	epc-cp-admin-reset.php	php	178	ops-script	skip
epc_parity_probe_oms	EpcParityProbeOms	epc-cp-common-parity-setup.php	php	203	ops-script	skip
epc_cca_deploy_rel	EpcCcaDeployRel	epc-cp-content-audit.php	php	235	ops-script	skip
epc_cca_lang	EpcCcaLang	epc-cp-content-audit.php	php	235	ops-script	skip
epc_cca_run_setup	EpcCcaRunSetup	epc-cp-content-audit.php	php	235	ops-script	skip
epc_cfs_analyze_html	EpcCfsAnalyzeHtml	epc-cp-fatal-scan.php	php	327	ops-script	skip
epc_cfs_cfg	EpcCfsCfg	epc-cp-fatal-scan.php	php	327	ops-script	skip
epc_cfs_check_php_file	EpcCfsCheckPhpFile	epc-cp-fatal-scan.php	php	327	ops-script	skip
epc_cfs_curl	EpcCfsCurl	epc-cp-fatal-scan.php	php	327	ops-script	skip
epc_cfs_login_cookie	EpcCfsLoginCookie	epc-cp-fatal-scan.php	php	327	ops-script	skip
epc_cfa_curl	EpcCfaCurl	epc-cp-full-audit.php	php	366	ops-script	skip
epc_cfa_issue	EpcCfaIssue	epc-cp-full-audit.php	php	366	ops-script	skip
epc_cfa_json	EpcCfaJson	epc-cp-full-audit.php	php	366	ops-script	skip
epc_cfa_tenant_cfg	EpcCfaTenantCfg	epc-cp-full-audit.php	php	366	ops-script	skip
epc_cpg_access_groups	EpcCpgAccessGroups	epc-cp-guideline-setup.php	php	263	ops-script	skip
epc_cpg_backend_group_ids	EpcCpgBackendGroupIds	epc-cp-guideline-setup.php	php	263	ops-script	skip
epc_cpg_lang	EpcCpgLang	epc-cp-guideline-setup.php	php	263	ops-script	skip
epc_menu_parity_probe	EpcMenuParityProbe	epc-cp-menu-parity-setup.php	php	124	ops-script	skip
epc_cpo_backend_user_ids	EpcCpoBackendUserIds	epc-cp-orders-setup-all.php	php	229	ops-script	skip
epc_cpo_menu_orders	EpcCpoMenuOrders	epc-cp-orders-setup-all.php	php	229	ops-script	skip
epc_cpo_office_users_merge	EpcCpoOfficeUsersMerge	epc-cp-orders-setup-all.php	php	229	ops-script	skip
epc_cpo_setup_pdo	EpcCpoSetupPdo	epc-cp-orders-setup-all.php	php	229	ops-script	skip
epc_cpo_setup_tenant	EpcCpoSetupTenant	epc-cp-orders-setup-all.php	php	229	ops-script	skip
epc_cpo_sync_office_users	EpcCpoSyncOfficeUsers	epc-cp-orders-setup-all.php	php	229	ops-script	skip
epc_cp_diag_access	EpcCpDiagAccess	epc-cp-pages-diagnostic.php	php	139	ops-script	skip
epc_cp_diag_render	EpcCpDiagRender	epc-cp-pages-diagnostic.php	php	139	ops-script	skip
epc_cp_portal_menu_rows	EpcCpPortalMenuRows	epc-cp-portal-menu-setup-all.php	php	235	ops-script	skip
epc_cp_portal_register_visual_content	EpcCpPortalRegisterVisualContent	epc-cp-portal-menu-setup-all.php	php	235	ops-script	skip
epc_cp_portal_setup_connect	EpcCpPortalSetupConnect	epc-cp-portal-menu-setup-all.php	php	235	ops-script	skip
epc_cp_system_menu_cleanup_preview	EpcCpSystemMenuCleanupPreview	epc-cp-system-menu-cleanup-all.php	php	134	mentioned	partial-file
epc_cred_audit_db	EpcCredAuditDb	epc-credentials-audit.php	php	744	ops-script	skip
epc_cred_backend_group_ids	EpcCredBackendGroupIds	epc-credentials-audit.php	php	744	ops-script	skip
epc_cred_db_has_users	EpcCredDbHasUsers	epc-credentials-audit.php	php	744	ops-script	skip
epc_cred_discover_databases	EpcCredDiscoverDatabases	epc-credentials-audit.php	php	744	ops-script	skip
epc_cred_http_login	EpcCredHttpLogin	epc-credentials-audit.php	php	744	ops-script	skip
epc_cred_known_virtual_tenants	EpcCredKnownVirtualTenants	epc-credentials-audit.php	php	744	ops-script	skip
epc_cred_password_candidates	EpcCredPasswordCandidates	epc-credentials-audit.php	php	744	ops-script	skip
epc_cred_pdo_for_creds	EpcCredPdoForCreds	epc-credentials-audit.php	php	744	ops-script	skip
epc_cred_platform_cfg_db	EpcCredPlatformCfgDb	epc-credentials-audit.php	php	744	ops-script	skip
epc_cred_reset_asap_admin	EpcCredResetAsapAdmin	epc-credentials-audit.php	php	744	ops-script	skip
epc_cred_tenant_pdo	EpcCredTenantPdo	epc-credentials-audit.php	php	744	ops-script	skip
epc_cred_test_password	EpcCredTestPassword	epc-credentials-audit.php	php	744	ops-script	skip
epc_cred_user_display_name	EpcCredUserDisplayName	epc-credentials-audit.php	php	744	ops-script	skip
epc_crm_hide_standalone_cp	EpcCrmHideStandaloneCp	epc-crm-cp-setup.php	php	68	ops-script	skip
epc_cs_register_content	EpcCsRegisterContent	epc-custom-shipping-setup.php	php	194	mentioned	partial-file
epc_cs_setup_lang	EpcCsSetupLang	epc-custom-shipping-setup.php	php	194	mentioned	partial-file
epc_cm_lang	EpcCmLang	epc-customer-mgmt-cp-setup.php	php	141	ops-script	skip
epc_cm_register_content	EpcCmRegisterContent	epc-customer-mgmt-cp-setup.php	php	141	ops-script	skip
epc_dc_lang	EpcDcLang	epc-demand-countries-cp-setup.php	php	150	ops-script	skip
epc_di_content	EpcDiContent	epc-demand-intelligence-setup.php	php	194	ops-script	skip
epc_di_href_matches	EpcDiHrefMatches	epc-demand-intelligence-setup.php	php	194	ops-script	skip
epc_di_menu_item	EpcDiMenuItem	epc-demand-intelligence-setup.php	php	194	ops-script	skip
epc_di_menu_item_child	EpcDiMenuItemChild	epc-demand-intelligence-setup.php	php	194	ops-script	skip
epc_di_translation	EpcDiTranslation	epc-demand-intelligence-setup.php	php	194	ops-script	skip
epc_demo_cp_autologin_fail	EpcDemoCpAutologinFail	epc-demo-cp-autologin.php	php	105	ops-script	skip
epc_demo_setup_lang	EpcDemoSetupLang	epc-demo-setup.php	php	123	ops-script	skip
epc_ddf_clp_create_docpart_database	EpcDdfClpCreateDocpartDatabase	epc-docpart-db-fix.php	php	389	ops-script	skip
epc_ddf_clp_import_docpart_from_epartscart	EpcDdfClpImportDocpartFromEpartscart	epc-docpart-db-fix.php	php	389	ops-script	skip
epc_ddf_clp_recreate_docpart_user	EpcDdfClpRecreateDocpartUser	epc-docpart-db-fix.php	php	389	ops-script	skip
epc_ddf_probe	EpcDdfProbe	epc-docpart-db-fix.php	php	389	ops-script	skip
epc_ddf_try_docpart_pdo	EpcDdfTryDocpartPdo	epc-docpart-db-fix.php	php	389	ops-script	skip
epc_dc_setup_connect	EpcDcSetupConnect	epc-document-control-cp-setup-all.php	php	149	mentioned	partial-file
epc_bulk_docroots	EpcBulkDocroots	epc-ecomae-bulk-deploy.php	php	144	ops-script	skip
ecomae_finish_put	EcomaeFinishPut	epc-ecomae-cp-finish.php	php	165	ops-script	skip
epc_ecomae_deploy_chunks	EpcEcomaeDeployChunks	epc-ecomae-deploy-portal.php	php	218	ops-script	skip
epc_ecomae_log	EpcEcomaeLog	epc-ecomae-deploy-portal.php	php	218	ops-script	skip
epc_ecomae_mirror	EpcEcomaeMirror	epc-ecomae-deploy-portal.php	php	218	ops-script	skip
epc_ecomae_write_config	EpcEcomaeWriteConfig	epc-ecomae-deploy-portal.php	php	218	ops-script	skip
ecomae_chunk_deploy	EcomaeChunkDeploy	epc-ecomae-deploy-via-clp.php	php	233	ops-script	skip
ecomae_clp_put_file	EcomaeClpPutFile	epc-ecomae-deploy-via-clp.php	php	233	ops-script	skip
ecomae_log	EcomaeLog	epc-ecomae-deploy-via-clp.php	php	233	ops-script	skip
epc_eff_probe	EpcEffProbe	epc-ecomae-first-fix.php	php	126	ops-script	skip
epc_eff_run	EpcEffRun	epc-ecomae-first-fix.php	php	126	ops-script	skip
epc_recover_probe	EpcRecoverProbe	epc-ecomae-origin-recover.php	php	133	ops-script	skip
ecomae_put	EcomaePut	epc-ecomae-pack-full.php	php	227	ops-script	skip
ecomae_patch_put	EcomaePatchPut	epc-ecomae-patch-dp-core.php	php	91	ops-script	skip
ecomae_check	EcomaeCheck	epc-ecomae-platform-check.php	php	104	ops-script	skip
ecomae_deploy_put	EcomaeDeployPut	epc-ecomae-platform-deploy.php	php	279	ops-script	skip
ecomae_tar_extract	EcomaeTarExtract	epc-ecomae-platform-deploy.php	php	279	ops-script	skip
clp_restore_live_index	ClpRestoreLiveIndex	epc-ecomae-register-tenant.php	php	370	ops-script	skip
clp_update_docroot	ClpUpdateDocroot	epc-ecomae-register-tenant.php	php	370	ops-script	skip
epc_reg_clp_put	EpcRegClpPut	epc-ecomae-register-tenant.php	php	370	ops-script	skip
probe_url	ProbeUrl	epc-ecomae-register-tenant.php	php	370	ops-script	skip
ecomae_ensure_erp_tables	EcomaeEnsureErpTables	epc-ecomae-tenant-setup.php	php	364	ops-script	skip
ecomae_set_company_profile	EcomaeSetCompanyProfile	epc-ecomae-tenant-setup.php	php	364	ops-script	skip
epc_el_probe	EpcElProbe	epc-electronicae-storefront-live.php	php	105	ops-script	skip
epc_elec_probe	EpcElecProbe	epc-electronicae-virgin-theme.php	php	213	ops-script	skip
epc_cata_setup_copy_acl	EpcCataSetupCopyAcl	epc-eparts-cata-setup.php	php	197	ops-script	skip
epc_cata_setup_lang	EpcCataSetupLang	epc-eparts-cata-setup.php	php	197	ops-script	skip
epc_ep_cp_probe	EpcEpCpProbe	epc-epartscart-cp-fix.php	php	250	ops-script	skip
epc_edr_probe	EpcEdrProbe	epc-epartscart-db-recover.php	php	144	ops-script	skip
epc_edr_release_php_fpm	EpcEdrReleasePhpFpm	epc-epartscart-db-recover.php	php	144	ops-script	skip
epc_epartscart_restore_probe	EpcEpartscartRestoreProbe	epc-epartscart-legacy-restore.php	php	190	ops-script	skip
epc_epc_php_probe	EpcEpcPhpProbe	epc-epartscart-php-storefront-fix.php	php	163	ops-script	skip
epc_epc_prices_ensure_content	EpcEpcPricesEnsureContent	epc-epartscart-prices-cp-fix.php	php	327	ops-script	skip
epc_epc_prices_sync_access	EpcEpcPricesSyncAccess	epc-epartscart-prices-cp-fix.php	php	327	ops-script	skip
epc_epsl_origin_cert	EpcEpslOriginCert	epc-epartscart-ssl-fix.php	php	135	ops-script	skip
epc_epsl_probe	EpcEpslProbe	epc-epartscart-ssl-fix.php	php	135	ops-script	skip
epc_epc_probe	EpcEpcProbe	epc-epartscart-supercp-cutover.php	php	275	ops-script	skip
epc_mig_backup_roots	EpcMigBackupRoots	epc-epartscart-vps-backup.php	php	548	mentioned	partial-file
epc_mig_dns_hints	EpcMigDnsHints	epc-epartscart-vps-backup.php	php	548	mentioned	partial-file
epc_mig_docroots	EpcMigDocroots	epc-epartscart-vps-backup.php	php	548	mentioned	partial-file
epc_mig_dump_sql	EpcMigDumpSql	epc-epartscart-vps-backup.php	php	548	mentioned	partial-file
epc_mig_gzip_file	EpcMigGzipFile	epc-epartscart-vps-backup.php	php	548	mentioned	partial-file
epc_mig_inventory	EpcMigInventory	epc-epartscart-vps-backup.php	php	548	mentioned	partial-file
epc_mig_json	EpcMigJson	epc-epartscart-vps-backup.php	php	548	mentioned	partial-file
epc_mig_load_cfg	EpcMigLoadCfg	epc-epartscart-vps-backup.php	php	548	mentioned	partial-file
epc_mig_nginx_inventory	EpcMigNginxInventory	epc-epartscart-vps-backup.php	php	548	mentioned	partial-file
epc_mig_sql_value	EpcMigSqlValue	epc-epartscart-vps-backup.php	php	548	mentioned	partial-file
epc_mig_tar_docroot	EpcMigTarDocroot	epc-epartscart-vps-backup.php	php	548	mentioned	partial-file
epc_mig_tenant_db_credentials	EpcMigTenantDbCredentials	epc-epartscart-vps-backup.php	php	548	mentioned	partial-file
epc_mig_tenant_export	EpcMigTenantExport	epc-epartscart-vps-backup.php	php	548	mentioned	partial-file
epc_mig_tenant_pdo	EpcMigTenantPdo	epc-epartscart-vps-backup.php	php	548	mentioned	partial-file
epc_erp_lang	EpcErpLang	epc-erp-cp-setup.php	php	140	ops-script	skip
epc_erp_register_content	EpcErpRegisterContent	epc-erp-cp-setup.php	php	140	ops-script	skip
epc_erp_fe_lang	EpcErpFeLang	epc-erp-frontend-setup.php	php	154	ops-script	skip
epc_erp_fe_register_content	EpcErpFeRegisterContent	epc-erp-frontend-setup.php	php	154	ops-script	skip
epc_erp_mod_probe_platform_pdo	EpcErpModProbePlatformPdo	epc-erp-modules-probe.php	php	114	ops-script	skip
epc_erp_mod_probe_row	EpcErpModProbeRow	epc-erp-modules-probe.php	php	114	ops-script	skip
epc_erp_mod_probe_tenant_settings	EpcErpModProbeTenantSettings	epc-erp-modules-probe.php	php	114	ops-script	skip
epc_eos_lang	EpcEosLang	epc-erp-only-setup.php	php	148	ops-script	skip
epc_sample_already	EpcSampleAlready	epc-erp-sample-data.php	php	272	ops-script	skip
epc_sample_reset	EpcSampleReset	epc-erp-sample-data.php	php	272	ops-script	skip
epc_erp_prov_clone_schema	EpcErpProvCloneSchema	epc-erp-tenant-provision.php	php	525	mentioned	partial-file
epc_erp_prov_db_connects	EpcErpProvDbConnects	epc-erp-tenant-provision.php	php	525	mentioned	partial-file
epc_erp_prov_missing_core_tables	EpcErpProvMissingCoreTables	epc-erp-tenant-provision.php	php	525	mentioned	partial-file
epc_erp_prov_platform_pdo	EpcErpProvPlatformPdo	epc-erp-tenant-provision.php	php	525	mentioned	partial-file
epc_erp_prov_resolve_modules_preset	EpcErpProvResolveModulesPreset	epc-erp-tenant-provision.php	php	525	mentioned	partial-file
epc_erp_prov_seed_cp_rows	EpcErpProvSeedCpRows	epc-erp-tenant-provision.php	php	525	mentioned	partial-file
epc_backend_group_ids	EpcBackendGroupIds	epc-fix-cp-prices-access.php	php	182	ops-script	skip
epc_ftadmin_lang	EpcFtadminLang	epc-free-tools-admin-setup.php	php	125	ops-script	skip
epc_ftadmin_page	EpcFtadminPage	epc-free-tools-admin-setup.php	php	125	ops-script	skip
epc_gms_lang	EpcGmsLang	epc-gms-setup.php	php	228	ops-script	skip
epc_gms_upsert_content	EpcGmsUpsertContent	epc-gms-setup.php	php	228	ops-script	skip
epc_scrub_vendor_text	EpcScrubVendorText	epc-hide-catalog-vendor-names.php	php	284	ops-script	skip
epc_fw_api	EpcFwApi	epc-hostinger-firewall-open-web.php	php	219	ops-script	skip
epc_fw_probe	EpcFwProbe	epc-hostinger-firewall-open-web.php	php	219	ops-script	skip
epc_fw_run	EpcFwRun	epc-hostinger-firewall-open-web.php	php	219	ops-script	skip
epc_import_clean_field	EpcImportCleanField	epc-import-r-uae.php	php	318	mentioned	partial-file
epc_poppler_pdftotext_path	EpcPopplerPdftotextPath	epc-install-poppler.php	php	70	ops-script	skip
epc_remove_dir	EpcRemoveDir	epc-integrations-cleanup.php	php	50	mentioned	partial-file
epc_int_setup_connect	EpcIntSetupConnect	epc-integrations-setup-all.php	php	147	ops-script	skip
epc_count_table	EpcCountTable	epc-integrations-setup.php	php	98	ops-script	skip
epc_run_seed	EpcRunSeed	epc-integrations-setup.php	php	98	ops-script	skip
epc_jcsl_sni	EpcJcslSni	epc-jewellery-clp-site-live.php	php	98	ops-script	skip
epc_jfl_probe	EpcJflProbe	epc-jewellery-fast-live.php	php	182	ops-script	skip
epc_jfl_sni	EpcJflSni	epc-jewellery-fast-live.php	php	182	ops-script	skip
epc_log_apply_access	EpcLogApplyAccess	epc-logistics-access-fix.php	php	115	ops-script	skip
epc_log_backend_group_ids	EpcLogBackendGroupIds	epc-logistics-access-fix.php	php	115	ops-script	skip
epc_log_lang	EpcLogLang	epc-logistics-setup.php	php	166	mentioned	partial-file
epc_log_register_content	EpcLogRegisterContent	epc-logistics-setup.php	php	166	mentioned	partial-file
epc_me_scalar	EpcMeScalar	epc-margin-enforce-setup.php	php	111	ops-script	skip
epc_mb_cp_check_run	EpcMbCpCheckRun	epc-marketing-broadcast-cp-check.php	php	111	ops-script	skip
epc_mb_setup_connect	EpcMbSetupConnect	epc-marketing-broadcast-setup-all.php	php	142	ops-script	skip
epc_mkt_lang	EpcMktLang	epc-marketing-setup.php	php	113	ops-script	skip
epc_mkt_register_content	EpcMktRegisterContent	epc-marketing-setup.php	php	113	ops-script	skip
epc_menu_content_id	EpcMenuContentId	epc-menu-reorder-product-family.php	php	170	ops-script	skip
epc_menu_en_label	EpcMenuEnLabel	epc-menu-reorder-product-family.php	php	170	ops-script	skip
epc_menu_is_product_family	EpcMenuIsProductFamily	epc-menu-reorder-product-family.php	php	170	ops-script	skip
epc_menu_is_product_parent	EpcMenuIsProductParent	epc-menu-reorder-product-family.php	php	170	ops-script	skip
epc_menu_matches	EpcMenuMatches	epc-menu-reorder-product-family.php	php	170	ops-script	skip
epc_mv_setup_ensure_content	EpcMvSetupEnsureContent	epc-multivendor-prices-setup.php	php	136	ops-script	skip
epc_mysql_binaries	EpcMysqlBinaries	epc-mysql-connections-fix.php	php	233	ops-script	skip
epc_mysql_query	EpcMysqlQuery	epc-mysql-connections-fix.php	php	233	ops-script	skip
epc_mysql_release_php_connections	EpcMysqlReleasePhpConnections	epc-mysql-connections-fix.php	php	233	ops-script	skip
epc_mysql_run	EpcMysqlRun	epc-mysql-connections-fix.php	php	233	ops-script	skip
epc_mysql_sudo	EpcMysqlSudo	epc-mysql-connections-fix.php	php	233	ops-script	skip
epc_nav_acc_child_item	EpcNavAccChildItem	epc-nav-accessories-under-product.php	php	298	ops-script	skip
epc_nav_dump	EpcNavDump	epc-nav-accessories-under-product.php	php	298	ops-script	skip
epc_nav_is_accessories	EpcNavIsAccessories	epc-nav-accessories-under-product.php	php	298	ops-script	skip
epc_nav_is_product_parent	EpcNavIsProductParent	epc-nav-accessories-under-product.php	php	298	ops-script	skip
epc_nav_item_label_key	EpcNavItemLabelKey	epc-nav-accessories-under-product.php	php	298	ops-script	skip
epc_nav_label	EpcNavLabel	epc-nav-accessories-under-product.php	php	298	ops-script	skip
epc_pf_nav_child_item	EpcPfNavChildItem	epc-nav-product-family-under-product.php	php	240	ops-script	skip
epc_pf_nav_dump	EpcPfNavDump	epc-nav-product-family-under-product.php	php	240	ops-script	skip
epc_pf_nav_is_product_family	EpcPfNavIsProductFamily	epc-nav-product-family-under-product.php	php	240	ops-script	skip
epc_pf_nav_is_product_parent	EpcPfNavIsProductParent	epc-nav-product-family-under-product.php	php	240	ops-script	skip
epc_pf_nav_key	EpcPfNavKey	epc-nav-product-family-under-product.php	php	240	ops-script	skip
epc_pf_nav_label	EpcPfNavLabel	epc-nav-product-family-under-product.php	php	240	ops-script	skip
epc_ndt_probe	EpcNdtProbe	epc-nginx-dedupe-tenants.php	php	173	ops-script	skip
epc_ntvr_probe	EpcNtvrProbe	epc-nginx-tenant-vhost-repair.php	php	177	ops-script	skip
epc_warm_fetch	EpcWarmFetch	epc-offline-resilience-warm.php	php	261	mentioned	partial-file
epc_warm_normalize_vin	EpcWarmNormalizeVin	epc-offline-resilience-warm.php	php	261	mentioned	partial-file
epc_warm_vin_valid	EpcWarmVinValid	epc-offline-resilience-warm.php	php	261	mentioned	partial-file
cli_opt	CliOpt	epc-onprem-license-generate.php	php	98	ops-script	skip
epc_onf_line	EpcOnfLine	epc-order-notifications-fix.php	php	159	ops-script	skip
epc_oc_audit_db_route	EpcOcAuditDbRoute	epc-orders-cp-setup.php	php	353	ops-script	skip
epc_oc_css_js	EpcOcCssJs	epc-orders-cp-setup.php	php	353	ops-script	skip
epc_oc_lang	EpcOcLang	epc-orders-cp-setup.php	php	353	ops-script	skip
epc_oc_register_route	EpcOcRegisterRoute	epc-orders-cp-setup.php	php	353	ops-script	skip
epc_oc_sync_access	EpcOcSyncAccess	epc-orders-cp-setup.php	php	353	ops-script	skip
epc_oi_lang	EpcOiLang	epc-orders-items-cp-setup.php	php	320	ops-script	skip
epc_oi_register_route	EpcOiRegisterRoute	epc-orders-items-cp-setup.php	php	320	ops-script	skip
epc_oi_sync_access	EpcOiSyncAccess	epc-orders-items-cp-setup.php	php	320	ops-script	skip
epc_pa_fix_backend_group_ids	EpcPaFixBackendGroupIds	epc-parts-agent-cp-access-fix.php	php	83	ops-script	skip
epc_pa_backend_group_ids	EpcPaBackendGroupIds	epc-parts-agent-cp-setup.php	php	147	mentioned	partial-file
epc_pa_lang	EpcPaLang	epc-parts-agent-cp-setup.php	php	147	mentioned	partial-file
epc_pay_apply_access	EpcPayApplyAccess	epc-payments-access-fix.php	php	114	ops-script	skip
epc_pay_backend_group_ids	EpcPayBackendGroupIds	epc-payments-access-fix.php	php	114	ops-script	skip
epc_pay_ref_groups	EpcPayRefGroups	epc-payments-access-fix.php	php	114	ops-script	skip
epc_pay_register_content	EpcPayRegisterContent	epc-payments-setup.php	php	201	ops-script	skip
epc_pay_sync_all_access	EpcPaySyncAllAccess	epc-payments-setup.php	php	201	ops-script	skip
epc_ffs_lang	EpcFfsLang	epc-platform-failover-cp-setup.php	php	122	ops-script	skip
epc_epc_sf_probe	EpcEpcSfProbe	epc-platform-fix-epartscart-storefront.php	php	99	ops-script	skip
epc_pfb_backup_root	EpcPfbBackupRoot	epc-platform-full-backup.php	php	664	mentioned	partial-file
epc_pfb_cloudpanel_export	EpcPfbCloudpanelExport	epc-platform-full-backup.php	php	664	mentioned	partial-file
epc_pfb_dir_size	EpcPfbDirSize	epc-platform-full-backup.php	php	664	mentioned	partial-file
epc_pfb_docroots	EpcPfbDocroots	epc-platform-full-backup.php	php	664	mentioned	partial-file
epc_pfb_dump_database	EpcPfbDumpDatabase	epc-platform-full-backup.php	php	664	mentioned	partial-file
epc_pfb_dump_sql_php	EpcPfbDumpSqlPhp	epc-platform-full-backup.php	php	664	mentioned	partial-file
epc_pfb_gzip_file	EpcPfbGzipFile	epc-platform-full-backup.php	php	664	mentioned	partial-file
epc_pfb_json	EpcPfbJson	epc-platform-full-backup.php	php	664	mentioned	partial-file
epc_pfb_mysqldump	EpcPfbMysqldump	epc-platform-full-backup.php	php	664	mentioned	partial-file
epc_pfb_nginx_backup	EpcPfbNginxBackup	epc-platform-full-backup.php	php	664	mentioned	partial-file
epc_pfb_platform_db_credentials	EpcPfbPlatformDbCredentials	epc-platform-full-backup.php	php	664	mentioned	partial-file
epc_pfb_restore_readme	EpcPfbRestoreReadme	epc-platform-full-backup.php	php	664	mentioned	partial-file
epc_pfb_session_dir	EpcPfbSessionDir	epc-platform-full-backup.php	php	664	mentioned	partial-file
epc_pfb_sql_value	EpcPfbSqlValue	epc-platform-full-backup.php	php	664	mentioned	partial-file
epc_pfb_status	EpcPfbStatus	epc-platform-full-backup.php	php	664	mentioned	partial-file
epc_pfb_tar_docroot	EpcPfbTarDocroot	epc-platform-full-backup.php	php	664	mentioned	partial-file
epc_pfb_tenant_db_credentials	EpcPfbTenantDbCredentials	epc-platform-full-backup.php	php	664	mentioned	partial-file
epc_pfb_tenant_registry_export	EpcPfbTenantRegistryExport	epc-platform-full-backup.php	php	664	mentioned	partial-file
epc_pgh_probe	EpcPghProbe	epc-platform-governance-health-api.php	php	203	mentioned	partial-file
epc_pgs_lang	EpcPgsLang	epc-platform-governance-setup.php	php	117	ops-script	skip
epc_hc_probe	EpcHcProbe	epc-platform-health-check.php	php	135	ops-script	skip
epc_hc_public_url	EpcHcPublicUrl	epc-platform-health-check.php	php	135	ops-script	skip
epc_hcu_probe	EpcHcuProbe	epc-platform-health-checkup-api.php	php	333	mentioned	partial-file
epc_hcu_ssl_check	EpcHcuSslCheck	epc-platform-health-checkup-api.php	php	333	mentioned	partial-file
epc_phcs_lang	EpcPhcsLang	epc-platform-health-checkup-cp-setup.php	php	111	ops-script	skip
epc_ph_probe	EpcPhProbe	epc-platform-health.php	php	131	ops-script	skip
epc_ps_lang	EpcPsLang	epc-portal-cp-setup.php	php	203	ops-script	skip
setup_error	SetupError	epc-post-deploy-setup-all.php	php	369	ops-script	skip
setup_log	SetupLog	epc-post-deploy-setup-all.php	php	369	ops-script	skip
epc_pbi_setup_lang	EpcPbiSetupLang	epc-power-bi-setup.php	php	233	ops-script	skip
epc_pbi_setup_register_page	EpcPbiSetupRegisterPage	epc-power-bi-setup.php	php	233	ops-script	skip
epc_pm_lang	EpcPmLang	epc-price-management-setup.php	php	166	ops-script	skip
epc_pm_scalar	EpcPmScalar	epc-price-management-setup.php	php	166	ops-script	skip
epc_print_doc_exec	EpcPrintDocExec	epc-print-docs-setup.php	php	142	ops-script	skip
epc_print_doc_scalar	EpcPrintDocScalar	epc-print-docs-setup.php	php	142	ops-script	skip
epc_proc_lang	EpcProcLang	epc-procurement-setup.php	php	121	ops-script	skip
epc_proc_register_content	EpcProcRegisterContent	epc-procurement-setup.php	php	121	ops-script	skip
epc_pf_content	EpcPfContent	epc-product-family-setup.php	php	219	ops-script	skip
epc_pf_href_match	EpcPfHrefMatch	epc-product-family-setup.php	php	219	ops-script	skip
epc_pf_is_product_family_item	EpcPfIsProductFamilyItem	epc-product-family-setup.php	php	219	ops-script	skip
epc_pf_is_product_parent	EpcPfIsProductParent	epc-product-family-setup.php	php	219	ops-script	skip
epc_pf_menu_item	EpcPfMenuItem	epc-product-family-setup.php	php	219	ops-script	skip
epc_pf_tr	EpcPfTr	epc-product-family-setup.php	php	219	ops-script	skip
epc_backup_add_dir	EpcBackupAddDir	epc-production-backup.php	php	344	mentioned	partial-file
epc_backup_dump_database	EpcBackupDumpDatabase	epc-production-backup.php	php	344	mentioned	partial-file
epc_backup_json	EpcBackupJson	epc-production-backup.php	php	344	mentioned	partial-file
epc_backup_restore_instructions	EpcBackupRestoreInstructions	epc-production-backup.php	php	344	mentioned	partial-file
epc_backup_safe_name	EpcBackupSafeName	epc-production-backup.php	php	344	mentioned	partial-file
epc_backup_sql_value	EpcBackupSqlValue	epc-production-backup.php	php	344	mentioned	partial-file
epc_backup_table_stats	EpcBackupTableStats	epc-production-backup.php	php	344	mentioned	partial-file
epc_pr_artifact_map	EpcPrArtifactMap	epc-production-restore.php	php	350	ops-script	skip
epc_pr_backup_root	EpcPrBackupRoot	epc-production-restore.php	php	350	ops-script	skip
epc_pr_cp_docroot	EpcPrCpDocroot	epc-production-restore.php	php	350	ops-script	skip
epc_pr_extract_tar	EpcPrExtractTar	epc-production-restore.php	php	350	ops-script	skip
epc_pr_import_sql_gz	EpcPrImportSqlGz	epc-production-restore.php	php	350	ops-script	skip
epc_pr_json	EpcPrJson	epc-production-restore.php	php	350	ops-script	skip
epc_pr_list_sessions	EpcPrListSessions	epc-production-restore.php	php	350	ops-script	skip
epc_pr_load_db_creds	EpcPrLoadDbCreds	epc-production-restore.php	php	350	ops-script	skip
epc_pr_pick_session	EpcPrPickSession	epc-production-restore.php	php	350	ops-script	skip
epc_pr_platform_docroot	EpcPrPlatformDocroot	epc-production-restore.php	php	350	ops-script	skip
epc_pr_probe_urls	EpcPrProbeUrls	epc-production-restore.php	php	350	ops-script	skip
epc_pr_restart_services	EpcPrRestartServices	epc-production-restore.php	php	350	ops-script	skip
epc_pr_shell	EpcPrShell	epc-production-restore.php	php	350	ops-script	skip
epc_repair_try_clp_web	EpcRepairTryClpWeb	epc-repair-tenant-credentials.php	php	228	ops-script	skip
epc_repair_try_mysql_alter	EpcRepairTryMysqlAlter	epc-repair-tenant-credentials.php	php	228	ops-script	skip
epc_restore_copy_site_tree	EpcRestoreCopySiteTree	epc-restore-modelc.php	php	318	ops-script	skip
epc_restore_db_credentials	EpcRestoreDbCredentials	epc-restore-modelc.php	php	318	ops-script	skip
epc_restore_extract_sql	EpcRestoreExtractSql	epc-restore-modelc.php	php	318	ops-script	skip
epc_restore_find_zip	EpcRestoreFindZip	epc-restore-modelc.php	php	318	ops-script	skip
epc_restore_import_sql	EpcRestoreImportSql	epc-restore-modelc.php	php	318	ops-script	skip
epc_restore_json	EpcRestoreJson	epc-restore-modelc.php	php	318	ops-script	skip
epc_restore_rmdir_tree	EpcRestoreRmdirTree	epc-restore-modelc.php	php	318	ops-script	skip
epc_gsc_probe_fetch	EpcGscProbeFetch	epc-seo-google-readiness.php	php	195	ops-script	skip
epc_gsc_probe_sitemap	EpcGscProbeSitemap	epc-seo-google-readiness.php	php	195	ops-script	skip
epc_reg_tr	EpcRegTr	epc-seo-regional-setup.php	php	108	ops-script	skip
epc_server_guard_busy_html	EpcServerGuardBusyHtml	epc-server-guard.php	php	107	ops-script	skip
epc_server_guard_check	EpcServerGuardCheck	epc-server-guard.php	php	107	ops-script	skip
epc_perf_fetch	EpcPerfFetch	epc-site-performance-probe.php	php	154	ops-script	skip
epc_perf_grade	EpcPerfGrade	epc-site-performance-probe.php	php	154	ops-script	skip
epc_sku_media_seed_make_demo_png	EpcSkuMediaSeedMakeDemoPng	epc-sku-media-seed-demo.php	php	292	ops-script	skip
epc_sku_media_seed_pick_article	EpcSkuMediaSeedPickArticle	epc-sku-media-seed-demo.php	php	292	ops-script	skip
epc_sms_mena_operators_def	EpcSmsMenaOperatorsDef	epc-sms-mena-setup.php	php	179	ops-script	skip
epc_social_setup_connect	EpcSocialSetupConnect	epc-social-media-setup-all.php	php	143	ops-script	skip
epc_sp_rev_href_match	EpcSpRevHrefMatch	epc-spare-parts-page-revert.php	php	95	ops-script	skip
epc_sp_content	EpcSpContent	epc-spare-parts-page-setup.php	php	174	ops-script	skip
epc_sp_href_match	EpcSpHrefMatch	epc-spare-parts-page-setup.php	php	174	ops-script	skip
epc_sp_menu_item	EpcSpMenuItem	epc-spare-parts-page-setup.php	php	174	ops-script	skip
epc_sp_tr	EpcSpTr	epc-spare-parts-page-setup.php	php	174	ops-script	skip
epc_sat_sni	EpcSatSni	epc-ssl-activate-tenants.php	php	100	ops-script	skip
epc_stylenlook_connect	EpcStylenlookConnect	epc-stylenlook-namshi-theme.php	php	281	ops-script	skip
epc_stylenlook_pdo_candidates	EpcStylenlookPdoCandidates	epc-stylenlook-namshi-theme.php	php	281	ops-script	skip
epc_stylenlook_probe	EpcStylenlookProbe	epc-stylenlook-namshi-theme.php	php	281	ops-script	skip
epc_scp_abcp_register_content	EpcScpAbcpRegisterContent	epc-super-cp-abcp-setup.php	php	182	mentioned	partial-file
epc_scp_abcp_setup_lang	EpcScpAbcpSetupLang	epc-super-cp-abcp-setup.php	php	182	mentioned	partial-file
epc_scla_body_has_404	EpcSclaBodyHas404	epc-supercp-link-audit.php	php	293	ops-script	skip
epc_scla_content_url_from_path	EpcSclaContentUrlFromPath	epc-supercp-link-audit.php	php	293	ops-script	skip
epc_scla_probe_http	EpcSclaProbeHttp	epc-supercp-link-audit.php	php	293	ops-script	skip
epc_tfc_probe	EpcTfcProbe	epc-taxofinca-consultancy-theme.php	php	255	ops-script	skip
epc_tfc_sync_consultancy_files	EpcTfcSyncConsultancyFiles	epc-taxofinca-consultancy-theme.php	php	255	ops-script	skip
epc_tds_discover	EpcTdsDiscover	epc-taxofinca-discover-sync.php	php	150	mentioned	partial-file
epc_tds_probe	EpcTdsProbe	epc-taxofinca-discover-sync.php	php	150	mentioned	partial-file
epc_taxofinca_probe	EpcTaxofincaProbe	epc-taxofinca-go-live.php	php	184	ops-script	skip
epc_tfc_pi_probe	EpcTfcPiProbe	epc-taxofinca-primeinvest-theme.php	php	210	ops-script	skip
epc_tf_clone_db	EpcTfCloneDb	epc-taxofinca-replace-portal.php	php	577	ops-script	skip
epc_tf_clp_detect_remote_dir	EpcTfClpDetectRemoteDir	epc-taxofinca-replace-portal.php	php	577	ops-script	skip
epc_tf_clp_login	EpcTfClpLogin	epc-taxofinca-replace-portal.php	php	577	ops-script	skip
epc_tf_clp_put_file	EpcTfClpPutFile	epc-taxofinca-replace-portal.php	php	577	ops-script	skip
epc_tf_clp_request	EpcTfClpRequest	epc-taxofinca-replace-portal.php	php	577	ops-script	skip
epc_tf_clp_upload_bootstrap	EpcTfClpUploadBootstrap	epc-taxofinca-replace-portal.php	php	577	ops-script	skip
epc_tf_clp_write_config	EpcTfClpWriteConfig	epc-taxofinca-replace-portal.php	php	577	ops-script	skip
epc_tf_deploy_via_chunks	EpcTfDeployViaChunks	epc-taxofinca-replace-portal.php	php	577	ops-script	skip
epc_tf_exclude_rel	EpcTfExcludeRel	epc-taxofinca-replace-portal.php	php	577	ops-script	skip
epc_tf_find_taxofinca_root	EpcTfFindTaxofincaRoot	epc-taxofinca-replace-portal.php	php	577	ops-script	skip
epc_tf_http_setup	EpcTfHttpSetup	epc-taxofinca-replace-portal.php	php	577	ops-script	skip
epc_tf_log	EpcTfLog	epc-taxofinca-replace-portal.php	php	577	ops-script	skip
epc_tf_mirror	EpcTfMirror	epc-taxofinca-replace-portal.php	php	577	ops-script	skip
epc_tf_rrmdir	EpcTfRrmdir	epc-taxofinca-replace-portal.php	php	577	ops-script	skip
epc_tf_wipe_wordpress	EpcTfWipeWordpress	epc-taxofinca-replace-portal.php	php	577	ops-script	skip
epc_tf_write_config_local	EpcTfWriteConfigLocal	epc-taxofinca-replace-portal.php	php	577	ops-script	skip
epc_tf_apply_probe	EpcTfApplyProbe	epc-taxofinca-vhost-apply.php	php	92	ops-script	skip
epc_tf_probe	EpcTfProbe	epc-taxofinca-vhost-repair.php	php	221	ops-script	skip
epc_tcs_find_roots	EpcTcsFindRoots	epc-tenant-code-sync.php	php	87	mentioned	partial-file
epc_tcc_setup_lang	EpcTccSetupLang	epc-tenant-control-setup.php	php	111	ops-script	skip
epc_tdbf_find_working_docpart_pass	EpcTdbfFindWorkingDocpartPass	epc-tenant-db-connect-fix.php	php	250	ops-script	skip
epc_tdbf_mysqli_test	EpcTdbfMysqliTest	epc-tenant-db-connect-fix.php	php	250	ops-script	skip
epc_tdbf_probe_host	EpcTdbfProbeHost	epc-tenant-db-connect-fix.php	php	250	ops-script	skip
epc_tdd_connects	EpcTddConnects	epc-tenant-dedicated-db.php	php	293	ops-script	skip
epc_tdd_migrate	EpcTddMigrate	epc-tenant-dedicated-db.php	php	293	ops-script	skip
epc_tdd_platform_pdo	EpcTddPlatformPdo	epc-tenant-dedicated-db.php	php	293	ops-script	skip
epc_tdd_table_count	EpcTddTableCount	epc-tenant-dedicated-db.php	php	293	ops-script	skip
epc_tel_probe	EpcTelProbe	epc-tenant-emergency-live.php	php	146	ops-script	skip
epc_tlf_probe	EpcTlfProbe	epc-tenant-license-fix.php	php	153	ops-script	skip
epc_tmdb_probe	EpcTmdbProbe	epc-tenant-modelc-db.php	php	152	ops-script	skip
epc_trr_canonical_tenants	EpcTrrCanonicalTenants	epc-tenant-registry-restore.php	php	395	ops-script	skip
epc_trr_dump_tenants	EpcTrrDumpTenants	epc-tenant-registry-restore.php	php	395	ops-script	skip
epc_trr_find_asap_pass	EpcTrrFindAsapPass	epc-tenant-registry-restore.php	php	395	ops-script	skip
epc_trr_find_working_docpart_pass	EpcTrrFindWorkingDocpartPass	epc-tenant-registry-restore.php	php	395	ops-script	skip
epc_trr_mysqli_ok	EpcTrrMysqliOk	epc-tenant-registry-restore.php	php	395	ops-script	skip
epc_trr_platform_pdo	EpcTrrPlatformPdo	epc-tenant-registry-restore.php	php	395	ops-script	skip
probe_host	ProbeHost	epc-tenant-vhost-alias.php	php	152	ops-script	skip
epc_tcf_fw_api	EpcTcfFwApi	epc-tenants-connectivity-fix.php	php	710	ops-script	skip
epc_tcf_probe	EpcTcfProbe	epc-tenants-connectivity-fix.php	php	710	ops-script	skip
epc_tcf_probe_line	EpcTcfProbeLine	epc-tenants-connectivity-fix.php	php	710	ops-script	skip
epc_tcf_resolve_db_creds	EpcTcfResolveDbCreds	epc-tenants-connectivity-fix.php	php	710	ops-script	skip
epc_tcf_run	EpcTcfRun	epc-tenants-connectivity-fix.php	php	710	ops-script	skip
epc_build_pyprices_task	EpcBuildPypricesTask	epc-test-all-upload-paths.php	php	459	ops-script	skip
epc_call_pyprices	EpcCallPyprices	epc-test-all-upload-paths.php	php	459	ops-script	skip
epc_poll_task	EpcPollTask	epc-test-all-upload-paths.php	php	459	ops-script	skip
epc_test_record	EpcTestRecord	epc-test-all-upload-paths.php	php	459	ops-script	skip
epc_test_should_run	EpcTestShouldRun	epc-test-all-upload-paths.php	php	459	ops-script	skip
epc_test_imap_via_python	EpcTestImapViaPython	epc-test-imap.php	php	222	ops-script	skip
epc_thejewellerytrend_probe	EpcThejewellerytrendProbe	epc-thejewellerytrend-kiyasha-theme.php	php	207	ops-script	skip
epc_tjt_origin_cert	EpcTjtOriginCert	epc-thejewellerytrend-nginx-fix.php	php	173	ops-script	skip
epc_tjt_probe	EpcTjtProbe	epc-thejewellerytrend-nginx-fix.php	php	173	ops-script	skip
epc_uae_tax_lang	EpcUaeTaxLang	epc-uae-tax-compliance-setup.php	php	122	ops-script	skip
epc_uae_tax_register_content	EpcUaeTaxRegisterContent	epc-uae-tax-compliance-setup.php	php	122	ops-script	skip
epc_clip	EpcClip	epc-upload-uae-prices.php	php	564	mentioned	partial-file
epc_detect_csv_delimiter	EpcDetectCsvDelimiter	epc-upload-uae-prices.php	php	564	mentioned	partial-file
epc_import_csv	EpcImportCsv	epc-upload-uae-prices.php	php	564	mentioned	partial-file
epc_normalize_csv_delimiter	EpcNormalizeCsvDelimiter	epc-upload-uae-prices.php	php	564	mentioned	partial-file
epc_parse_time_to_exe	EpcParseTimeToExe	epc-upload-uae-prices.php	php	564	mentioned	partial-file
epc_prepare_string	EpcPrepareString	epc-upload-uae-prices.php	php	564	mentioned	partial-file
epc_vc_content	EpcVcContent	epc-vehicle-catalog-setup.php	php	151	ops-script	skip
epc_vc_menu_item	EpcVcMenuItem	epc-vehicle-catalog-setup.php	php	151	ops-script	skip
epc_vc_translation	EpcVcTranslation	epc-vehicle-catalog-setup.php	php	151	ops-script	skip
epc_vn_is_vendor_nav	EpcVnIsVendorNav	epc-vendor-nav-fix.php	php	95	ops-script	skip
epc_vn_strip	EpcVnStrip	epc-vendor-nav-fix.php	php	95	ops-script	skip
epc_vp_lang	EpcVpLang	epc-vendor-portal-setup.php	php	261	ops-script	skip
epc_vp_register_content	EpcVpRegisterContent	epc-vendor-portal-setup.php	php	261	ops-script	skip
epc_vpe_setup_connect	EpcVpeSetupConnect	epc-visual-editor-setup-all.php	php	221	ops-script	skip
epc_vpe_setup_lang	EpcVpeSetupLang	epc-visual-editor-setup-all.php	php	221	ops-script	skip
epc_vpe_setup_register	EpcVpeSetupRegister	epc-visual-editor-setup-all.php	php	221	ops-script	skip
epc_vpe_register_content	EpcVpeRegisterContent	epc-visual-editor-setup.php	php	166	ops-script	skip
epc_vpe_setup_lang	EpcVpeSetupLang	epc-visual-editor-setup.php	php	166	ops-script	skip
epc_vfs_probe	EpcVfsProbe	epc-vps-firewall-status.php	php	76	ops-script	skip
epc_vps_probe_url	EpcVpsProbeUrl	epc-vps-post-upgrade-checklist.php	php	206	ops-script	skip
epc_vr	EpcVr	epc-vps-repair.php	php	37	ops-script	skip
epc_wh_attr_setup_ensure_content	EpcWhAttrSetupEnsureContent	epc-warehouse-attr-search-setup.php	php	115	ops-script	skip
epc_wt_register_page	EpcWtRegisterPage	epc-web-tracker-setup.php	php	243	ops-script	skip
epc_wt_setup_lang	EpcWtSetupLang	epc-web-tracker-setup.php	php	243	ops-script	skip
epc_wt_setup_pdo_from_cfg	EpcWtSetupPdoFromCfg	epc-web-tracker-setup.php	php	243	ops-script	skip
epc_wa_register_content	EpcWaRegisterContent	epc-whatsapp-setup.php	js	194	ops-script	browser-js
epc_oms_register_guide_route	EpcOmsRegisterGuideRoute	epc_oms_menu_guide_lib.php	php	98	retired	skip
epc_oms_setup_pdo	EpcOmsSetupPdo	epc_oms_menu_guide_lib.php	php	98	retired	skip
epc_sitemap_add_entry	EpcSitemapAddEntry	epc_sitemap_lib.php	js	174	mentioned	browser-js
epc_sitemap_base_url	EpcSitemapBaseUrl	epc_sitemap_lib.php	php	174	mentioned	partial-file
epc_sitemap_emit_urlset	EpcSitemapEmitUrlset	epc_sitemap_lib.php	php	174	mentioned	partial-file
epc_sitemap_is_industry_host	EpcSitemapIsIndustryHost	epc_sitemap_lib.php	php	174	mentioned	partial-file
epc_sitemap_lang	EpcSitemapLang	epc_sitemap_lib.php	php	174	mentioned	partial-file
epc_sitemap_page_url	EpcSitemapPageUrl	epc_sitemap_lib.php	php	174	mentioned	partial-file
epc_sitemap_part_loc	EpcSitemapPartLoc	epc_sitemap_lib.php	php	174	mentioned	partial-file
epc_sitemap_parts_path	EpcSitemapPartsPath	epc_sitemap_lib.php	php	174	mentioned	partial-file
epc_sitemap_parts_root	EpcSitemapPartsRoot	epc_sitemap_lib.php	php	174	mentioned	partial-file
epc_sitemap_pdo	EpcSitemapPdo	epc_sitemap_lib.php	php	174	mentioned	partial-file
epc_sitemap_request_host_base	EpcSitemapRequestHostBase	epc_sitemap_lib.php	php	174	mentioned	partial-file
epc_sitemap_segment	EpcSitemapSegment	epc_sitemap_lib.php	php	174	mentioned	partial-file
epc_sitemap_slash_code	EpcSitemapSlashCode	epc_sitemap_lib.php	php	174	mentioned	partial-file
epc_static_serve_maybe_exit	EpcStaticServeMaybeExit	epc_static_serve.php	php	66	retired	skip
epc_static_serve_mime	EpcStaticServeMime	epc_static_serve.php	php	66	retired	skip
epc_storefront_stub_redirect_maybe_exit	EpcStorefrontStubRedirectMaybeExit	epc_storefront_stub_redirect.php	php	96	retired	skip
epc_tf_remove_wordpress	EpcTfRemoveWordpress	extract-zip-taxofinca.php	php	74	ops-script	skip
getPageRoute	GetPageRoute	lang/dp_lang.php	php	1036	mentioned	partial-file
getPageUrl_2	GetPageUrl2	lang/dp_lang.php	php	1036	mentioned	partial-file
get_page_url_with_lang_tag	GetPageUrlWithLangTag	lang/dp_lang.php	php	1036	mentioned	partial-file
get_real_link	GetRealLink	lang/dp_lang.php	php	1036	mentioned	partial-file
get_work_lang	GetWorkLang	lang/dp_lang.php	php	1036	mentioned	partial-file
acosh	Acosh	lib/PHPExcel/PHPExcel/Calculation/Functions.php	vendor	727	third-party	third-party
asinh	Asinh	lib/PHPExcel/PHPExcel/Calculation/Functions.php	vendor	727	third-party	third-party
atanh	Atanh	lib/PHPExcel/PHPExcel/Calculation/Functions.php	vendor	727	third-party	third-party
mb_str_replace	MbStrReplace	lib/PHPExcel/PHPExcel/Calculation/Functions.php	vendor	727	third-party	third-party
getLockRevision	GetLockRevision	lib/PHPExcel/PHPExcel/DocumentSecurity.php	vendor	219	third-party	third-party
getLockStructure	GetLockStructure	lib/PHPExcel/PHPExcel/DocumentSecurity.php	vendor	219	third-party	third-party
getLockWindows	GetLockWindows	lib/PHPExcel/PHPExcel/DocumentSecurity.php	vendor	219	third-party	third-party
getRevisionsPassword	GetRevisionsPassword	lib/PHPExcel/PHPExcel/DocumentSecurity.php	vendor	219	third-party	third-party
getWorkbookPassword	GetWorkbookPassword	lib/PHPExcel/PHPExcel/DocumentSecurity.php	vendor	219	third-party	third-party
isSecurityEnabled	IsSecurityEnabled	lib/PHPExcel/PHPExcel/DocumentSecurity.php	vendor	219	third-party	third-party
setLockRevision	SetLockRevision	lib/PHPExcel/PHPExcel/DocumentSecurity.php	vendor	219	third-party	third-party
setLockStructure	SetLockStructure	lib/PHPExcel/PHPExcel/DocumentSecurity.php	vendor	219	third-party	third-party
setLockWindows	SetLockWindows	lib/PHPExcel/PHPExcel/DocumentSecurity.php	vendor	219	third-party	third-party
setRevisionsPassword	SetRevisionsPassword	lib/PHPExcel/PHPExcel/DocumentSecurity.php	vendor	219	third-party	third-party
setWorkbookPassword	SetWorkbookPassword	lib/PHPExcel/PHPExcel/DocumentSecurity.php	vendor	219	third-party	third-party
JAMAError	JAMAError	lib/PHPExcel/PHPExcel/Shared/JAMA/utils/Error.php	vendor	83	third-party	third-party
hypo	Hypo	lib/PHPExcel/PHPExcel/Shared/JAMA/utils/Maths.php	vendor	44	third-party	third-party
hypot	Hypot	lib/PHPExcel/PHPExcel/Shared/JAMA/utils/Maths.php	vendor	44	third-party	third-party
PclZip	PclZip	lib/PHPExcel/PHPExcel/Shared/PCLZip/pclzip.lib.php	vendor	5695	third-party	third-party
PclZipUtilCopyBlock	PclZipUtilCopyBlock	lib/PHPExcel/PHPExcel/Shared/PCLZip/pclzip.lib.php	vendor	5695	third-party	third-party
PclZipUtilOptionText	PclZipUtilOptionText	lib/PHPExcel/PHPExcel/Shared/PCLZip/pclzip.lib.php	vendor	5695	third-party	third-party
PclZipUtilPathInclusion	PclZipUtilPathInclusion	lib/PHPExcel/PHPExcel/Shared/PCLZip/pclzip.lib.php	vendor	5695	third-party	third-party
PclZipUtilPathReduction	PclZipUtilPathReduction	lib/PHPExcel/PHPExcel/Shared/PCLZip/pclzip.lib.php	vendor	5695	third-party	third-party
PclZipUtilRename	PclZipUtilRename	lib/PHPExcel/PHPExcel/Shared/PCLZip/pclzip.lib.php	vendor	5695	third-party	third-party
PclZipUtilTranslateWinPath	PclZipUtilTranslateWinPath	lib/PHPExcel/PHPExcel/Shared/PCLZip/pclzip.lib.php	vendor	5695	third-party	third-party
deleteByIndex	DeleteByIndex	lib/PHPExcel/PHPExcel/Shared/PCLZip/pclzip.lib.php	vendor	5695	third-party	third-party
errorCode	ErrorCode	lib/PHPExcel/PHPExcel/Shared/PCLZip/pclzip.lib.php	vendor	5695	third-party	third-party
errorName	ErrorName	lib/PHPExcel/PHPExcel/Shared/PCLZip/pclzip.lib.php	vendor	5695	third-party	third-party
extractByIndex	ExtractByIndex	lib/PHPExcel/PHPExcel/Shared/PCLZip/pclzip.lib.php	vendor	5695	third-party	third-party
listContent	ListContent	lib/PHPExcel/PHPExcel/Shared/PCLZip/pclzip.lib.php	vendor	5695	third-party	third-party
privAdd	PrivAdd	lib/PHPExcel/PHPExcel/Shared/PCLZip/pclzip.lib.php	vendor	5695	third-party	third-party
privAddFile	PrivAddFile	lib/PHPExcel/PHPExcel/Shared/PCLZip/pclzip.lib.php	vendor	5695	third-party	third-party
privAddFileList	PrivAddFileList	lib/PHPExcel/PHPExcel/Shared/PCLZip/pclzip.lib.php	vendor	5695	third-party	third-party
privAddFileUsingTempFile	PrivAddFileUsingTempFile	lib/PHPExcel/PHPExcel/Shared/PCLZip/pclzip.lib.php	vendor	5695	third-party	third-party
privAddList	PrivAddList	lib/PHPExcel/PHPExcel/Shared/PCLZip/pclzip.lib.php	vendor	5695	third-party	third-party
privCalculateStoredFilename	PrivCalculateStoredFilename	lib/PHPExcel/PHPExcel/Shared/PCLZip/pclzip.lib.php	vendor	5695	third-party	third-party
privCheckFileHeaders	PrivCheckFileHeaders	lib/PHPExcel/PHPExcel/Shared/PCLZip/pclzip.lib.php	vendor	5695	third-party	third-party
privCheckFormat	PrivCheckFormat	lib/PHPExcel/PHPExcel/Shared/PCLZip/pclzip.lib.php	vendor	5695	third-party	third-party
privCloseFd	PrivCloseFd	lib/PHPExcel/PHPExcel/Shared/PCLZip/pclzip.lib.php	vendor	5695	third-party	third-party
privConvertHeader2FileInfo	PrivConvertHeader2FileInfo	lib/PHPExcel/PHPExcel/Shared/PCLZip/pclzip.lib.php	vendor	5695	third-party	third-party
privCreate	PrivCreate	lib/PHPExcel/PHPExcel/Shared/PCLZip/pclzip.lib.php	vendor	5695	third-party	third-party
privDeleteByRule	PrivDeleteByRule	lib/PHPExcel/PHPExcel/Shared/PCLZip/pclzip.lib.php	vendor	5695	third-party	third-party
privDirCheck	PrivDirCheck	lib/PHPExcel/PHPExcel/Shared/PCLZip/pclzip.lib.php	vendor	5695	third-party	third-party
privDisableMagicQuotes	PrivDisableMagicQuotes	lib/PHPExcel/PHPExcel/Shared/PCLZip/pclzip.lib.php	vendor	5695	third-party	third-party
privDuplicate	PrivDuplicate	lib/PHPExcel/PHPExcel/Shared/PCLZip/pclzip.lib.php	vendor	5695	third-party	third-party
privErrorLog	PrivErrorLog	lib/PHPExcel/PHPExcel/Shared/PCLZip/pclzip.lib.php	vendor	5695	third-party	third-party
privErrorReset	PrivErrorReset	lib/PHPExcel/PHPExcel/Shared/PCLZip/pclzip.lib.php	vendor	5695	third-party	third-party
privExtractByRule	PrivExtractByRule	lib/PHPExcel/PHPExcel/Shared/PCLZip/pclzip.lib.php	vendor	5695	third-party	third-party
privExtractFile	PrivExtractFile	lib/PHPExcel/PHPExcel/Shared/PCLZip/pclzip.lib.php	vendor	5695	third-party	third-party
privExtractFileAsString	PrivExtractFileAsString	lib/PHPExcel/PHPExcel/Shared/PCLZip/pclzip.lib.php	vendor	5695	third-party	third-party
privExtractFileInOutput	PrivExtractFileInOutput	lib/PHPExcel/PHPExcel/Shared/PCLZip/pclzip.lib.php	vendor	5695	third-party	third-party
privExtractFileUsingTempFile	PrivExtractFileUsingTempFile	lib/PHPExcel/PHPExcel/Shared/PCLZip/pclzip.lib.php	vendor	5695	third-party	third-party
privFileDescrExpand	PrivFileDescrExpand	lib/PHPExcel/PHPExcel/Shared/PCLZip/pclzip.lib.php	vendor	5695	third-party	third-party
privFileDescrParseAtt	PrivFileDescrParseAtt	lib/PHPExcel/PHPExcel/Shared/PCLZip/pclzip.lib.php	vendor	5695	third-party	third-party
privList	PrivList	lib/PHPExcel/PHPExcel/Shared/PCLZip/pclzip.lib.php	vendor	5695	third-party	third-party
privMerge	PrivMerge	lib/PHPExcel/PHPExcel/Shared/PCLZip/pclzip.lib.php	vendor	5695	third-party	third-party
privOpenFd	PrivOpenFd	lib/PHPExcel/PHPExcel/Shared/PCLZip/pclzip.lib.php	vendor	5695	third-party	third-party
privOptionDefaultThreshold	PrivOptionDefaultThreshold	lib/PHPExcel/PHPExcel/Shared/PCLZip/pclzip.lib.php	vendor	5695	third-party	third-party
privParseOptions	PrivParseOptions	lib/PHPExcel/PHPExcel/Shared/PCLZip/pclzip.lib.php	vendor	5695	third-party	third-party
privReadCentralFileHeader	PrivReadCentralFileHeader	lib/PHPExcel/PHPExcel/Shared/PCLZip/pclzip.lib.php	vendor	5695	third-party	third-party
privReadEndCentralDir	PrivReadEndCentralDir	lib/PHPExcel/PHPExcel/Shared/PCLZip/pclzip.lib.php	vendor	5695	third-party	third-party
privReadFileHeader	PrivReadFileHeader	lib/PHPExcel/PHPExcel/Shared/PCLZip/pclzip.lib.php	vendor	5695	third-party	third-party
privSwapBackMagicQuotes	PrivSwapBackMagicQuotes	lib/PHPExcel/PHPExcel/Shared/PCLZip/pclzip.lib.php	vendor	5695	third-party	third-party
privWriteCentralFileHeader	PrivWriteCentralFileHeader	lib/PHPExcel/PHPExcel/Shared/PCLZip/pclzip.lib.php	vendor	5695	third-party	third-party
privWriteCentralHeader	PrivWriteCentralHeader	lib/PHPExcel/PHPExcel/Shared/PCLZip/pclzip.lib.php	vendor	5695	third-party	third-party
privWriteFileHeader	PrivWriteFileHeader	lib/PHPExcel/PHPExcel/Shared/PCLZip/pclzip.lib.php	vendor	5695	third-party	third-party
stream_read	StreamRead	lib/PHPExcel/PHPExcel/Shared/ZipStreamWrapper.php	vendor	202	third-party	third-party
__construct	Construct	lib/PHPExcel/PHPExcel/Shared/trend/bestFitClass.php	vendor	433	third-party	third-party
__construct	Construct	lib/PHPExcel/PHPExcel/Shared/trend/exponentialBestFitClass.php	vendor	148	third-party	third-party
__construct	Construct	lib/PHPExcel/PHPExcel/Shared/trend/linearBestFitClass.php	vendor	111	third-party	third-party
__construct	Construct	lib/PHPExcel/PHPExcel/Shared/trend/logarithmicBestFitClass.php	vendor	120	third-party	third-party
__construct	Construct	lib/PHPExcel/PHPExcel/Shared/trend/polynomialBestFitClass.php	vendor	224	third-party	third-party
__construct	Construct	lib/PHPExcel/PHPExcel/Shared/trend/powerBestFitClass.php	vendor	142	third-party	third-party
__destruct	Destruct	lib/PHPExcel/PHPExcel/Worksheet.php	vendor	2910	third-party	third-party
getAutoFilter	GetAutoFilter	lib/PHPExcel/PHPExcel/Worksheet/Protection.php	vendor	546	third-party	third-party
getDeleteColumns	GetDeleteColumns	lib/PHPExcel/PHPExcel/Worksheet/Protection.php	vendor	546	third-party	third-party
getDeleteRows	GetDeleteRows	lib/PHPExcel/PHPExcel/Worksheet/Protection.php	vendor	546	third-party	third-party
getFormatCells	GetFormatCells	lib/PHPExcel/PHPExcel/Worksheet/Protection.php	vendor	546	third-party	third-party
getFormatColumns	GetFormatColumns	lib/PHPExcel/PHPExcel/Worksheet/Protection.php	vendor	546	third-party	third-party
getFormatRows	GetFormatRows	lib/PHPExcel/PHPExcel/Worksheet/Protection.php	vendor	546	third-party	third-party
getInsertColumns	GetInsertColumns	lib/PHPExcel/PHPExcel/Worksheet/Protection.php	vendor	546	third-party	third-party
getInsertHyperlinks	GetInsertHyperlinks	lib/PHPExcel/PHPExcel/Worksheet/Protection.php	vendor	546	third-party	third-party
getInsertRows	GetInsertRows	lib/PHPExcel/PHPExcel/Worksheet/Protection.php	vendor	546	third-party	third-party
getObjects	GetObjects	lib/PHPExcel/PHPExcel/Worksheet/Protection.php	vendor	546	third-party	third-party
getPassword	GetPassword	lib/PHPExcel/PHPExcel/Worksheet/Protection.php	vendor	546	third-party	third-party
getPivotTables	GetPivotTables	lib/PHPExcel/PHPExcel/Worksheet/Protection.php	vendor	546	third-party	third-party
getScenarios	GetScenarios	lib/PHPExcel/PHPExcel/Worksheet/Protection.php	vendor	546	third-party	third-party
getSelectLockedCells	GetSelectLockedCells	lib/PHPExcel/PHPExcel/Worksheet/Protection.php	vendor	546	third-party	third-party
getSelectUnlockedCells	GetSelectUnlockedCells	lib/PHPExcel/PHPExcel/Worksheet/Protection.php	vendor	546	third-party	third-party
getSheet	GetSheet	lib/PHPExcel/PHPExcel/Worksheet/Protection.php	vendor	546	third-party	third-party
getSort	GetSort	lib/PHPExcel/PHPExcel/Worksheet/Protection.php	vendor	546	third-party	third-party
isProtectionEnabled	IsProtectionEnabled	lib/PHPExcel/PHPExcel/Worksheet/Protection.php	vendor	546	third-party	third-party
setAutoFilter	SetAutoFilter	lib/PHPExcel/PHPExcel/Worksheet/Protection.php	vendor	546	third-party	third-party
setDeleteColumns	SetDeleteColumns	lib/PHPExcel/PHPExcel/Worksheet/Protection.php	vendor	546	third-party	third-party
setDeleteRows	SetDeleteRows	lib/PHPExcel/PHPExcel/Worksheet/Protection.php	vendor	546	third-party	third-party
setFormatCells	SetFormatCells	lib/PHPExcel/PHPExcel/Worksheet/Protection.php	vendor	546	third-party	third-party
setFormatColumns	SetFormatColumns	lib/PHPExcel/PHPExcel/Worksheet/Protection.php	vendor	546	third-party	third-party
setFormatRows	SetFormatRows	lib/PHPExcel/PHPExcel/Worksheet/Protection.php	vendor	546	third-party	third-party
setInsertColumns	SetInsertColumns	lib/PHPExcel/PHPExcel/Worksheet/Protection.php	vendor	546	third-party	third-party
setInsertHyperlinks	SetInsertHyperlinks	lib/PHPExcel/PHPExcel/Worksheet/Protection.php	vendor	546	third-party	third-party
setInsertRows	SetInsertRows	lib/PHPExcel/PHPExcel/Worksheet/Protection.php	vendor	546	third-party	third-party
setObjects	SetObjects	lib/PHPExcel/PHPExcel/Worksheet/Protection.php	vendor	546	third-party	third-party
setPassword	SetPassword	lib/PHPExcel/PHPExcel/Worksheet/Protection.php	vendor	546	third-party	third-party
setPivotTables	SetPivotTables	lib/PHPExcel/PHPExcel/Worksheet/Protection.php	vendor	546	third-party	third-party
setScenarios	SetScenarios	lib/PHPExcel/PHPExcel/Worksheet/Protection.php	vendor	546	third-party	third-party
setSelectLockedCells	SetSelectLockedCells	lib/PHPExcel/PHPExcel/Worksheet/Protection.php	vendor	546	third-party	third-party
setSelectUnlockedCells	SetSelectUnlockedCells	lib/PHPExcel/PHPExcel/Worksheet/Protection.php	vendor	546	third-party	third-party
setSheet	SetSheet	lib/PHPExcel/PHPExcel/Worksheet/Protection.php	vendor	546	third-party	third-party
setSort	SetSort	lib/PHPExcel/PHPExcel/Worksheet/Protection.php	vendor	546	third-party	third-party
_addContinue	AddContinue	lib/PHPExcel/PHPExcel/Writer/Excel5/BIFFwriter.php	vendor	256	third-party	third-party
_append	Append	lib/PHPExcel/PHPExcel/Writer/Excel5/BIFFwriter.php	vendor	256	third-party	third-party
_storeBof	StoreBof	lib/PHPExcel/PHPExcel/Writer/Excel5/BIFFwriter.php	vendor	256	third-party	third-party
_storeEof	StoreEof	lib/PHPExcel/PHPExcel/Writer/Excel5/BIFFwriter.php	vendor	256	third-party	third-party
_advance	Advance	lib/PHPExcel/PHPExcel/Writer/Excel5/Parser.php	vendor	1583	third-party	third-party
_cellToPackedRowcol	CellToPackedRowcol	lib/PHPExcel/PHPExcel/Writer/Excel5/Parser.php	vendor	1583	third-party	third-party
_cellToRowcol	CellToRowcol	lib/PHPExcel/PHPExcel/Writer/Excel5/Parser.php	vendor	1583	third-party	third-party
_condition	Condition	lib/PHPExcel/PHPExcel/Writer/Excel5/Parser.php	vendor	1583	third-party	third-party
_convert	Convert	lib/PHPExcel/PHPExcel/Writer/Excel5/Parser.php	vendor	1583	third-party	third-party
_convertError	ConvertError	lib/PHPExcel/PHPExcel/Writer/Excel5/Parser.php	vendor	1583	third-party	third-party
_convertFunction	ConvertFunction	lib/PHPExcel/PHPExcel/Writer/Excel5/Parser.php	vendor	1583	third-party	third-party
_convertNumber	ConvertNumber	lib/PHPExcel/PHPExcel/Writer/Excel5/Parser.php	vendor	1583	third-party	third-party
_convertRange2d	ConvertRange2d	lib/PHPExcel/PHPExcel/Writer/Excel5/Parser.php	vendor	1583	third-party	third-party
_convertRange3d	ConvertRange3d	lib/PHPExcel/PHPExcel/Writer/Excel5/Parser.php	vendor	1583	third-party	third-party
_convertRef2d	ConvertRef2d	lib/PHPExcel/PHPExcel/Writer/Excel5/Parser.php	vendor	1583	third-party	third-party
_convertRef3d	ConvertRef3d	lib/PHPExcel/PHPExcel/Writer/Excel5/Parser.php	vendor	1583	third-party	third-party
_convertString	ConvertString	lib/PHPExcel/PHPExcel/Writer/Excel5/Parser.php	vendor	1583	third-party	third-party
_createTree	CreateTree	lib/PHPExcel/PHPExcel/Writer/Excel5/Parser.php	vendor	1583	third-party	third-party
_expression	Expression	lib/PHPExcel/PHPExcel/Writer/Excel5/Parser.php	vendor	1583	third-party	third-party
_fact	Fact	lib/PHPExcel/PHPExcel/Writer/Excel5/Parser.php	vendor	1583	third-party	third-party
_func	Func	lib/PHPExcel/PHPExcel/Writer/Excel5/Parser.php	vendor	1583	third-party	third-party
_getRefIndex	GetRefIndex	lib/PHPExcel/PHPExcel/Writer/Excel5/Parser.php	vendor	1583	third-party	third-party
_getSheetIndex	GetSheetIndex	lib/PHPExcel/PHPExcel/Writer/Excel5/Parser.php	vendor	1583	third-party	third-party
_initializeHashes	InitializeHashes	lib/PHPExcel/PHPExcel/Writer/Excel5/Parser.php	vendor	1583	third-party	third-party
_match	Match	lib/PHPExcel/PHPExcel/Writer/Excel5/Parser.php	vendor	1583	third-party	third-party
_packExtRef	PackExtRef	lib/PHPExcel/PHPExcel/Writer/Excel5/Parser.php	vendor	1583	third-party	third-party
_parenthesizedExpression	ParenthesizedExpression	lib/PHPExcel/PHPExcel/Writer/Excel5/Parser.php	vendor	1583	third-party	third-party
_rangeToPackedRange	RangeToPackedRange	lib/PHPExcel/PHPExcel/Writer/Excel5/Parser.php	vendor	1583	third-party	third-party
_term	Term	lib/PHPExcel/PHPExcel/Writer/Excel5/Parser.php	vendor	1583	third-party	third-party
setExtSheet	SetExtSheet	lib/PHPExcel/PHPExcel/Writer/Excel5/Parser.php	vendor	1583	third-party	third-party
toReversePolish	ToReversePolish	lib/PHPExcel/PHPExcel/Writer/Excel5/Parser.php	vendor	1583	third-party	third-party
_calcSheetOffsets	CalcSheetOffsets	lib/PHPExcel/PHPExcel/Writer/Excel5/Workbook.php	vendor	1451	third-party	third-party
_setPaletteXl97	SetPaletteXl97	lib/PHPExcel/PHPExcel/Writer/Excel5/Workbook.php	vendor	1451	third-party	third-party
_positionImage	PositionImage	lib/PHPExcel/PHPExcel/Writer/Excel5/Worksheet.php	vendor	3681	third-party	third-party
_processBitmap	ProcessBitmap	lib/PHPExcel/PHPExcel/Writer/Excel5/Worksheet.php	vendor	3681	third-party	third-party
_processBitmapGd	ProcessBitmapGd	lib/PHPExcel/PHPExcel/Writer/Excel5/Worksheet.php	vendor	3681	third-party	third-party
_writeBlank	WriteBlank	lib/PHPExcel/PHPExcel/Writer/Excel5/Worksheet.php	vendor	3681	third-party	third-party
_writeUrlExternal	WriteUrlExternal	lib/PHPExcel/PHPExcel/Writer/Excel5/Worksheet.php	vendor	3681	third-party	third-party
_writeUrlInternal	WriteUrlInternal	lib/PHPExcel/PHPExcel/Writer/Excel5/Worksheet.php	vendor	3681	third-party	third-party
_writeUrlRange	WriteUrlRange	lib/PHPExcel/PHPExcel/Writer/Excel5/Worksheet.php	vendor	3681	third-party	third-party
_writeUrlWeb	WriteUrlWeb	lib/PHPExcel/PHPExcel/Writer/Excel5/Worksheet.php	vendor	3681	third-party	third-party
insertBitmap	InsertBitmap	lib/PHPExcel/PHPExcel/Writer/Excel5/Worksheet.php	vendor	3681	third-party	third-party
printRowColHeaders	PrintRowColHeaders	lib/PHPExcel/PHPExcel/Writer/Excel5/Worksheet.php	vendor	3681	third-party	third-party
setOutline	SetOutline	lib/PHPExcel/PHPExcel/Writer/Excel5/Worksheet.php	vendor	3681	third-party	third-party
setBgColor	SetBgColor	lib/PHPExcel/PHPExcel/Writer/Excel5/Xf.php	vendor	548	third-party	third-party
setBottomColor	SetBottomColor	lib/PHPExcel/PHPExcel/Writer/Excel5/Xf.php	vendor	548	third-party	third-party
setDiagColor	SetDiagColor	lib/PHPExcel/PHPExcel/Writer/Excel5/Xf.php	vendor	548	third-party	third-party
setFgColor	SetFgColor	lib/PHPExcel/PHPExcel/Writer/Excel5/Xf.php	vendor	548	third-party	third-party
setLeftColor	SetLeftColor	lib/PHPExcel/PHPExcel/Writer/Excel5/Xf.php	vendor	548	third-party	third-party
setNumberFormatIndex	SetNumberFormatIndex	lib/PHPExcel/PHPExcel/Writer/Excel5/Xf.php	vendor	548	third-party	third-party
setRightColor	SetRightColor	lib/PHPExcel/PHPExcel/Writer/Excel5/Xf.php	vendor	548	third-party	third-party
setTopColor	SetTopColor	lib/PHPExcel/PHPExcel/Writer/Excel5/Xf.php	vendor	548	third-party	third-party
writeXf	WriteXf	lib/PHPExcel/PHPExcel/Writer/Excel5/Xf.php	vendor	548	third-party	third-party
PHPMailerAutoload	PHPMailerAutoload	lib/PHPMailer/PHPMailerAutoload.php	vendor	36	third-party	third-party
HTMLFilter	HTMLFilter	lib/PHPMailer/extras/htmlfilter.php	vendor	875	third-party	third-party
tln_casenormalize	TlnCasenormalize	lib/PHPMailer/extras/htmlfilter.php	vendor	875	third-party	third-party
tln_deent	TlnDeent	lib/PHPMailer/extras/htmlfilter.php	vendor	875	third-party	third-party
tln_defang	TlnDefang	lib/PHPMailer/extras/htmlfilter.php	vendor	875	third-party	third-party
tln_findnxreg	TlnFindnxreg	lib/PHPMailer/extras/htmlfilter.php	vendor	875	third-party	third-party
tln_findnxstr	TlnFindnxstr	lib/PHPMailer/extras/htmlfilter.php	vendor	875	third-party	third-party
tln_fixatts	TlnFixatts	lib/PHPMailer/extras/htmlfilter.php	vendor	875	third-party	third-party
tln_getnxtag	TlnGetnxtag	lib/PHPMailer/extras/htmlfilter.php	vendor	875	third-party	third-party
tln_sanitize	TlnSanitize	lib/PHPMailer/extras/htmlfilter.php	vendor	875	third-party	third-party
tln_skipspace	TlnSkipspace	lib/PHPMailer/extras/htmlfilter.php	vendor	875	third-party	third-party
tln_tagprint	TlnTagprint	lib/PHPMailer/extras/htmlfilter.php	vendor	875	third-party	third-party
tln_unspace	TlnUnspace	lib/PHPMailer/extras/htmlfilter.php	vendor	875	third-party	third-party
callbackAction	CallbackAction	lib/PHPMailer/test/test_callback.php	vendor	82	third-party	third-party
cleanEmails	CleanEmails	lib/PHPMailer/test/test_callback.php	vendor	82	third-party	third-party
PclZip	PclZip	lib/PclZip/pclzip.lib.php	vendor	5695	third-party	third-party
PclZipUtilCopyBlock	PclZipUtilCopyBlock	lib/PclZip/pclzip.lib.php	vendor	5695	third-party	third-party
PclZipUtilOptionText	PclZipUtilOptionText	lib/PclZip/pclzip.lib.php	vendor	5695	third-party	third-party
PclZipUtilPathInclusion	PclZipUtilPathInclusion	lib/PclZip/pclzip.lib.php	vendor	5695	third-party	third-party
PclZipUtilPathReduction	PclZipUtilPathReduction	lib/PclZip/pclzip.lib.php	vendor	5695	third-party	third-party
PclZipUtilRename	PclZipUtilRename	lib/PclZip/pclzip.lib.php	vendor	5695	third-party	third-party
PclZipUtilTranslateWinPath	PclZipUtilTranslateWinPath	lib/PclZip/pclzip.lib.php	vendor	5695	third-party	third-party
deleteByIndex	DeleteByIndex	lib/PclZip/pclzip.lib.php	vendor	5695	third-party	third-party
errorCode	ErrorCode	lib/PclZip/pclzip.lib.php	vendor	5695	third-party	third-party
errorName	ErrorName	lib/PclZip/pclzip.lib.php	vendor	5695	third-party	third-party
extractByIndex	ExtractByIndex	lib/PclZip/pclzip.lib.php	vendor	5695	third-party	third-party
listContent	ListContent	lib/PclZip/pclzip.lib.php	vendor	5695	third-party	third-party
privAdd	PrivAdd	lib/PclZip/pclzip.lib.php	vendor	5695	third-party	third-party
privAddFile	PrivAddFile	lib/PclZip/pclzip.lib.php	vendor	5695	third-party	third-party
privAddFileList	PrivAddFileList	lib/PclZip/pclzip.lib.php	vendor	5695	third-party	third-party
privAddFileUsingTempFile	PrivAddFileUsingTempFile	lib/PclZip/pclzip.lib.php	vendor	5695	third-party	third-party
privAddList	PrivAddList	lib/PclZip/pclzip.lib.php	vendor	5695	third-party	third-party
privCalculateStoredFilename	PrivCalculateStoredFilename	lib/PclZip/pclzip.lib.php	vendor	5695	third-party	third-party
privCheckFileHeaders	PrivCheckFileHeaders	lib/PclZip/pclzip.lib.php	vendor	5695	third-party	third-party
privCheckFormat	PrivCheckFormat	lib/PclZip/pclzip.lib.php	vendor	5695	third-party	third-party
privCloseFd	PrivCloseFd	lib/PclZip/pclzip.lib.php	vendor	5695	third-party	third-party
privConvertHeader2FileInfo	PrivConvertHeader2FileInfo	lib/PclZip/pclzip.lib.php	vendor	5695	third-party	third-party
privCreate	PrivCreate	lib/PclZip/pclzip.lib.php	vendor	5695	third-party	third-party
privDeleteByRule	PrivDeleteByRule	lib/PclZip/pclzip.lib.php	vendor	5695	third-party	third-party
privDirCheck	PrivDirCheck	lib/PclZip/pclzip.lib.php	vendor	5695	third-party	third-party
privDisableMagicQuotes	PrivDisableMagicQuotes	lib/PclZip/pclzip.lib.php	vendor	5695	third-party	third-party
privDuplicate	PrivDuplicate	lib/PclZip/pclzip.lib.php	vendor	5695	third-party	third-party
privErrorLog	PrivErrorLog	lib/PclZip/pclzip.lib.php	vendor	5695	third-party	third-party
privErrorReset	PrivErrorReset	lib/PclZip/pclzip.lib.php	vendor	5695	third-party	third-party
privExtractByRule	PrivExtractByRule	lib/PclZip/pclzip.lib.php	vendor	5695	third-party	third-party
privExtractFile	PrivExtractFile	lib/PclZip/pclzip.lib.php	vendor	5695	third-party	third-party
privExtractFileAsString	PrivExtractFileAsString	lib/PclZip/pclzip.lib.php	vendor	5695	third-party	third-party
privExtractFileInOutput	PrivExtractFileInOutput	lib/PclZip/pclzip.lib.php	vendor	5695	third-party	third-party
privExtractFileUsingTempFile	PrivExtractFileUsingTempFile	lib/PclZip/pclzip.lib.php	vendor	5695	third-party	third-party
privFileDescrExpand	PrivFileDescrExpand	lib/PclZip/pclzip.lib.php	vendor	5695	third-party	third-party
privFileDescrParseAtt	PrivFileDescrParseAtt	lib/PclZip/pclzip.lib.php	vendor	5695	third-party	third-party
privList	PrivList	lib/PclZip/pclzip.lib.php	vendor	5695	third-party	third-party
privMerge	PrivMerge	lib/PclZip/pclzip.lib.php	vendor	5695	third-party	third-party
privOpenFd	PrivOpenFd	lib/PclZip/pclzip.lib.php	vendor	5695	third-party	third-party
privOptionDefaultThreshold	PrivOptionDefaultThreshold	lib/PclZip/pclzip.lib.php	vendor	5695	third-party	third-party
privParseOptions	PrivParseOptions	lib/PclZip/pclzip.lib.php	vendor	5695	third-party	third-party
privReadCentralFileHeader	PrivReadCentralFileHeader	lib/PclZip/pclzip.lib.php	vendor	5695	third-party	third-party
privReadEndCentralDir	PrivReadEndCentralDir	lib/PclZip/pclzip.lib.php	vendor	5695	third-party	third-party
privReadFileHeader	PrivReadFileHeader	lib/PclZip/pclzip.lib.php	vendor	5695	third-party	third-party
privSwapBackMagicQuotes	PrivSwapBackMagicQuotes	lib/PclZip/pclzip.lib.php	vendor	5695	third-party	third-party
privWriteCentralFileHeader	PrivWriteCentralFileHeader	lib/PclZip/pclzip.lib.php	vendor	5695	third-party	third-party
privWriteCentralHeader	PrivWriteCentralHeader	lib/PclZip/pclzip.lib.php	vendor	5695	third-party	third-party
privWriteFileHeader	PrivWriteFileHeader	lib/PclZip/pclzip.lib.php	vendor	5695	third-party	third-party
get_alternative_bread_crumbs	GetAlternativeBreadCrumbs	modules/bread_crumbs/helper.php	php	125	gap	ready
remove_tmp_files	RemoveTmpFiles	modules/debug/interface.php	php	131	ops-script	skip
scan_dir_v2	ScanDirV2	modules/debug/interface.php	php	131	ops-script	skip
epc_menu_filter_storefront_hidden	EpcMenuFilterStorefrontHidden	modules/menu/menu_required.php	php	313	gap	later
epc_menu_item_path_key	EpcMenuItemPathKey	modules/menu/menu_required.php	php	313	gap	later
getHtmlOfMenu	GetHtmlOfMenu	modules/menu/menu_required.php	php	313	gap	later
bookmarksReview	BookmarksReview	modules/shop/bottom_panel/bottom_panel.php	js	654	mentioned	browser-js
compareReview	CompareReview	modules/shop/bottom_panel/bottom_panel.php	js	654	mentioned	browser-js
getBackendGroups	GetBackendGroups	modules/shop/bottom_panel/bottom_panel.php	php	654	mentioned	partial-file
hideAdded_bookmarks	HideAddedBookmarks	modules/shop/bottom_panel/bottom_panel.php	js	654	mentioned	browser-js
hideAdded_compare	HideAddedCompare	modules/shop/bottom_panel/bottom_panel.php	js	654	mentioned	browser-js
showAdded_bookmarks	ShowAddedBookmarks	modules/shop/bottom_panel/bottom_panel.php	js	654	mentioned	browser-js
showAdded_compare	ShowAddedCompare	modules/shop/bottom_panel/bottom_panel.php	js	654	mentioned	browser-js
getHtmlLink	GetHtmlLink	modules/shop/catalogue/dp_menu.php	php	353	gap	later
getHtml_tabs_content	GetHtmlTabsContent	modules/shop/catalogue/dp_menu.php	php	353	gap	later
getHtml_tabs_header	GetHtmlTabsHeader	modules/shop/catalogue/dp_menu.php	php	353	gap	later
get_cnt_links	GetCntLinks	modules/shop/catalogue/dp_menu.php	php	353	gap	later
printCatalogueNode	PrintCatalogueNode	modules/shop/catalogue/printCatalogueNode.php	php	121	gap	ready
getHtmlOfTopMenuCatalogue	GetHtmlOfTopMenuCatalogue	modules/shop/catalogue/top_menu_catalog.php	php	155	gap	ready
epc_geo_render_flat_list	EpcGeoRenderFlatList	modules/shop/geo/point_geo_node.php	php	239	gap	later
openPopupWindow_CityList	OpenPopupWindowCityList	modules/shop/geo/point_geo_node.php	js	239	gap	browser-js
printGeoNodes	PrintGeoNodes	modules/shop/geo/point_geo_node.php	php	239	gap	later
set_my_city	SetMyCity	modules/shop/geo/point_geo_node.php	js	239	gap	browser-js
submit_form	SubmitForm	modules/shop/search_string/search_string.php	js	93	gap	browser-js
getProducts	GetProducts	modules/shop/ucats/accessories/module.php	js	237	gap	browser-js
go_to_page	GoToPage	modules/shop/ucats/accessories/module.php	js	237	gap	browser-js
groupChanged	GroupChanged	modules/shop/ucats/accessories/module.php	js	237	gap	browser-js
showGroupFields	ShowGroupFields	modules/shop/ucats/accessories/module.php	js	237	gap	browser-js
showProducts	ShowProducts	modules/shop/ucats/accessories/module.php	js	237	gap	browser-js
getProducts	GetProducts	modules/shop/ucats/akb/module.php	js	224	gap	browser-js
go_to_page	GoToPage	modules/shop/ucats/akb/module.php	js	224	gap	browser-js
groupChanged	GroupChanged	modules/shop/ucats/akb/module.php	js	224	gap	browser-js
showGroupFields	ShowGroupFields	modules/shop/ucats/akb/module.php	js	224	gap	browser-js
showProducts	ShowProducts	modules/shop/ucats/akb/module.php	js	224	gap	browser-js
getProducts	GetProducts	modules/shop/ucats/avtoximiya/module.php	js	259	gap	browser-js
go_to_page	GoToPage	modules/shop/ucats/avtoximiya/module.php	js	259	gap	browser-js
groupChanged	GroupChanged	modules/shop/ucats/avtoximiya/module.php	js	259	gap	browser-js
showGroupFields	ShowGroupFields	modules/shop/ucats/avtoximiya/module.php	js	259	gap	browser-js
showProducts	ShowProducts	modules/shop/ucats/avtoximiya/module.php	js	259	gap	browser-js
getProducts	GetProducts	modules/shop/ucats/bolty_gayki_prostavki/module.php	js	231	gap	browser-js
go_to_page	GoToPage	modules/shop/ucats/bolty_gayki_prostavki/module.php	js	231	gap	browser-js
groupChanged	GroupChanged	modules/shop/ucats/bolty_gayki_prostavki/module.php	js	231	gap	browser-js
showGroupFields	ShowGroupFields	modules/shop/ucats/bolty_gayki_prostavki/module.php	js	231	gap	browser-js
showProducts	ShowProducts	modules/shop/ucats/bolty_gayki_prostavki/module.php	js	231	gap	browser-js
getProducts	GetProducts	modules/shop/ucats/disky/module.php	js	230	gap	browser-js
go_to_page	GoToPage	modules/shop/ucats/disky/module.php	js	230	gap	browser-js
groupChanged	GroupChanged	modules/shop/ucats/disky/module.php	js	230	gap	browser-js
showGroupFields	ShowGroupFields	modules/shop/ucats/disky/module.php	js	230	gap	browser-js
showProducts	ShowProducts	modules/shop/ucats/disky/module.php	js	230	gap	browser-js
getProducts	GetProducts	modules/shop/ucats/kolpaki/module.php	js	224	gap	browser-js
go_to_page	GoToPage	modules/shop/ucats/kolpaki/module.php	js	224	gap	browser-js
groupChanged	GroupChanged	modules/shop/ucats/kolpaki/module.php	js	224	gap	browser-js
showGroupFields	ShowGroupFields	modules/shop/ucats/kolpaki/module.php	js	224	gap	browser-js
showProducts	ShowProducts	modules/shop/ucats/kolpaki/module.php	js	224	gap	browser-js
getProducts	GetProducts	modules/shop/ucats/shiny/module.php	js	232	gap	browser-js
go_to_page	GoToPage	modules/shop/ucats/shiny/module.php	js	232	gap	browser-js
groupChanged	GroupChanged	modules/shop/ucats/shiny/module.php	js	232	gap	browser-js
showGroupFields	ShowGroupFields	modules/shop/ucats/shiny/module.php	js	232	gap	browser-js
showProducts	ShowProducts	modules/shop/ucats/shiny/module.php	js	232	gap	browser-js
cs_map	CsMap	scripts/gen_free_tools_tables.php	php	156	mentioned	partial-file
cs_str	CsStr	scripts/gen_free_tools_tables.php	php	156	mentioned	partial-file
cs_val	CsVal	scripts/gen_free_tools_tables.php	php	156	mentioned	partial-file
smoke_bash_quote	SmokeBashQuote	scripts/php/_smoke_db_bootstrap.php	php	487	ops-script	skip
smoke_epc_api_clients_ddl	SmokeEpcApiClientsDdl	scripts/php/_smoke_db_bootstrap.php	php	487	ops-script	skip
smoke_load_php_dp_config	SmokeLoadPhpDpConfig	scripts/php/_smoke_db_bootstrap.php	php	487	ops-script	skip
smoke_open_pdo	SmokeOpenPdo	scripts/php/_smoke_db_bootstrap.php	php	487	ops-script	skip
smoke_open_php_sessions_pdo	SmokeOpenPhpSessionsPdo	scripts/php/_smoke_db_bootstrap.php	php	487	ops-script	skip
smoke_parse_dotnet_conn	SmokeParseDotnetConn	scripts/php/_smoke_db_bootstrap.php	php	487	ops-script	skip
smoke_parse_env_file	SmokeParseEnvFile	scripts/php/_smoke_db_bootstrap.php	php	487	ops-script	skip
smoke_pdo_connect	SmokePdoConnect	scripts/php/_smoke_db_bootstrap.php	php	487	ops-script	skip
smoke_print_epc_api_clients_recovery	SmokePrintEpcApiClientsRecovery	scripts/php/_smoke_db_bootstrap.php	php	487	ops-script	skip
smoke_resolve_php_docroot	SmokeResolvePhpDocroot	scripts/php/_smoke_db_bootstrap.php	php	487	ops-script	skip
smoke_sync_admin_session_to_tenant	SmokeSyncAdminSessionToTenant	scripts/php/_smoke_db_bootstrap.php	php	487	ops-script	skip
smoke_tenant_admin_backend_ok	SmokeTenantAdminBackendOk	scripts/php/_smoke_db_bootstrap.php	php	487	ops-script	skip
smoke_try_create_epc_api_clients	SmokeTryCreateEpcApiClients	scripts/php/_smoke_db_bootstrap.php	php	487	ops-script	skip
probe_db	ProbeDb	scripts/php/diagnose_smoke_db.php	php	163	ops-script	skip
ensure_api_clients_table	EnsureApiClientsTable	scripts/php/issue_final_gate_smoke_credentials.php	php	290	ops-script	skip
find_admin_session	FindAdminSession	scripts/php/issue_final_gate_smoke_credentials.php	php	290	ops-script	skip
make_key	MakeKey	scripts/php/issue_final_gate_smoke_credentials.php	php	290	ops-script	skip
query_admin_session	QueryAdminSession	scripts/php/issue_final_gate_smoke_credentials.php	php	290	ops-script	skip
upsert_key	UpsertKey	scripts/php/issue_final_gate_smoke_credentials.php	php	290	ops-script	skip
write_env_keys	WriteEnvKeys	scripts/php/issue_final_gate_smoke_credentials.php	php	290	ops-script	skip
epc_industry_snapshot_render	EpcIndustrySnapshotRender	scripts/render_ecomae_industry_snapshots.php	php	174	mentioned	partial-file
epc_industry_snapshot_subs_from_hub	EpcIndustrySnapshotSubsFromHub	scripts/render_ecomae_industry_snapshots.php	php	174	mentioned	partial-file
epc_snapshot_slug	EpcSnapshotSlug	scripts/render_ecomae_marketing_snapshots.php	php	181	mentioned	partial-file
epc_sitemap_products_add_pair_rows	EpcSitemapProductsAddPairRows	sitemap-products.php	php	213	mentioned	partial-file
update_cnt_not_viewed_msg	UpdateCntNotViewedMsg	templates/expan/desktop.php	js	913	gap	browser-js
update_cnt_not_viewed_msg_returns	UpdateCntNotViewedMsgReturns	templates/expan/desktop.php	js	913	gap	browser-js
update_cnt_not_viewed_msg_vin	UpdateCntNotViewedMsgVin	templates/expan/desktop.php	js	913	gap	browser-js
update_cnt_not_viewed_msg	UpdateCntNotViewedMsg	templates/limo/desktop.php	js	864	gap	browser-js
update_cnt_not_viewed_msg_returns	UpdateCntNotViewedMsgReturns	templates/limo/desktop.php	js	864	gap	browser-js
update_cnt_not_viewed_msg_vin	UpdateCntNotViewedMsgVin	templates/limo/desktop.php	js	864	gap	browser-js
hexToRgb	HexToRgb	templates/modex/assets/css/generate_style/generate_style.php	php	185	mentioned	partial-file
rgbToHex	RgbToHex	templates/modex/assets/css/generate_style/generate_style.php	php	185	mentioned	partial-file
show_hide_left_coll	ShowHideLeftColl	templates/modex/desktop.php	js	912	gap	browser-js
update_cnt_not_viewed_msg	UpdateCntNotViewedMsg	templates/modex/desktop.php	js	912	gap	browser-js
update_cnt_not_viewed_msg_returns	UpdateCntNotViewedMsgReturns	templates/modex/desktop.php	js	912	gap	browser-js
update_cnt_not_viewed_msg_vin	UpdateCntNotViewedMsgVin	templates/modex/desktop.php	js	912	gap	browser-js
hexToRgb	HexToRgb	templates/nero/assets/css/generate_style/generate_style.php	php	211	mentioned	partial-file
rgbToHex	RgbToHex	templates/nero/assets/css/generate_style/generate_style.php	php	211	mentioned	partial-file
epcApplyDisplayCurrency	EpcApplyDisplayCurrency	templates/nero/desktop.php	js	1960	mentioned	browser-js
epcCurrencyIndicator	EpcCurrencyIndicator	templates/nero/desktop.php	js	1960	mentioned	browser-js
epcDetectCurrencyByCountry	EpcDetectCurrencyByCountry	templates/nero/desktop.php	js	1960	mentioned	browser-js
epcFooterShowLocation	EpcFooterShowLocation	templates/nero/desktop.php	js	1960	mentioned	browser-js
epcFormatMoney	EpcFormatMoney	templates/nero/desktop.php	js	1960	mentioned	browser-js
epcGetCurrencyRecord	EpcGetCurrencyRecord	templates/nero/desktop.php	js	1960	mentioned	browser-js
epcRefreshStorefrontMoneyUI	EpcRefreshStorefrontMoneyUI	templates/nero/desktop.php	js	1960	mentioned	browser-js
epcSetCookie	EpcSetCookie	templates/nero/desktop.php	js	1960	mentioned	browser-js
epcSetDisplayCurrency	EpcSetDisplayCurrency	templates/nero/desktop.php	js	1960	mentioned	browser-js
epcUnlockStorefrontScroll	EpcUnlockStorefrontScroll	templates/nero/desktop.php	js	1960	mentioned	browser-js
show_hide_left_coll	ShowHideLeftColl	templates/nero/desktop.php	js	1960	mentioned	browser-js
update_cnt_not_viewed_msg	UpdateCntNotViewedMsg	templates/nero/desktop.php	js	1960	mentioned	browser-js
update_cnt_not_viewed_msg_returns	UpdateCntNotViewedMsgReturns	templates/nero/desktop.php	js	1960	mentioned	browser-js
update_cnt_not_viewed_msg_vin	UpdateCntNotViewedMsgVin	templates/nero/desktop.php	js	1960	mentioned	browser-js
